vehicle_slug,vehicle_name,wiki_arcade_br,wiki_realistic_br,wiki_simulator_br,wiki_is_premium,wiki_url,checked_at,notes
cn_al_khalid_1,Al-Khalid-I,,11.7,,True,https://wiki.warthunder.com/unit/cn_al_khalid_1,2026-09-27T16:00:36.306338+00:00,Official War Thunder Wiki RB BR
cn_antelope_tc_1l_ads,Antelope,,10.0,,False,https://wiki.warthunder.com/unit/cn_antelope_tc_1l_ads,2026-09-27T16:00:38.002755+00:00,Official War Thunder Wiki RB BR
cn_cm11,CM11,,9.3,,False,https://wiki.warthunder.com/unit/cn_cm11,2026-09-27T16:00:39.965131+00:00,Official War Thunder Wiki RB BR
cn_cm_25,CM25,,8.7,,False,https://wiki.warthunder.com/unit/cn_cm_25,2026-09-27T16:00:42.063552+00:00,Official War Thunder Wiki RB BR
cn_cm_34,CM34,,9.3,,False,https://wiki.warthunder.com/unit/cn_cm_34,2026-09-27T16:00:44.306150+00:00,Official War Thunder Wiki RB BR
cn_fk_2000,FK-2000,,12.0,,False,https://wiki.warthunder.com/unit/cn_fk_2000,2026-09-27T16:00:46.071744+00:00,Official War Thunder Wiki RB BR
cn_gmc_cckw_353_m45_quad,CCKW 353 (M45),,2.3,,False,https://wiki.warthunder.com/unit/cn_gmc_cckw_353_m45_quad,2026-09-27T16:00:48.241666+00:00,Official War Thunder Wiki RB BR
cn_hj_9,AFT09,,9.0,,False,https://wiki.warthunder.com/unit/cn_hj_9,2026-09-27T16:00:50.037629+00:00,Official War Thunder Wiki RB BR
cn_hq_11,HQ11,,12.7,,False,https://wiki.warthunder.com/unit/cn_hq_11,2026-09-27T16:00:52.557457+00:00,Official War Thunder Wiki RB BR
cn_hq_17,HQ17,,11.7,,False,https://wiki.warthunder.com/unit/cn_hq_17,2026-09-27T16:00:55.019194+00:00,Official War Thunder Wiki RB BR
cn_is_2_1943,␗IS-2,,6.0,,False,https://wiki.warthunder.com/unit/cn_is_2_1943,2026-09-27T16:00:57.096172+00:00,Official War Thunder Wiki RB BR
cn_is_2_1943_no402,IS-2 No.402,,6.0,,True,https://wiki.warthunder.com/unit/cn_is_2_1943_no402,2026-09-27T16:00:59.077522+00:00,Official War Thunder Wiki RB BR
cn_is_2_1944,␗IS-2 (1944),,6.3,,False,https://wiki.warthunder.com/unit/cn_is_2_1944,2026-09-27T16:01:01.042956+00:00,Official War Thunder Wiki RB BR
cn_isu_122,␗ISU-122,,5.3,,False,https://wiki.warthunder.com/unit/cn_isu_122,2026-09-27T16:01:02.882781+00:00,Official War Thunder Wiki RB BR
cn_isu_152,␗ISU-152,,4.7,,False,https://wiki.warthunder.com/unit/cn_isu_152,2026-09-27T16:01:05.122078+00:00,Official War Thunder Wiki RB BR
cn_lvt_4_zis_2,LVT(A)(4) (ZiS-2),,2.3,,False,https://wiki.warthunder.com/unit/cn_lvt_4_zis_2,2026-09-27T16:01:07.609326+00:00,Official War Thunder Wiki RB BR
cn_m10,␗M10 GMC,,3.3,,False,https://wiki.warthunder.com/unit/cn_m10,2026-09-27T16:01:09.728442+00:00,Official War Thunder Wiki RB BR
cn_m113a1_tow,␗M113A1 (TOW),,8.3,,False,https://wiki.warthunder.com/unit/cn_m113a1_tow,2026-09-27T16:01:12.367665+00:00,Official War Thunder Wiki RB BR
cn_m18_hellcat,␗M18 GMC,,6.0,,False,https://wiki.warthunder.com/unit/cn_m18_hellcat,2026-09-27T16:01:14.571822+00:00,Official War Thunder Wiki RB BR
cn_m1a2t,M1A2T,,12.7,,False,https://wiki.warthunder.com/unit/cn_m1a2t,2026-09-27T16:01:16.603141+00:00,Official War Thunder Wiki RB BR
cn_m24_chaffee,␗M24,,4.0,,False,https://wiki.warthunder.com/unit/cn_m24_chaffee,2026-09-27T16:01:18.866543+00:00,Official War Thunder Wiki RB BR
cn_m36,␗M36 GMC,,5.3,,False,https://wiki.warthunder.com/unit/cn_m36,2026-09-27T16:01:21.144273+00:00,Official War Thunder Wiki RB BR
cn_m3a3_stuart,␗M3A3 Stuart,,2.7,,False,https://wiki.warthunder.com/unit/cn_m3a3_stuart,2026-09-27T16:01:23.639906+00:00,Official War Thunder Wiki RB BR
cn_m3a3_stuart_1st_ptg,␗M3A3 (1st PTG),,2.7,,True,https://wiki.warthunder.com/unit/cn_m3a3_stuart_1st_ptg,2026-09-27T16:01:25.980734+00:00,Official War Thunder Wiki RB BR
cn_m41_a3_walker_bulldog,␗M41A3,,5.7,,True,https://wiki.warthunder.com/unit/cn_m41_a3_walker_bulldog,2026-09-27T16:01:27.627862+00:00,Official War Thunder Wiki RB BR
cn_m42_duster,␗M42,,4.0,,False,https://wiki.warthunder.com/unit/cn_m42_duster,2026-09-27T16:01:29.287072+00:00,Official War Thunder Wiki RB BR
cn_m48a1_patton_III,␗M48A1,,7.7,,False,https://wiki.warthunder.com/unit/cn_m48a1_patton_III,2026-09-27T16:01:31.532945+00:00,Official War Thunder Wiki RB BR
cn_m4a1_76w_sherman,␗M4A1 (75) W,,4.0,,False,https://wiki.warthunder.com/unit/cn_m4a1_76w_sherman,2026-09-27T16:01:33.582958+00:00,Official War Thunder Wiki RB BR
cn_m4a4_sherman,␗M4A4,,3.7,,False,https://wiki.warthunder.com/unit/cn_m4a4_sherman,2026-09-27T16:01:35.304480+00:00,Official War Thunder Wiki RB BR
cn_m4a4_sherman_1st_ptg,␗M4A4 (1st PTG),,3.7,,True,https://wiki.warthunder.com/unit/cn_m4a4_sherman_1st_ptg,2026-09-27T16:01:37.413585+00:00,Official War Thunder Wiki RB BR
cn_m55,␗M55,,3.7,,False,https://wiki.warthunder.com/unit/cn_m55,2026-09-27T16:01:39.421747+00:00,Official War Thunder Wiki RB BR
cn_m5a1_stuart,␗M5A1,,2.7,,False,https://wiki.warthunder.com/unit/cn_m5a1_stuart,2026-09-27T16:01:41.374269+00:00,Official War Thunder Wiki RB BR
cn_m60a3_tts,␗M60A3 TTS,,9.0,,False,https://wiki.warthunder.com/unit/cn_m60a3_tts,2026-09-27T16:01:43.539133+00:00,Official War Thunder Wiki RB BR
cn_m8_greyhound,␗M8 LAC,,1.0,,False,https://wiki.warthunder.com/unit/cn_m8_greyhound,2026-09-27T16:01:45.330050+00:00,Official War Thunder Wiki RB BR
cn_m8_scott,␗M8 HMC,,1.3,,False,https://wiki.warthunder.com/unit/cn_m8_scott,2026-09-27T16:01:47.116569+00:00,Official War Thunder Wiki RB BR
cn_m_41d,M41D,,8.3,,False,https://wiki.warthunder.com/unit/cn_m_41d,2026-09-27T16:01:48.973886+00:00,Official War Thunder Wiki RB BR
cn_mbt2000,MBT-2000,,11.7,,False,https://wiki.warthunder.com/unit/cn_mbt2000,2026-09-27T16:01:50.906574+00:00,Official War Thunder Wiki RB BR
cn_mbt2000_sm,◍MBT-2000,,11.7,,True,https://wiki.warthunder.com/unit/cn_mbt2000_sm,2026-09-27T16:01:53.203698+00:00,Official War Thunder Wiki RB BR
cn_object_122tm,"Object 122MT ""MC""",,8.7,,False,https://wiki.warthunder.com/unit/cn_object_122tm,2026-09-27T16:01:55.202518+00:00,Official War Thunder Wiki RB BR
cn_object_211,Object 211,,5.0,,False,https://wiki.warthunder.com/unit/cn_object_211,2026-09-27T16:01:57.608424+00:00,Official War Thunder Wiki RB BR
cn_oplot_t,Oplot-M,,12.3,,False,https://wiki.warthunder.com/unit/cn_oplot_t,2026-09-27T16:01:59.835842+00:00,Official War Thunder Wiki RB BR
cn_pgz_04a,PGZ04A,,9.3,,False,https://wiki.warthunder.com/unit/cn_pgz_04a,2026-09-27T16:02:01.840952+00:00,Official War Thunder Wiki RB BR
cn_pgz_09,PGZ09,,9.3,,False,https://wiki.warthunder.com/unit/cn_pgz_09,2026-09-27T16:02:04.011472+00:00,Official War Thunder Wiki RB BR
cn_pgz_625_fb10,CS/SA5,,12.0,,False,https://wiki.warthunder.com/unit/cn_pgz_625_fb10,2026-09-27T16:02:06.697091+00:00,Official War Thunder Wiki RB BR
cn_pgz_88,PGZ88,,8.0,,False,https://wiki.warthunder.com/unit/cn_pgz_88,2026-09-27T16:02:09.082831+00:00,Official War Thunder Wiki RB BR
cn_plz_05,PLZ05,,7.7,,False,https://wiki.warthunder.com/unit/cn_plz_05,2026-09-27T16:02:11.543238+00:00,Official War Thunder Wiki RB BR
cn_plz_83,PLZ83,,6.0,,False,https://wiki.warthunder.com/unit/cn_plz_83,2026-09-27T16:02:13.671336+00:00,Official War Thunder Wiki RB BR
cn_plz_83_130,PLZ83-130,,7.3,,False,https://wiki.warthunder.com/unit/cn_plz_83_130,2026-09-27T16:02:15.857784+00:00,Official War Thunder Wiki RB BR
cn_pt_76,␗PT-76,,5.0,,False,https://wiki.warthunder.com/unit/cn_pt_76,2026-09-27T16:02:17.926771+00:00,Official War Thunder Wiki RB BR
cn_ptl_02,PTL02,,9.0,,False,https://wiki.warthunder.com/unit/cn_ptl_02,2026-09-27T16:02:20.017702+00:00,Official War Thunder Wiki RB BR
cn_ptz_89,PTZ89,,9.0,,False,https://wiki.warthunder.com/unit/cn_ptz_89,2026-09-27T16:02:22.465527+00:00,Official War Thunder Wiki RB BR
cn_qn506,QN506,,10.0,,False,https://wiki.warthunder.com/unit/cn_qn506,2026-09-27T16:02:24.526692+00:00,Official War Thunder Wiki RB BR
cn_sdkfz_222_early,␗Sd.Kfz.222,,1.3,,False,https://wiki.warthunder.com/unit/cn_sdkfz_222_early,2026-09-27T16:02:26.778814+00:00,Official War Thunder Wiki RB BR
cn_su_100_1945,␗SU-100,,6.0,,False,https://wiki.warthunder.com/unit/cn_su_100_1945,2026-09-27T16:02:29.151593+00:00,Official War Thunder Wiki RB BR
cn_su_76m_1943,␗SU-76M,,2.0,,False,https://wiki.warthunder.com/unit/cn_su_76m_1943,2026-09-27T16:02:31.009812+00:00,Official War Thunder Wiki RB BR
cn_t_26_1940,␗T-26,,1.0,,False,https://wiki.warthunder.com/unit/cn_t_26_1940,2026-09-27T16:02:32.754224+00:00,Official War Thunder Wiki RB BR
cn_t_26_no531,T-26 No.531,,1.0,,True,https://wiki.warthunder.com/unit/cn_t_26_no531,2026-09-27T16:02:34.701068+00:00,Official War Thunder Wiki RB BR
cn_t_34_1942,␗T-34 (1943),,4.0,,False,https://wiki.warthunder.com/unit/cn_t_34_1942,2026-09-27T16:02:37.101871+00:00,Official War Thunder Wiki RB BR
cn_t_34_85_d_5t,␗Т-34-85 (S-53),,5.7,,False,https://wiki.warthunder.com/unit/cn_t_34_85_d_5t,2026-09-27T16:02:39.441652+00:00,Official War Thunder Wiki RB BR
cn_t_34_85_zis_53_no215,T-34-85 No.215,,5.7,,True,https://wiki.warthunder.com/unit/cn_t_34_85_zis_53_no215,2026-09-27T16:02:41.215360+00:00,Official War Thunder Wiki RB BR
cn_t_62,Т-62 №545,,8.7,,True,https://wiki.warthunder.com/unit/cn_t_62,2026-09-27T16:02:43.130687+00:00,Official War Thunder Wiki RB BR
cn_t_80ud_478be,T-80UD/BE,,11.0,,False,https://wiki.warthunder.com/unit/cn_t_80ud_478be,2026-09-27T16:02:44.946001+00:00,Official War Thunder Wiki RB BR
cn_tor_m1,Tor-M1,,11.3,,False,https://wiki.warthunder.com/unit/cn_tor_m1,2026-09-27T16:02:47.431207+00:00,Official War Thunder Wiki RB BR
cn_type_58,Т-34-85 Gai,,5.7,,False,https://wiki.warthunder.com/unit/cn_type_58,2026-09-27T16:02:49.134818+00:00,Official War Thunder Wiki RB BR
cn_type_59,Type 59,,8.0,,False,https://wiki.warthunder.com/unit/cn_type_59,2026-09-27T16:02:51.751592+00:00,Official War Thunder Wiki RB BR
cn_type_59d,ZTZ59D1,,8.3,,False,https://wiki.warthunder.com/unit/cn_type_59d,2026-09-27T16:02:53.122305+00:00,Official War Thunder Wiki RB BR
cn_type_62,Type 62,,6.7,,False,https://wiki.warthunder.com/unit/cn_type_62,2026-09-27T16:02:55.411425+00:00,Official War Thunder Wiki RB BR
cn_type_63_I,Type 63-I,,6.3,,False,https://wiki.warthunder.com/unit/cn_type_63_I,2026-09-27T16:02:57.414842+00:00,Official War Thunder Wiki RB BR
cn_type_64,M64,,6.0,,True,https://wiki.warthunder.com/unit/cn_type_64,2026-09-27T16:02:59.860707+00:00,Official War Thunder Wiki RB BR
cn_type_65_aa,Phòng không T-34,,5.0,,False,https://wiki.warthunder.com/unit/cn_type_65_aa,2026-09-27T16:03:01.621558+00:00,Official War Thunder Wiki RB BR
cn_type_69,Type 69,,8.0,,False,https://wiki.warthunder.com/unit/cn_type_69,2026-09-27T16:03:03.435816+00:00,Official War Thunder Wiki RB BR
cn_type_69_2a,Type 69-IIa,,8.3,,True,https://wiki.warthunder.com/unit/cn_type_69_2a,2026-09-27T16:03:05.443585+00:00,Official War Thunder Wiki RB BR
cn_type_69_2g,T-69 II G,,9.0,,True,https://wiki.warthunder.com/unit/cn_type_69_2g,2026-09-27T16:03:07.079133+00:00,Official War Thunder Wiki RB BR
cn_type_86,ZBD86,,8.0,,False,https://wiki.warthunder.com/unit/cn_type_86,2026-09-27T16:03:09.488103+00:00,Official War Thunder Wiki RB BR
cn_type_97_chi_ha,␗Chi-Ha,,1.3,,False,https://wiki.warthunder.com/unit/cn_type_97_chi_ha,2026-09-27T16:03:11.674707+00:00,Official War Thunder Wiki RB BR
cn_type_97_kai,␗Chi-Ha Kai,,2.3,,False,https://wiki.warthunder.com/unit/cn_type_97_kai,2026-09-27T16:03:13.915237+00:00,Official War Thunder Wiki RB BR
cn_vt_4,VT4,,12.3,,False,https://wiki.warthunder.com/unit/cn_vt_4,2026-09-27T16:03:15.967021+00:00,Official War Thunder Wiki RB BR
cn_vt_4b,VT4A1,,12.7,,False,https://wiki.warthunder.com/unit/cn_vt_4b,2026-09-27T16:03:17.828635+00:00,Official War Thunder Wiki RB BR
cn_vt_5,VT5,,11.7,,False,https://wiki.warthunder.com/unit/cn_vt_5,2026-09-27T16:03:19.873497+00:00,Official War Thunder Wiki RB BR
cn_wma_301,WMA301,,9.0,,True,https://wiki.warthunder.com/unit/cn_wma_301,2026-09-27T16:03:21.837309+00:00,Official War Thunder Wiki RB BR
cn_wz_1001,WZ1001(E) LCT,,12.3,,False,https://wiki.warthunder.com/unit/cn_wz_1001,2026-09-27T16:03:23.853114+00:00,Official War Thunder Wiki RB BR
cn_wz_141,WZ141-1,,6.7,,True,https://wiki.warthunder.com/unit/cn_wz_141,2026-09-27T16:03:26.373576+00:00,Official War Thunder Wiki RB BR
cn_wz_305,WZ305,,8.0,,False,https://wiki.warthunder.com/unit/cn_wz_305,2026-09-27T16:03:28.394600+00:00,Official War Thunder Wiki RB BR
cn_zbd_04a,ZBD04A,,10.0,,False,https://wiki.warthunder.com/unit/cn_zbd_04a,2026-09-27T16:03:30.349426+00:00,Official War Thunder Wiki RB BR
cn_zsd63_pg87,ZSD63/PG87,,5.7,,False,https://wiki.warthunder.com/unit/cn_zsd63_pg87,2026-09-27T16:03:32.081148+00:00,Official War Thunder Wiki RB BR
cn_zsl_92,ZSL92,,6.3,,False,https://wiki.warthunder.com/unit/cn_zsl_92,2026-09-27T16:03:33.826538+00:00,Official War Thunder Wiki RB BR
cn_ztl_11,ZLT11,,9.7,,False,https://wiki.warthunder.com/unit/cn_ztl_11,2026-09-27T16:03:35.847642+00:00,Official War Thunder Wiki RB BR
cn_zts_63_1980,ZTS63,,7.7,,False,https://wiki.warthunder.com/unit/cn_zts_63_1980,2026-09-27T16:03:38.076125+00:00,Official War Thunder Wiki RB BR
cn_ztz_59a,ZTZ59A,,8.0,,True,https://wiki.warthunder.com/unit/cn_ztz_59a,2026-09-27T16:03:40.439719+00:00,Official War Thunder Wiki RB BR
cn_ztz_88a,ZTZ88A,,9.0,,False,https://wiki.warthunder.com/unit/cn_ztz_88a,2026-09-27T16:03:42.815110+00:00,Official War Thunder Wiki RB BR
cn_ztz_88b,ZTZ88B,,9.0,,False,https://wiki.warthunder.com/unit/cn_ztz_88b,2026-09-27T16:03:44.549447+00:00,Official War Thunder Wiki RB BR
cn_ztz_96,ZTZ96,,9.3,,False,https://wiki.warthunder.com/unit/cn_ztz_96,2026-09-27T16:03:46.489224+00:00,Official War Thunder Wiki RB BR
cn_ztz_96a,ZTZ96A,,10.3,,False,https://wiki.warthunder.com/unit/cn_ztz_96a,2026-09-27T16:03:48.710820+00:00,Official War Thunder Wiki RB BR
cn_ztz_96a_prot,ZTZ96A (P),,10.3,,True,https://wiki.warthunder.com/unit/cn_ztz_96a_prot,2026-09-27T16:03:50.908455+00:00,Official War Thunder Wiki RB BR
cn_ztz_96b,ZTZ96B,,11.7,,True,https://wiki.warthunder.com/unit/cn_ztz_96b,2026-09-27T16:03:52.613468+00:00,Official War Thunder Wiki RB BR
cn_ztz_99,ZTZ99-II,,11.0,,False,https://wiki.warthunder.com/unit/cn_ztz_99,2026-09-27T16:03:55.023191+00:00,Official War Thunder Wiki RB BR
cn_ztz_99_w,ZTZ99-III,,11.0,,False,https://wiki.warthunder.com/unit/cn_ztz_99_w,2026-09-27T16:03:57.493898+00:00,Official War Thunder Wiki RB BR
cn_ztz_99a,ZTZ99A,,12.3,,False,https://wiki.warthunder.com/unit/cn_ztz_99a,2026-09-27T16:03:59.479418+00:00,Official War Thunder Wiki RB BR
fr_amc_34,AMC.34 YR,,1.0,,False,https://wiki.warthunder.com/unit/fr_amc_34,2026-09-27T16:04:01.887523+00:00,Official War Thunder Wiki RB BR
fr_amc_35,AMC.35 (ACG.1),,1.3,,False,https://wiki.warthunder.com/unit/fr_amc_35,2026-09-27T16:04:04.151081+00:00,Official War Thunder Wiki RB BR
fr_amd_35,AMD.35,,1.0,,False,https://wiki.warthunder.com/unit/fr_amd_35,2026-09-27T16:04:06.579696+00:00,Official War Thunder Wiki RB BR
fr_amd_35_kwk39,AMD.35 (PaK),,2.7,,False,https://wiki.warthunder.com/unit/fr_amd_35_kwk39,2026-09-27T16:04:07.950677+00:00,Official War Thunder Wiki RB BR
fr_amd_35_sa35,AMD.35 (SA35),,1.7,,True,https://wiki.warthunder.com/unit/fr_amd_35_sa35,2026-09-27T16:04:09.587329+00:00,Official War Thunder Wiki RB BR
fr_aml_90,AML-90,,7.7,,False,https://wiki.warthunder.com/unit/fr_aml_90,2026-09-27T16:04:11.499125+00:00,Official War Thunder Wiki RB BR
fr_amr_35_zt3,AMR.35 ZT3,,1.0,,False,https://wiki.warthunder.com/unit/fr_amr_35_zt3,2026-09-27T16:04:13.372222+00:00,Official War Thunder Wiki RB BR
fr_amx_10m_acra,AMX-10M,,7.3,,False,https://wiki.warthunder.com/unit/fr_amx_10m_acra,2026-09-27T16:04:14.944884+00:00,Official War Thunder Wiki RB BR
fr_amx_10p,AMX-10P,,6.3,,False,https://wiki.warthunder.com/unit/fr_amx_10p,2026-09-27T16:04:16.619815+00:00,Official War Thunder Wiki RB BR
fr_amx_10rc,AMX-10RC,,8.3,,False,https://wiki.warthunder.com/unit/fr_amx_10rc,2026-09-27T16:04:18.433543+00:00,Official War Thunder Wiki RB BR
fr_amx_13_75,AMX-13,,7.0,,False,https://wiki.warthunder.com/unit/fr_amx_13_75,2026-09-27T16:04:20.809040+00:00,Official War Thunder Wiki RB BR
fr_amx_13_75_ss11,AMX-13 (SS.11),,7.0,,True,https://wiki.warthunder.com/unit/fr_amx_13_75_ss11,2026-09-27T16:04:22.396889+00:00,Official War Thunder Wiki RB BR
fr_amx_13_90,AMX-13-90,,7.7,,False,https://wiki.warthunder.com/unit/fr_amx_13_90,2026-09-27T16:04:24.059553+00:00,Official War Thunder Wiki RB BR
fr_amx_13_chaffee,AMX-13-M24,,4.0,,True,https://wiki.warthunder.com/unit/fr_amx_13_chaffee,2026-09-27T16:04:25.755614+00:00,Official War Thunder Wiki RB BR
fr_amx_13_dca_40,AMX-13 DCA 40,,5.0,,False,https://wiki.warthunder.com/unit/fr_amx_13_dca_40,2026-09-27T16:04:28.131626+00:00,Official War Thunder Wiki RB BR
fr_amx_13_fl_11,AMX-13 (FL11),,4.3,,False,https://wiki.warthunder.com/unit/fr_amx_13_fl_11,2026-09-27T16:04:29.881921+00:00,Official War Thunder Wiki RB BR
fr_amx_13_hot,AMX-13 (HOT),,8.3,,False,https://wiki.warthunder.com/unit/fr_amx_13_hot,2026-09-27T16:04:32.269738+00:00,Official War Thunder Wiki RB BR
fr_amx_30,AMX-30,,8.0,,True,https://wiki.warthunder.com/unit/fr_amx_30,2026-09-27T16:04:34.377874+00:00,Official War Thunder Wiki RB BR
fr_amx_30_1972,AMX-30 (1972),,8.0,,False,https://wiki.warthunder.com/unit/fr_amx_30_1972,2026-09-27T16:04:36.562138+00:00,Official War Thunder Wiki RB BR
fr_amx_30_ACRA,AMX-30 ACRA,,8.3,,False,https://wiki.warthunder.com/unit/fr_amx_30_ACRA,2026-09-27T16:04:38.596174+00:00,Official War Thunder Wiki RB BR
fr_amx_30_auf_1,AuF1,,6.7,,False,https://wiki.warthunder.com/unit/fr_amx_30_auf_1,2026-09-27T16:04:40.342779+00:00,Official War Thunder Wiki RB BR
fr_amx_30_b2,AMX-30B2,,8.7,,False,https://wiki.warthunder.com/unit/fr_amx_30_b2,2026-09-27T16:04:42.248206+00:00,Official War Thunder Wiki RB BR
fr_amx_30_b2_brenus,AMX-30B2 BRENUS,,8.7,,False,https://wiki.warthunder.com/unit/fr_amx_30_b2_brenus,2026-09-27T16:04:44.324513+00:00,Official War Thunder Wiki RB BR
fr_amx_30_dca,AMX-30 DCA,,8.7,,False,https://wiki.warthunder.com/unit/fr_amx_30_dca,2026-09-27T16:04:46.918132+00:00,Official War Thunder Wiki RB BR
fr_amx_30_roland,Roland 1,,9.7,,False,https://wiki.warthunder.com/unit/fr_amx_30_roland,2026-09-27T16:04:49.000137+00:00,Official War Thunder Wiki RB BR
fr_amx_30_super,AMX-30 Super,,9.3,,True,https://wiki.warthunder.com/unit/fr_amx_30_super,2026-09-27T16:04:51.065062+00:00,Official War Thunder Wiki RB BR
fr_amx_32,AMX-32,,9.7,,False,https://wiki.warthunder.com/unit/fr_amx_32,2026-09-27T16:04:53.051194+00:00,Official War Thunder Wiki RB BR
fr_amx_32_105,AMX-32 (105),,9.3,,False,https://wiki.warthunder.com/unit/fr_amx_32_105,2026-09-27T16:04:55.333328+00:00,Official War Thunder Wiki RB BR
fr_amx_40,AMX-40,,10.0,,False,https://wiki.warthunder.com/unit/fr_amx_40,2026-09-27T16:04:57.188239+00:00,Official War Thunder Wiki RB BR
fr_amx_50,AMX-50 (TOA100),,7.7,,False,https://wiki.warthunder.com/unit/fr_amx_50,2026-09-27T16:04:59.111182+00:00,Official War Thunder Wiki RB BR
fr_amx_50_1950,AMX-50 (TO90/930),,8.0,,True,https://wiki.warthunder.com/unit/fr_amx_50_1950,2026-09-27T16:05:01.402845+00:00,Official War Thunder Wiki RB BR
fr_amx_50_foch,AMX-50 Foch,,7.3,,False,https://wiki.warthunder.com/unit/fr_amx_50_foch,2026-09-27T16:05:03.367792+00:00,Official War Thunder Wiki RB BR
fr_amx_50_surbaisse,AMX-50 Surbaissé,,7.7,,False,https://wiki.warthunder.com/unit/fr_amx_50_surbaisse,2026-09-27T16:05:04.742374+00:00,Official War Thunder Wiki RB BR
fr_amx_50_surblinde,AMX-50 Surblindé,,7.7,,False,https://wiki.warthunder.com/unit/fr_amx_50_surblinde,2026-09-27T16:05:06.466053+00:00,Official War Thunder Wiki RB BR
fr_amx_elc_901,ELC 901,,6.3,,True,https://wiki.warthunder.com/unit/fr_amx_elc_901,2026-09-27T16:05:08.735826+00:00,Official War Thunder Wiki RB BR
fr_amx_elc_bis,ELC bis,,6.3,,False,https://wiki.warthunder.com/unit/fr_amx_elc_bis,2026-09-27T16:05:10.609200+00:00,Official War Thunder Wiki RB BR
fr_amx_m4,AMX M4,,7.0,,False,https://wiki.warthunder.com/unit/fr_amx_m4,2026-09-27T16:05:12.731467+00:00,Official War Thunder Wiki RB BR
fr_amx_vtt_dca,VTT DCA,,3.0,,False,https://wiki.warthunder.com/unit/fr_amx_vtt_dca,2026-09-27T16:05:14.955099+00:00,Official War Thunder Wiki RB BR
fr_arl_44,ARL-44,,5.3,,False,https://wiki.warthunder.com/unit/fr_arl_44,2026-09-27T16:05:16.603965+00:00,Official War Thunder Wiki RB BR
fr_arl_44_acl1,ARL-44 (ACL-1),,3.7,,False,https://wiki.warthunder.com/unit/fr_arl_44_acl1,2026-09-27T16:05:18.851524+00:00,Official War Thunder Wiki RB BR
fr_arl_44_mod,ARL-44 Bayard,,5.3,,True,https://wiki.warthunder.com/unit/fr_arl_44_mod,2026-09-27T16:05:20.905205+00:00,Official War Thunder Wiki RB BR
fr_b1_bis,B1 bis,,2.3,,False,https://wiki.warthunder.com/unit/fr_b1_bis,2026-09-27T16:05:22.806501+00:00,Official War Thunder Wiki RB BR
fr_b1_ter,B1 ter,,2.7,,True,https://wiki.warthunder.com/unit/fr_b1_ter,2026-09-27T16:05:24.762621+00:00,Official War Thunder Wiki RB BR
fr_bat_chat_25t,Char 25t,,8.0,,False,https://wiki.warthunder.com/unit/fr_bat_chat_25t,2026-09-27T16:05:26.370838+00:00,Official War Thunder Wiki RB BR
fr_cckw_353_bofors,CCKW 353 AA,,2.3,,False,https://wiki.warthunder.com/unit/fr_cckw_353_bofors,2026-09-27T16:05:27.842771+00:00,Official War Thunder Wiki RB BR
fr_char_2c,2C,,2.3,,False,https://wiki.warthunder.com/unit/fr_char_2c,2026-09-27T16:05:30.395280+00:00,Official War Thunder Wiki RB BR
fr_char_2c_bis,2C bis,,1.7,,True,https://wiki.warthunder.com/unit/fr_char_2c_bis,2026-09-27T16:05:32.469942+00:00,Official War Thunder Wiki RB BR
fr_citroen_kegresse_p4t,P.7.T AA,,1.3,,False,https://wiki.warthunder.com/unit/fr_citroen_kegresse_p4t,2026-09-27T16:05:34.380865+00:00,Official War Thunder Wiki RB BR
fr_crotale_ng,ItO 90M,,12.0,,False,https://wiki.warthunder.com/unit/fr_crotale_ng,2026-09-27T16:05:36.230177+00:00,Official War Thunder Wiki RB BR
fr_crusader_mk_2,Crusader Mk.II,,2.7,,False,https://wiki.warthunder.com/unit/fr_crusader_mk_2,2026-09-27T16:05:38.782785+00:00,Official War Thunder Wiki RB BR
fr_cv_9035_nl,CV 9035NL,,9.7,,False,https://wiki.warthunder.com/unit/fr_cv_9035_nl,2026-09-27T16:05:40.721409+00:00,Official War Thunder Wiki RB BR
fr_embt,EMBT,,12.7,,False,https://wiki.warthunder.com/unit/fr_embt,2026-09-27T16:05:42.469903+00:00,Official War Thunder Wiki RB BR
fr_fcm_36,FCM.36,,1.0,,False,https://wiki.warthunder.com/unit/fr_fcm_36,2026-09-27T16:05:44.887247+00:00,Official War Thunder Wiki RB BR
fr_hotchkiss_h35,H.35,,1.0,,False,https://wiki.warthunder.com/unit/fr_hotchkiss_h35,2026-09-27T16:05:46.920584+00:00,Official War Thunder Wiki RB BR
fr_hotchkiss_h39,H.39,,1.0,,False,https://wiki.warthunder.com/unit/fr_hotchkiss_h39,2026-09-27T16:05:49.102129+00:00,Official War Thunder Wiki RB BR
fr_hotchkiss_h39_cambronne,"H.39 ""Cambronne""",,1.0,,True,https://wiki.warthunder.com/unit/fr_hotchkiss_h39_cambronne,2026-09-27T16:05:51.084595+00:00,Official War Thunder Wiki RB BR
fr_jaguar_ebrc,EBRC Jaguar,,11.0,,False,https://wiki.warthunder.com/unit/fr_jaguar_ebrc,2026-09-27T16:05:53.441832+00:00,Official War Thunder Wiki RB BR
fr_leclerc_azur,Leclerc AZUR,,12.7,,False,https://wiki.warthunder.com/unit/fr_leclerc_azur,2026-09-27T16:05:55.197257+00:00,Official War Thunder Wiki RB BR
fr_leclerc_s1,Leclerc,,12.7,,False,https://wiki.warthunder.com/unit/fr_leclerc_s1,2026-09-27T16:05:57.541652+00:00,Official War Thunder Wiki RB BR
fr_leclerc_s2,Leclerc S2,,12.7,,False,https://wiki.warthunder.com/unit/fr_leclerc_s2,2026-09-27T16:05:59.642437+00:00,Official War Thunder Wiki RB BR
fr_leclerc_sxxi,Leclerc SXXI,,12.7,,False,https://wiki.warthunder.com/unit/fr_leclerc_sxxi,2026-09-27T16:06:02.116545+00:00,Official War Thunder Wiki RB BR
fr_leopard_1a5be,Leopard 1A5BE,,9.3,,False,https://wiki.warthunder.com/unit/fr_leopard_1a5be,2026-09-27T16:06:04.250506+00:00,Official War Thunder Wiki RB BR
fr_leopard_2a4nl,Leopard 2A4NL,,10.7,,False,https://wiki.warthunder.com/unit/fr_leopard_2a4nl,2026-09-27T16:06:06.553205+00:00,Official War Thunder Wiki RB BR
fr_leopard_2a4nl_les,Leopard 2 (OTCo),,10.7,,True,https://wiki.warthunder.com/unit/fr_leopard_2a4nl_les,2026-09-27T16:06:08.818046+00:00,Official War Thunder Wiki RB BR
fr_leopard_2a5nl,Leopard 2A5NL,,12.3,,False,https://wiki.warthunder.com/unit/fr_leopard_2a5nl,2026-09-27T16:06:10.554741+00:00,Official War Thunder Wiki RB BR
fr_leopard_2a6nl,Leopard 2A6NL,,12.7,,False,https://wiki.warthunder.com/unit/fr_leopard_2a6nl,2026-09-27T16:06:12.902264+00:00,Official War Thunder Wiki RB BR
fr_lorraine_100,CA Lorraine,,6.0,,False,https://wiki.warthunder.com/unit/fr_lorraine_100,2026-09-27T16:06:15.078745+00:00,Official War Thunder Wiki RB BR
fr_lorraine_155,Lorraine 155 Mle.50,,4.3,,True,https://wiki.warthunder.com/unit/fr_lorraine_155,2026-09-27T16:06:17.388539+00:00,Official War Thunder Wiki RB BR
fr_lorraine_37l,Lorraine 37L,,1.3,,False,https://wiki.warthunder.com/unit/fr_lorraine_37l,2026-09-27T16:06:19.334895+00:00,Official War Thunder Wiki RB BR
fr_lorraine_40t,Lorraine 40t,,7.7,,False,https://wiki.warthunder.com/unit/fr_lorraine_40t,2026-09-27T16:06:21.626880+00:00,Official War Thunder Wiki RB BR
fr_lvt_bofors,LVT-4/40,,3.7,,True,https://wiki.warthunder.com/unit/fr_lvt_bofors,2026-09-27T16:06:23.644285+00:00,Official War Thunder Wiki RB BR
fr_m10,M10 GMC,,3.3,,False,https://wiki.warthunder.com/unit/fr_m10,2026-09-27T16:06:25.286844+00:00,Official War Thunder Wiki RB BR
fr_m26_pershing,M26,,6.7,,False,https://wiki.warthunder.com/unit/fr_m26_pershing,2026-09-27T16:06:27.598919+00:00,Official War Thunder Wiki RB BR
fr_m36b2_cefeo,M36B2,,5.7,,False,https://wiki.warthunder.com/unit/fr_m36b2_cefeo,2026-09-27T16:06:29.875782+00:00,Official War Thunder Wiki RB BR
fr_m3a3_stuart,M3A3 Stuart,,2.7,,False,https://wiki.warthunder.com/unit/fr_m3a3_stuart,2026-09-27T16:06:31.846635+00:00,Official War Thunder Wiki RB BR
fr_m44,M44,,3.7,,False,https://wiki.warthunder.com/unit/fr_m44,2026-09-27T16:06:34.001544+00:00,Official War Thunder Wiki RB BR
fr_m46_patton,M46,,7.0,,True,https://wiki.warthunder.com/unit/fr_m46_patton,2026-09-27T16:06:35.974518+00:00,Official War Thunder Wiki RB BR
fr_m4a1_sherman,M4A1,,3.7,,False,https://wiki.warthunder.com/unit/fr_m4a1_sherman,2026-09-27T16:06:37.956273+00:00,Official War Thunder Wiki RB BR
fr_m4a1_sherman_fl_10,M4A1 (FL10),,5.0,,True,https://wiki.warthunder.com/unit/fr_m4a1_sherman_fl_10,2026-09-27T16:06:39.715017+00:00,Official War Thunder Wiki RB BR
fr_m4a3_105_sherman,M4A3 (105),,3.0,,False,https://wiki.warthunder.com/unit/fr_m4a3_105_sherman,2026-09-27T16:06:42.277634+00:00,Official War Thunder Wiki RB BR
fr_m4a3e2_sherman_jumbo,M4A3E2,,5.7,,False,https://wiki.warthunder.com/unit/fr_m4a3e2_sherman_jumbo,2026-09-27T16:06:44.596775+00:00,Official War Thunder Wiki RB BR
fr_m4a4_cn_75_50,M4A4 (SA50),,5.0,,False,https://wiki.warthunder.com/unit/fr_m4a4_cn_75_50,2026-09-27T16:06:47.190350+00:00,Official War Thunder Wiki RB BR
fr_m4a4_sherman,M4A4,,3.7,,False,https://wiki.warthunder.com/unit/fr_m4a4_sherman,2026-09-27T16:06:48.509153+00:00,Official War Thunder Wiki RB BR
fr_m55,M55,,3.7,,False,https://wiki.warthunder.com/unit/fr_m55,2026-09-27T16:06:50.340707+00:00,Official War Thunder Wiki RB BR
fr_marder_clovis,CLOVIS,,8.0,,True,https://wiki.warthunder.com/unit/fr_marder_clovis,2026-09-27T16:06:51.967439+00:00,Official War Thunder Wiki RB BR
fr_marder_df_105,DF105,,8.0,,False,https://wiki.warthunder.com/unit/fr_marder_df_105,2026-09-27T16:06:54.456599+00:00,Official War Thunder Wiki RB BR
fr_mars_15,MARS 15,,8.3,,False,https://wiki.warthunder.com/unit/fr_mars_15,2026-09-27T16:06:56.877071+00:00,Official War Thunder Wiki RB BR
fr_msc,MSC,,11.0,,False,https://wiki.warthunder.com/unit/fr_msc,2026-09-27T16:06:58.501893+00:00,Official War Thunder Wiki RB BR
fr_panhard_ebr_1951,E.B.R. (1951),,5.3,,False,https://wiki.warthunder.com/unit/fr_panhard_ebr_1951,2026-09-27T16:07:00.454756+00:00,Official War Thunder Wiki RB BR
fr_panhard_ebr_1954,E.B.R. (1954),,7.0,,True,https://wiki.warthunder.com/unit/fr_panhard_ebr_1954,2026-09-27T16:07:02.732999+00:00,Official War Thunder Wiki RB BR
fr_panhard_ebr_1963,E.B.R. (1963),,7.7,,True,https://wiki.warthunder.com/unit/fr_panhard_ebr_1963,2026-09-27T16:07:04.554268+00:00,Official War Thunder Wiki RB BR
fr_pzkpfw_V_panther_dauphine,Panther «Dauphine»,,6.0,,True,https://wiki.warthunder.com/unit/fr_pzkpfw_V_panther_dauphine,2026-09-27T16:07:06.267518+00:00,Official War Thunder Wiki RB BR
fr_renault_d2,D2,,1.3,,False,https://wiki.warthunder.com/unit/fr_renault_d2,2026-09-27T16:07:07.907740+00:00,Official War Thunder Wiki RB BR
fr_renault_r39,R.35 (SA38),,1.0,,False,https://wiki.warthunder.com/unit/fr_renault_r39,2026-09-27T16:07:10.138600+00:00,Official War Thunder Wiki RB BR
fr_saint_chamond,St-Chamond,,1.0,,False,https://wiki.warthunder.com/unit/fr_saint_chamond,2026-09-27T16:07:12.010795+00:00,Official War Thunder Wiki RB BR
fr_samp_t_fcs,FSAF SAMP/T (Mamba) (СОЦ),,12.7,,False,https://wiki.warthunder.com/unit/fr_samp_t_fcs,2026-09-27T16:07:14.351857+00:00,Official War Thunder Wiki RB BR
fr_sk105_a2,SK-105A2,,8.7,,False,https://wiki.warthunder.com/unit/fr_sk105_a2,2026-09-27T16:07:18.349917+00:00,Official War Thunder Wiki RB BR
fr_somua_s35,S.35,,1.3,,False,https://wiki.warthunder.com/unit/fr_somua_s35,2026-09-27T16:07:20.174245+00:00,Official War Thunder Wiki RB BR
fr_somua_sau40,SAu 40,,1.7,,False,https://wiki.warthunder.com/unit/fr_somua_sau40,2026-09-27T16:07:21.775207+00:00,Official War Thunder Wiki RB BR
fr_somua_sm,Somua SM,,7.7,,True,https://wiki.warthunder.com/unit/fr_somua_sm,2026-09-27T16:07:24.281136+00:00,Official War Thunder Wiki RB BR
fr_tpk_641_vpc,TPK 6.41,,5.7,,False,https://wiki.warthunder.com/unit/fr_tpk_641_vpc,2026-09-27T16:07:26.630576+00:00,Official War Thunder Wiki RB BR
fr_vab_santal,SANTAL,,9.3,,False,https://wiki.warthunder.com/unit/fr_vab_santal,2026-09-27T16:07:28.230224+00:00,Official War Thunder Wiki RB BR
fr_vbci,VBCI,,9.3,,False,https://wiki.warthunder.com/unit/fr_vbci,2026-09-27T16:07:30.243607+00:00,Official War Thunder Wiki RB BR
fr_vbci2_mct30,VBCI-2 (MCT30),,9.7,,True,https://wiki.warthunder.com/unit/fr_vbci2_mct30,2026-09-27T16:07:31.986185+00:00,Official War Thunder Wiki RB BR
fr_vcac_mephisto,MEPHISTO,,8.7,,False,https://wiki.warthunder.com/unit/fr_vcac_mephisto,2026-09-27T16:07:34.478185+00:00,Official War Thunder Wiki RB BR
fr_vextra_105,Vextra 105,,10.0,,False,https://wiki.warthunder.com/unit/fr_vextra_105,2026-09-27T16:07:36.107444+00:00,Official War Thunder Wiki RB BR
germ_9a33bm3,◊Osa-AK,,10.3,,False,https://wiki.warthunder.com/unit/germ_9a33bm3,2026-09-27T16:07:38.311877+00:00,Official War Thunder Wiki RB BR
germ_9a35_m,Стрела-10М,,10.3,,False,https://wiki.warthunder.com/unit/germ_9a35_m,2026-09-27T16:07:40.825138+00:00,Official War Thunder Wiki RB BR
germ_a7v,A7V,,1.0,,False,https://wiki.warthunder.com/unit/germ_a7v,2026-09-27T16:07:43.425249+00:00,Official War Thunder Wiki RB BR
germ_amd_35_kwk,Pz.Sp.Wg.P204(f) KwK,,2.0,,True,https://wiki.warthunder.com/unit/germ_amd_35_kwk,2026-09-27T16:07:44.945273+00:00,Official War Thunder Wiki RB BR
germ_amd_35_kwk39,Pz.Sp.Wg.P204(f) PaK,,2.7,,False,https://wiki.warthunder.com/unit/germ_amd_35_kwk39,2026-09-27T16:07:47.322431+00:00,Official War Thunder Wiki RB BR
germ_begleitpanzer_57,Begleitpanzer 57,,9.7,,False,https://wiki.warthunder.com/unit/germ_begleitpanzer_57,2026-09-27T16:07:49.684814+00:00,Official War Thunder Wiki RB BR
germ_beutepanzer_mk_iv,Beutepanzer IV,,1.0,,False,https://wiki.warthunder.com/unit/germ_beutepanzer_mk_iv,2026-09-27T16:07:52.093329+00:00,Official War Thunder Wiki RB BR
germ_bmp_1_ddr,SPz BMP-1,,8.0,,False,https://wiki.warthunder.com/unit/germ_bmp_1_ddr,2026-09-27T16:07:54.326149+00:00,Official War Thunder Wiki RB BR
germ_boxer_3105,Boxer MGS,,10.3,,False,https://wiki.warthunder.com/unit/germ_boxer_3105,2026-09-27T16:07:56.942546+00:00,Official War Thunder Wiki RB BR
germ_boxer_swatrinf,sWaTrgInf,,10.7,,False,https://wiki.warthunder.com/unit/germ_boxer_swatrinf,2026-09-27T16:07:58.767175+00:00,Official War Thunder Wiki RB BR
germ_embt,◄EMBT,,12.7,,False,https://wiki.warthunder.com/unit/germ_embt,2026-09-27T16:08:01.038858+00:00,Official War Thunder Wiki RB BR
germ_erprobungstrager_3_achs_turm,Turm III,,8.7,,True,https://wiki.warthunder.com/unit/germ_erprobungstrager_3_achs_turm,2026-09-27T16:08:03.369568+00:00,Official War Thunder Wiki RB BR
germ_flakpanzer_38t_Gepard,Flakpanzer 38,,1.7,,False,https://wiki.warthunder.com/unit/germ_flakpanzer_38t_Gepard,2026-09-27T16:08:05.742984+00:00,Official War Thunder Wiki RB BR
germ_flakpanzer_IV_Kugelblitz,Kugelblitz,,6.7,,False,https://wiki.warthunder.com/unit/germ_flakpanzer_IV_Kugelblitz,2026-09-27T16:08:07.832579+00:00,Official War Thunder Wiki RB BR
germ_flakpanzer_IV_Ostwind,Ostwind,,3.3,,False,https://wiki.warthunder.com/unit/germ_flakpanzer_IV_Ostwind,2026-09-27T16:08:10.040101+00:00,Official War Thunder Wiki RB BR
germ_flakpanzer_IV_Ostwind_2,Ostwind II,,5.3,,False,https://wiki.warthunder.com/unit/germ_flakpanzer_IV_Ostwind_2,2026-09-27T16:08:12.211062+00:00,Official War Thunder Wiki RB BR
germ_flakpanzer_IV_Ostwind_2_net,Ostwind Ost,,5.3,,True,https://wiki.warthunder.com/unit/germ_flakpanzer_IV_Ostwind_2_net,2026-09-27T16:08:14.389134+00:00,Official War Thunder Wiki RB BR
germ_flakpanzer_IV_Wirbelwind,Wirbelwind,,3.7,,False,https://wiki.warthunder.com/unit/germ_flakpanzer_IV_Wirbelwind,2026-09-27T16:08:16.785812+00:00,Official War Thunder Wiki RB BR
germ_flakpanzer_I_ausf_A,Flakpanzer I,,1.3,,False,https://wiki.warthunder.com/unit/germ_flakpanzer_I_ausf_A,2026-09-27T16:08:18.940924+00:00,Official War Thunder Wiki RB BR
germ_flakpanzer_V_Coelian,Flakpanzer 341,,7.0,,False,https://wiki.warthunder.com/unit/germ_flakpanzer_V_Coelian,2026-09-27T16:08:21.192809+00:00,Official War Thunder Wiki RB BR
germ_flakpanzer_zerstorer_45,Zerstörer 45,,6.0,,False,https://wiki.warthunder.com/unit/germ_flakpanzer_zerstorer_45,2026-09-27T16:08:23.352126+00:00,Official War Thunder Wiki RB BR
germ_flakpz_1a2_Gepard,Gepard 1A2,,9.7,,False,https://wiki.warthunder.com/unit/germ_flakpz_1a2_Gepard,2026-09-27T16:08:25.676843+00:00,Official War Thunder Wiki RB BR
germ_flakpz_I_Gepard,Gepard,,8.3,,False,https://wiki.warthunder.com/unit/germ_flakpz_I_Gepard,2026-09-27T16:08:27.627270+00:00,Official War Thunder Wiki RB BR
germ_flarakpz_1,FlaRakPz 1,,10.0,,False,https://wiki.warthunder.com/unit/germ_flarakpz_1,2026-09-27T16:08:29.354831+00:00,Official War Thunder Wiki RB BR
germ_flarakrad,FlaRakRad,,11.7,,False,https://wiki.warthunder.com/unit/germ_flarakrad,2026-09-27T16:08:31.026270+00:00,Official War Thunder Wiki RB BR
germ_garford_putilov,Garford-Beute,,1.0,,False,https://wiki.warthunder.com/unit/germ_garford_putilov,2026-09-27T16:08:33.085666+00:00,Official War Thunder Wiki RB BR
germ_hummel,Hummel,,3.3,,False,https://wiki.warthunder.com/unit/germ_hummel,2026-09-27T16:08:34.761617+00:00,Official War Thunder Wiki RB BR
germ_infanterie_kampfpanzer_churchill,Pz.Kpfw. Churchill,,4.0,,True,https://wiki.warthunder.com/unit/germ_infanterie_kampfpanzer_churchill,2026-09-27T16:08:36.742310+00:00,Official War Thunder Wiki RB BR
germ_iris_slm_fcs,IRIS-T SLM (СОЦ),,12.7,,False,https://wiki.warthunder.com/unit/germ_iris_slm_fcs,2026-09-27T16:08:38.673046+00:00,Official War Thunder Wiki RB BR
germ_jaguar_2,Jaguar 2,,8.7,,False,https://wiki.warthunder.com/unit/germ_jaguar_2,2026-09-27T16:08:41.761172+00:00,Official War Thunder Wiki RB BR
germ_jgdpz_38t,Jagdpanzer 38(t),,4.3,,False,https://wiki.warthunder.com/unit/germ_jgdpz_38t,2026-09-27T16:08:43.721629+00:00,Official War Thunder Wiki RB BR
germ_jgdpz_IV_L48,Jagdpanzer IV,,4.3,,False,https://wiki.warthunder.com/unit/germ_jgdpz_IV_L48,2026-09-27T16:08:45.711179+00:00,Official War Thunder Wiki RB BR
germ_kanonenjagdpanzer,JPz 4-5,,6.3,,False,https://wiki.warthunder.com/unit/germ_kanonenjagdpanzer,2026-09-27T16:08:47.828312+00:00,Official War Thunder Wiki RB BR
germ_kpz_70,KPz-70,,9.3,,False,https://wiki.warthunder.com/unit/germ_kpz_70,2026-09-27T16:08:49.611810+00:00,Official War Thunder Wiki RB BR
germ_kpz_t72m1,◊T-72M1,,9.3,,False,https://wiki.warthunder.com/unit/germ_kpz_t72m1,2026-09-27T16:08:51.736256+00:00,Official War Thunder Wiki RB BR
germ_kv_1B_finland,KV-IB,,4.3,,True,https://wiki.warthunder.com/unit/germ_kv_1B_finland,2026-09-27T16:08:54.157873+00:00,Official War Thunder Wiki RB BR
germ_kv_1_kwk_40,KW I C 756 (r),,5.0,,True,https://wiki.warthunder.com/unit/germ_kv_1_kwk_40,2026-09-27T16:08:56.703576+00:00,Official War Thunder Wiki RB BR
germ_kv_2_754r,KW II 754 (r),,3.7,,True,https://wiki.warthunder.com/unit/germ_kv_2_754r,2026-09-27T16:08:58.780549+00:00,Official War Thunder Wiki RB BR
germ_le_kpz_m41,leKPz M41,,6.7,,False,https://wiki.warthunder.com/unit/germ_le_kpz_m41,2026-09-27T16:09:00.741895+00:00,Official War Thunder Wiki RB BR
germ_leopard_1a5,Leopard 1A5,,9.3,,False,https://wiki.warthunder.com/unit/germ_leopard_1a5,2026-09-27T16:09:02.597370+00:00,Official War Thunder Wiki RB BR
germ_leopard_2_pt14,PT-16/T14 mod.,,11.0,,False,https://wiki.warthunder.com/unit/germ_leopard_2_pt14,2026-09-27T16:09:04.295604+00:00,Official War Thunder Wiki RB BR
germ_leopard_2a4,Leopard 2A4,,10.7,,False,https://wiki.warthunder.com/unit/germ_leopard_2a4,2026-09-27T16:09:06.638045+00:00,Official War Thunder Wiki RB BR
germ_leopard_2a4_pzbtl_123,Leopard 2 (PzBtl 123),,10.7,,True,https://wiki.warthunder.com/unit/germ_leopard_2a4_pzbtl_123,2026-09-27T16:09:08.753761+00:00,Official War Thunder Wiki RB BR
germ_leopard_2a4m_can,Leopard 2A4M,,12.0,,True,https://wiki.warthunder.com/unit/germ_leopard_2a4m_can,2026-09-27T16:09:10.504890+00:00,Official War Thunder Wiki RB BR
germ_leopard_2a4m_can_sm,◍Leopard 2A4M,,12.0,,True,https://wiki.warthunder.com/unit/germ_leopard_2a4m_can_sm,2026-09-27T16:09:12.484972+00:00,Official War Thunder Wiki RB BR
germ_leopard_2a5,Leopard 2A5,,12.3,,False,https://wiki.warthunder.com/unit/germ_leopard_2a5,2026-09-27T16:09:14.851993+00:00,Official War Thunder Wiki RB BR
germ_leopard_2a5_pso,Leopard 2 PSO,,12.7,,False,https://wiki.warthunder.com/unit/germ_leopard_2a5_pso,2026-09-27T16:09:17.144136+00:00,Official War Thunder Wiki RB BR
germ_leopard_2a5_yt_cup_2019,␙Leopard 2A5,,12.3,,False,https://wiki.warthunder.com/unit/germ_leopard_2a5_yt_cup_2019,2026-09-27T16:09:19.216598+00:00,Official War Thunder Wiki RB BR
germ_leopard_2a6,Leopard 2A6,,12.7,,False,https://wiki.warthunder.com/unit/germ_leopard_2a6,2026-09-27T16:09:21.868666+00:00,Official War Thunder Wiki RB BR
germ_leopard_2a7v,Leopard 2A7V,,12.7,,False,https://wiki.warthunder.com/unit/germ_leopard_2a7v,2026-09-27T16:09:23.919227+00:00,Official War Thunder Wiki RB BR
germ_leopard_2av,Leopard 2AV,,10.3,,False,https://wiki.warthunder.com/unit/germ_leopard_2av,2026-09-27T16:09:26.468716+00:00,Official War Thunder Wiki RB BR
germ_leopard_2k,Leopard 2K,,10.0,,False,https://wiki.warthunder.com/unit/germ_leopard_2k,2026-09-27T16:09:28.202663+00:00,Official War Thunder Wiki RB BR
germ_leopard_2pl,Leopard 2 PL,,12.3,,False,https://wiki.warthunder.com/unit/germ_leopard_2pl,2026-09-27T16:09:30.479938+00:00,Official War Thunder Wiki RB BR
germ_leopard_I,Leopard I,,8.0,,False,https://wiki.warthunder.com/unit/germ_leopard_I,2026-09-27T16:09:32.374539+00:00,Official War Thunder Wiki RB BR
germ_leopard_I_a1,Leopard A1A1,,8.7,,False,https://wiki.warthunder.com/unit/germ_leopard_I_a1,2026-09-27T16:09:34.673576+00:00,Official War Thunder Wiki RB BR
germ_leopard_a1a1_120,Leopard A1A1 (L/44),,9.3,,True,https://wiki.warthunder.com/unit/germ_leopard_a1a1_120,2026-09-27T16:09:36.783272+00:00,Official War Thunder Wiki RB BR
germ_leopard_c2_mexas,C2A1,,9.3,,False,https://wiki.warthunder.com/unit/germ_leopard_c2_mexas,2026-09-27T16:09:38.626000+00:00,Official War Thunder Wiki RB BR
germ_m109g,M109G,,5.7,,False,https://wiki.warthunder.com/unit/germ_m109g,2026-09-27T16:09:40.783606+00:00,Official War Thunder Wiki RB BR
germ_m44,M44,,3.7,,False,https://wiki.warthunder.com/unit/germ_m44,2026-09-27T16:09:42.755368+00:00,Official War Thunder Wiki RB BR
germ_m55,◄M55,,3.7,,False,https://wiki.warthunder.com/unit/germ_m55,2026-09-27T16:09:44.490493+00:00,Official War Thunder Wiki RB BR
germ_marder_1a1,Marder A1-,,7.7,,False,https://wiki.warthunder.com/unit/germ_marder_1a1,2026-09-27T16:09:46.132540+00:00,Official War Thunder Wiki RB BR
germ_marder_1a3,Marder 1A3,,8.0,,False,https://wiki.warthunder.com/unit/germ_marder_1a3,2026-09-27T16:09:48.431696+00:00,Official War Thunder Wiki RB BR
germ_marder_clovis,CLOVIS,,8.0,,True,https://wiki.warthunder.com/unit/germ_marder_clovis,2026-09-27T16:09:50.505796+00:00,Official War Thunder Wiki RB BR
germ_marder_df_105,DF105,,8.0,,False,https://wiki.warthunder.com/unit/germ_marder_df_105,2026-09-27T16:09:52.885722+00:00,Official War Thunder Wiki RB BR
germ_mkpz_m47,mKPz M47 G,,7.3,,True,https://wiki.warthunder.com/unit/germ_mkpz_m47,2026-09-27T16:09:55.370610+00:00,Official War Thunder Wiki RB BR
germ_mkpz_m48a2c,M48A2 C,,7.7,,False,https://wiki.warthunder.com/unit/germ_mkpz_m48a2c,2026-09-27T16:09:57.389153+00:00,Official War Thunder Wiki RB BR
germ_mkpz_m48a2ga2,M48A2 G A2,,8.3,,False,https://wiki.warthunder.com/unit/germ_mkpz_m48a2ga2,2026-09-27T16:09:59.565235+00:00,Official War Thunder Wiki RB BR
germ_mkpz_super_m48,M48 Super,,9.3,,False,https://wiki.warthunder.com/unit/germ_mkpz_super_m48,2026-09-27T16:10:02.245080+00:00,Official War Thunder Wiki RB BR
germ_nbfz_VI,Nb.Fz.,,1.3,,True,https://wiki.warthunder.com/unit/germ_nbfz_VI,2026-09-27T16:10:04.327472+00:00,Official War Thunder Wiki RB BR
germ_panther_II,Panther II,,7.0,,False,https://wiki.warthunder.com/unit/germ_panther_II,2026-09-27T16:10:06.387605+00:00,Official War Thunder Wiki RB BR
germ_panzerbefelhswagen_IV_ausf_J,Pz.Bfw.IV,,4.0,,True,https://wiki.warthunder.com/unit/germ_panzerbefelhswagen_IV_ausf_J,2026-09-27T16:10:07.976187+00:00,Official War Thunder Wiki RB BR
germ_panzerbefelhswagen_VI_P,Pz.Bfw.VI (P),,5.7,,True,https://wiki.warthunder.com/unit/germ_panzerbefelhswagen_VI_P,2026-09-27T16:10:09.998497+00:00,Official War Thunder Wiki RB BR
germ_panzerbefelhswagen_jagdpanther,Bfw. Jagdpanther G1,,6.3,,True,https://wiki.warthunder.com/unit/germ_panzerbefelhswagen_jagdpanther,2026-09-27T16:10:12.198346+00:00,Official War Thunder Wiki RB BR
germ_panzerjager_1,Panzerjäger I,,1.3,,False,https://wiki.warthunder.com/unit/germ_panzerjager_1,2026-09-27T16:10:13.855858+00:00,Official War Thunder Wiki RB BR
germ_panzerjager_nashorn,Nashorn,,5.3,,False,https://wiki.warthunder.com/unit/germ_panzerjager_nashorn,2026-09-27T16:10:15.841995+00:00,Official War Thunder Wiki RB BR
germ_panzerjager_panther,Jagdpanther G1,,6.3,,False,https://wiki.warthunder.com/unit/germ_panzerjager_panther,2026-09-27T16:10:18.047201+00:00,Official War Thunder Wiki RB BR
germ_panzerjager_tiger,Jagdtiger,,6.7,,False,https://wiki.warthunder.com/unit/germ_panzerjager_tiger,2026-09-27T16:10:20.700644+00:00,Official War Thunder Wiki RB BR
germ_panzerjager_tiger_P_elefant,Elefant,,6.7,,True,https://wiki.warthunder.com/unit/germ_panzerjager_tiger_P_elefant,2026-09-27T16:10:23.037009+00:00,Official War Thunder Wiki RB BR
germ_panzerjager_tiger_P_ferdinand,Ferdinand,,6.7,,False,https://wiki.warthunder.com/unit/germ_panzerjager_tiger_P_ferdinand,2026-09-27T16:10:25.341881+00:00,Official War Thunder Wiki RB BR
germ_panzerwerfer_42,15 cm Pz.W.42,,2.3,,True,https://wiki.warthunder.com/unit/germ_panzerwerfer_42,2026-09-27T16:10:27.590544+00:00,Official War Thunder Wiki RB BR
germ_pz_IV_L70,Panzer IV/70(V),,5.7,,False,https://wiki.warthunder.com/unit/germ_pz_IV_L70,2026-09-27T16:10:29.371062+00:00,Official War Thunder Wiki RB BR
germ_pz_IV_L70_A,Panzer IV/70(A),,4.3,,True,https://wiki.warthunder.com/unit/germ_pz_IV_L70_A,2026-09-27T16:10:31.288065+00:00,Official War Thunder Wiki RB BR
germ_pzh_2000,PzH 2000,,7.7,,False,https://wiki.warthunder.com/unit/germ_pzh_2000,2026-09-27T16:10:33.774730+00:00,Official War Thunder Wiki RB BR
germ_pzkpfw_35t,Pz.35(t),,1.0,,False,https://wiki.warthunder.com/unit/germ_pzkpfw_35t,2026-09-27T16:10:36.081946+00:00,Official War Thunder Wiki RB BR
germ_pzkpfw_38t_Aufklarungspanzer,Sd.Kfz. 140/1,,2.0,,True,https://wiki.warthunder.com/unit/germ_pzkpfw_38t_Aufklarungspanzer,2026-09-27T16:10:38.560169+00:00,Official War Thunder Wiki RB BR
germ_pzkpfw_38t_Marder_III,Marder III,,2.3,,False,https://wiki.warthunder.com/unit/germ_pzkpfw_38t_Marder_III,2026-09-27T16:10:40.790196+00:00,Official War Thunder Wiki RB BR
germ_pzkpfw_38t_Marder_III_ausf_H,Marder III H,,2.7,,False,https://wiki.warthunder.com/unit/germ_pzkpfw_38t_Marder_III_ausf_H,2026-09-27T16:10:42.899738+00:00,Official War Thunder Wiki RB BR
germ_pzkpfw_38t_ausf_A,Pz.38(t) A,,1.3,,False,https://wiki.warthunder.com/unit/germ_pzkpfw_38t_ausf_A,2026-09-27T16:10:44.869041+00:00,Official War Thunder Wiki RB BR
germ_pzkpfw_38t_ausf_F,Pz.38(t) F,,2.3,,False,https://wiki.warthunder.com/unit/germ_pzkpfw_38t_ausf_F,2026-09-27T16:10:46.601728+00:00,Official War Thunder Wiki RB BR
germ_pzkpfw_38t_na,Pz.38(t) n.A.,,2.3,,False,https://wiki.warthunder.com/unit/germ_pzkpfw_38t_na,2026-09-27T16:10:48.924545+00:00,Official War Thunder Wiki RB BR
germ_pzkpfw_III_ausf_B,Pz.III B,,1.0,,False,https://wiki.warthunder.com/unit/germ_pzkpfw_III_ausf_B,2026-09-27T16:10:50.957740+00:00,Official War Thunder Wiki RB BR
germ_pzkpfw_III_ausf_E,Pz.III E,,1.0,,False,https://wiki.warthunder.com/unit/germ_pzkpfw_III_ausf_E,2026-09-27T16:10:53.367583+00:00,Official War Thunder Wiki RB BR
germ_pzkpfw_III_ausf_F,Pz.III F,,1.3,,False,https://wiki.warthunder.com/unit/germ_pzkpfw_III_ausf_F,2026-09-27T16:10:55.311325+00:00,Official War Thunder Wiki RB BR
germ_pzkpfw_III_ausf_J,Pz.III J1,,2.7,,False,https://wiki.warthunder.com/unit/germ_pzkpfw_III_ausf_J,2026-09-27T16:10:57.713173+00:00,Official War Thunder Wiki RB BR
germ_pzkpfw_III_ausf_J_L42,Pz.III J,,2.3,,False,https://wiki.warthunder.com/unit/germ_pzkpfw_III_ausf_J_L42,2026-09-27T16:10:59.852633+00:00,Official War Thunder Wiki RB BR
germ_pzkpfw_III_ausf_J_td,Pz.III J1 TD,,2.7,,False,https://wiki.warthunder.com/unit/germ_pzkpfw_III_ausf_J_td,2026-09-27T16:11:02.070861+00:00,Official War Thunder Wiki RB BR
germ_pzkpfw_III_ausf_L,Pz.III L,,3.0,,False,https://wiki.warthunder.com/unit/germ_pzkpfw_III_ausf_L,2026-09-27T16:11:04.584311+00:00,Official War Thunder Wiki RB BR
germ_pzkpfw_III_ausf_M,Pz.III M,,3.3,,False,https://wiki.warthunder.com/unit/germ_pzkpfw_III_ausf_M,2026-09-27T16:11:06.407244+00:00,Official War Thunder Wiki RB BR
germ_pzkpfw_III_ausf_N,Pz.III N,,3.3,,True,https://wiki.warthunder.com/unit/germ_pzkpfw_III_ausf_N,2026-09-27T16:11:08.786268+00:00,Official War Thunder Wiki RB BR
germ_pzkpfw_II_ausf_C,Pz.II C,,1.3,,False,https://wiki.warthunder.com/unit/germ_pzkpfw_II_ausf_C,2026-09-27T16:11:10.723724+00:00,Official War Thunder Wiki RB BR
germ_pzkpfw_II_ausf_C_DAK,Pz.II С (DAK),,1.3,,True,https://wiki.warthunder.com/unit/germ_pzkpfw_II_ausf_C_DAK,2026-09-27T16:11:12.689759+00:00,Official War Thunder Wiki RB BR
germ_pzkpfw_II_ausf_C_td,Pz.II C TD,,1.3,,False,https://wiki.warthunder.com/unit/germ_pzkpfw_II_ausf_C_td,2026-09-27T16:11:14.652455+00:00,Official War Thunder Wiki RB BR
germ_pzkpfw_II_ausf_F,Pz.II F,,1.7,,False,https://wiki.warthunder.com/unit/germ_pzkpfw_II_ausf_F,2026-09-27T16:11:17.179527+00:00,Official War Thunder Wiki RB BR
germ_pzkpfw_II_ausf_H,Pz.II H,,2.7,,True,https://wiki.warthunder.com/unit/germ_pzkpfw_II_ausf_H,2026-09-27T16:11:18.768705+00:00,Official War Thunder Wiki RB BR
germ_pzkpfw_IV_ausf_C,Pz.IV C,,1.3,,False,https://wiki.warthunder.com/unit/germ_pzkpfw_IV_ausf_C,2026-09-27T16:11:21.073663+00:00,Official War Thunder Wiki RB BR
germ_pzkpfw_IV_ausf_E,Pz.IV E,,2.0,,False,https://wiki.warthunder.com/unit/germ_pzkpfw_IV_ausf_E,2026-09-27T16:11:23.358120+00:00,Official War Thunder Wiki RB BR
germ_pzkpfw_IV_ausf_F,Pz.IV F1,,2.3,,False,https://wiki.warthunder.com/unit/germ_pzkpfw_IV_ausf_F,2026-09-27T16:11:25.486887+00:00,Official War Thunder Wiki RB BR
germ_pzkpfw_IV_ausf_F2,Pz.IV F2,,3.3,,False,https://wiki.warthunder.com/unit/germ_pzkpfw_IV_ausf_F2,2026-09-27T16:11:27.212924+00:00,Official War Thunder Wiki RB BR
germ_pzkpfw_IV_ausf_G,Pz.IV G,,3.7,,False,https://wiki.warthunder.com/unit/germ_pzkpfw_IV_ausf_G,2026-09-27T16:11:29.183756+00:00,Official War Thunder Wiki RB BR
germ_pzkpfw_IV_ausf_H,Pz.IV H,,4.0,,False,https://wiki.warthunder.com/unit/germ_pzkpfw_IV_ausf_H,2026-09-27T16:11:31.824127+00:00,Official War Thunder Wiki RB BR
germ_pzkpfw_IV_ausf_J,Pz.IV J,,4.0,,False,https://wiki.warthunder.com/unit/germ_pzkpfw_IV_ausf_J,2026-09-27T16:11:34.065792+00:00,Official War Thunder Wiki RB BR
germ_pzkpfw_Maus,Maus,,7.7,,False,https://wiki.warthunder.com/unit/germ_pzkpfw_Maus,2026-09-27T16:11:36.268046+00:00,Official War Thunder Wiki RB BR
germ_pzkpfw_VI_ausf_b_tiger_IIh,Tiger II (H),,6.7,,False,https://wiki.warthunder.com/unit/germ_pzkpfw_VI_ausf_b_tiger_IIh,2026-09-27T16:11:38.391969+00:00,Official War Thunder Wiki RB BR
germ_pzkpfw_VI_ausf_b_tiger_IIh_kwk46,Tiger II (10.5 cm Kw.K),,7.0,,False,https://wiki.warthunder.com/unit/germ_pzkpfw_VI_ausf_b_tiger_IIh_kwk46,2026-09-27T16:11:40.480082+00:00,Official War Thunder Wiki RB BR
germ_pzkpfw_VI_ausf_b_tiger_IIh_sla,Tiger II (H) Sla.16,,6.7,,True,https://wiki.warthunder.com/unit/germ_pzkpfw_VI_ausf_b_tiger_IIh_sla,2026-09-27T16:11:42.575047+00:00,Official War Thunder Wiki RB BR
germ_pzkpfw_VI_ausf_b_tiger_IIp,Tiger II (P),,6.3,,False,https://wiki.warthunder.com/unit/germ_pzkpfw_VI_ausf_b_tiger_IIp,2026-09-27T16:11:44.672695+00:00,Official War Thunder Wiki RB BR
germ_pzkpfw_VI_ausf_e_tiger,Tiger E,,6.0,,False,https://wiki.warthunder.com/unit/germ_pzkpfw_VI_ausf_e_tiger,2026-09-27T16:11:46.954852+00:00,Official War Thunder Wiki RB BR
germ_pzkpfw_VI_ausf_h1_tiger,Tiger H1,,5.7,,False,https://wiki.warthunder.com/unit/germ_pzkpfw_VI_ausf_h1_tiger,2026-09-27T16:11:49.447158+00:00,Official War Thunder Wiki RB BR
germ_pzkpfw_VI_ausf_h1_tiger_animal_version,␠Tiger,,5.7,,True,https://wiki.warthunder.com/unit/germ_pzkpfw_VI_ausf_h1_tiger_animal_version,2026-09-27T16:11:51.125868+00:00,Official War Thunder Wiki RB BR
germ_pzkpfw_VI_ausf_h1_tiger_east,Tiger Ost,,5.7,,True,https://wiki.warthunder.com/unit/germ_pzkpfw_VI_ausf_h1_tiger_east,2026-09-27T16:11:52.735945+00:00,Official War Thunder Wiki RB BR
germ_pzkpfw_VI_ausf_h1_tiger_west,Tiger West,,5.7,,True,https://wiki.warthunder.com/unit/germ_pzkpfw_VI_ausf_h1_tiger_west,2026-09-27T16:11:55.279471+00:00,Official War Thunder Wiki RB BR
germ_pzkpfw_VI_tiger_P,VK 45.01 (P),,5.3,,True,https://wiki.warthunder.com/unit/germ_pzkpfw_VI_tiger_P,2026-09-27T16:11:57.042787+00:00,Official War Thunder Wiki RB BR
germ_pzkpfw_V_ausf_a_panther,Panther A,,6.0,,False,https://wiki.warthunder.com/unit/germ_pzkpfw_V_ausf_a_panther,2026-09-27T16:11:58.990544+00:00,Official War Thunder Wiki RB BR
germ_pzkpfw_V_ausf_d_panther,Panther D,,5.3,,False,https://wiki.warthunder.com/unit/germ_pzkpfw_V_ausf_d_panther,2026-09-27T16:12:01.260326+00:00,Official War Thunder Wiki RB BR
germ_pzkpfw_V_ausf_f_panther,Panther F,,6.0,,False,https://wiki.warthunder.com/unit/germ_pzkpfw_V_ausf_f_panther,2026-09-27T16:12:03.594860+00:00,Official War Thunder Wiki RB BR
germ_pzkpfw_V_ausf_g_panther,Panther G,,6.0,,False,https://wiki.warthunder.com/unit/germ_pzkpfw_V_ausf_g_panther,2026-09-27T16:12:06.094266+00:00,Official War Thunder Wiki RB BR
germ_pzkpfw_V_ersatz_m10,Ersatz M10,,6.0,,True,https://wiki.warthunder.com/unit/germ_pzkpfw_V_ersatz_m10,2026-09-27T16:12:07.820162+00:00,Official War Thunder Wiki RB BR
germ_pzkpfw_e_100,E-100,,7.7,,False,https://wiki.warthunder.com/unit/germ_pzkpfw_e_100,2026-09-27T16:12:09.411762+00:00,Official War Thunder Wiki RB BR
germ_pzsfl_IVa_dickermax,Dicker Max,,3.7,,False,https://wiki.warthunder.com/unit/germ_pzsfl_IVa_dickermax,2026-09-27T16:12:11.145325+00:00,Official War Thunder Wiki RB BR
germ_pzsflk40_sturer_emil,Sturer Emil,,4.0,,False,https://wiki.warthunder.com/unit/germ_pzsflk40_sturer_emil,2026-09-27T16:12:12.740750+00:00,Official War Thunder Wiki RB BR
germ_radpanzer_90,Radkampfwagen 90,,10.0,,False,https://wiki.warthunder.com/unit/germ_radpanzer_90,2026-09-27T16:12:15.220775+00:00,Official War Thunder Wiki RB BR
germ_raketenjagdpanzer_2,RakJPz 2,,8.0,,False,https://wiki.warthunder.com/unit/germ_raketenjagdpanzer_2,2026-09-27T16:12:17.510856+00:00,Official War Thunder Wiki RB BR
germ_raketenjagdpanzer_2_hot,RakJPz 2 (HOT),,8.3,,False,https://wiki.warthunder.com/unit/germ_raketenjagdpanzer_2_hot,2026-09-27T16:12:19.718204+00:00,Official War Thunder Wiki RB BR
germ_ru251,Ru 251,,7.3,,True,https://wiki.warthunder.com/unit/germ_ru251,2026-09-27T16:12:21.414551+00:00,Official War Thunder Wiki RB BR
germ_schutzenpanzer_puma,PUMA,,10.3,,False,https://wiki.warthunder.com/unit/germ_schutzenpanzer_puma,2026-09-27T16:12:23.579755+00:00,Official War Thunder Wiki RB BR
germ_schutzenpanzer_puma_vjtf,PUMA VJTF,,11.0,,False,https://wiki.warthunder.com/unit/germ_schutzenpanzer_puma_vjtf,2026-09-27T16:12:26.198689+00:00,Official War Thunder Wiki RB BR
germ_schutzenpanzer_puma_vjtf_mod,Puma u14,,11.0,,True,https://wiki.warthunder.com/unit/germ_schutzenpanzer_puma_vjtf_mod,2026-09-27T16:12:28.189873+00:00,Official War Thunder Wiki RB BR
germ_sdkfz_221_s_pz_b_41,Sd.Kfz.221 (s.Pz.B.41),,1.0,,False,https://wiki.warthunder.com/unit/germ_sdkfz_221_s_pz_b_41,2026-09-27T16:12:30.503468+00:00,Official War Thunder Wiki RB BR
germ_sdkfz_222,Sd.Kfz.222,,2.0,,False,https://wiki.warthunder.com/unit/germ_sdkfz_222,2026-09-27T16:12:32.916560+00:00,Official War Thunder Wiki RB BR
germ_sdkfz_234_1,Sd.Kfz.234/1,,2.0,,True,https://wiki.warthunder.com/unit/germ_sdkfz_234_1,2026-09-27T16:12:35.172522+00:00,Official War Thunder Wiki RB BR
germ_sdkfz_234_2,Sd.Kfz.234/2,,3.7,,False,https://wiki.warthunder.com/unit/germ_sdkfz_234_2,2026-09-27T16:12:37.386562+00:00,Official War Thunder Wiki RB BR
germ_sdkfz_234_2_mod,"Sd.Kfz.234/2 ""Biene""",,3.7,,True,https://wiki.warthunder.com/unit/germ_sdkfz_234_2_mod,2026-09-27T16:12:39.730951+00:00,Official War Thunder Wiki RB BR
germ_sdkfz_234_2_td,Sd.Kfz.234/2 TD,,3.7,,False,https://wiki.warthunder.com/unit/germ_sdkfz_234_2_td,2026-09-27T16:12:41.547101+00:00,Official War Thunder Wiki RB BR
germ_sdkfz_234_3,Sd.Kfz.234/3,,2.0,,True,https://wiki.warthunder.com/unit/germ_sdkfz_234_3,2026-09-27T16:12:43.937257+00:00,Official War Thunder Wiki RB BR
germ_sdkfz_234_4,Sd.Kfz.234/4,,4.7,,True,https://wiki.warthunder.com/unit/germ_sdkfz_234_4,2026-09-27T16:12:46.325614+00:00,Official War Thunder Wiki RB BR
germ_sdkfz_251_10,Sd.Kfz.251/10,,1.0,,True,https://wiki.warthunder.com/unit/germ_sdkfz_251_10,2026-09-27T16:12:48.292252+00:00,Official War Thunder Wiki RB BR
germ_sdkfz_251_21,Sd.Kfz.251/21,,3.3,,False,https://wiki.warthunder.com/unit/germ_sdkfz_251_21,2026-09-27T16:12:50.263151+00:00,Official War Thunder Wiki RB BR
germ_sdkfz_251_22,Sd.Kfz.251/22,,3.0,,True,https://wiki.warthunder.com/unit/germ_sdkfz_251_22,2026-09-27T16:12:51.974611+00:00,Official War Thunder Wiki RB BR
germ_sdkfz_251_9,Sd.Kfz.251/9,,1.3,,False,https://wiki.warthunder.com/unit/germ_sdkfz_251_9,2026-09-27T16:12:54.055282+00:00,Official War Thunder Wiki RB BR
germ_sdkfz_6_2_flak36,Sd.Kfz. 6/2,,2.3,,False,https://wiki.warthunder.com/unit/germ_sdkfz_6_2_flak36,2026-09-27T16:12:55.962332+00:00,Official War Thunder Wiki RB BR
germ_sdkfz_9_flak37,"8,8 cm Flak 37 Sfl.",,4.0,,False,https://wiki.warthunder.com/unit/germ_sdkfz_9_flak37,2026-09-27T16:12:57.865348+00:00,Official War Thunder Wiki RB BR
germ_sk105_a2,JaPz.K A2,,8.7,,False,https://wiki.warthunder.com/unit/germ_sk105_a2,2026-09-27T16:13:00.295333+00:00,Official War Thunder Wiki RB BR
germ_sppz2_luchs_a2,Luchs A2,,7.3,,False,https://wiki.warthunder.com/unit/germ_sppz2_luchs_a2,2026-09-27T16:13:02.718448+00:00,Official War Thunder Wiki RB BR
germ_spz_12_3,SPz 12-3 LGS,,7.0,,True,https://wiki.warthunder.com/unit/germ_spz_12_3,2026-09-27T16:13:05.246639+00:00,Official War Thunder Wiki RB BR
germ_spz_oerlikon_raketenautomat,Raketenautomat,,8.0,,False,https://wiki.warthunder.com/unit/germ_spz_oerlikon_raketenautomat,2026-09-27T16:13:07.087272+00:00,Official War Thunder Wiki RB BR
germ_stug_III_ausf_A,StuG III A,,2.3,,False,https://wiki.warthunder.com/unit/germ_stug_III_ausf_A,2026-09-27T16:13:09.017452+00:00,Official War Thunder Wiki RB BR
germ_stug_III_ausf_F,StuG III F,,3.3,,False,https://wiki.warthunder.com/unit/germ_stug_III_ausf_F,2026-09-27T16:13:11.582758+00:00,Official War Thunder Wiki RB BR
germ_stug_III_ausf_G,StuG III G,,4.0,,False,https://wiki.warthunder.com/unit/germ_stug_III_ausf_G,2026-09-27T16:13:13.523939+00:00,Official War Thunder Wiki RB BR
germ_stuh_III_ausf_G,StuH 42 G,,3.0,,False,https://wiki.warthunder.com/unit/germ_stuh_III_ausf_G,2026-09-27T16:13:16.055348+00:00,Official War Thunder Wiki RB BR
germ_sturmmorser_sturmtiger,38 cm Sturmmörser,,5.7,,True,https://wiki.warthunder.com/unit/germ_sturmmorser_sturmtiger,2026-09-27T16:13:18.219225+00:00,Official War Thunder Wiki RB BR
germ_sturmpanzer_II,Sturmpanzer II,,1.0,,False,https://wiki.warthunder.com/unit/germ_sturmpanzer_II,2026-09-27T16:13:20.829210+00:00,Official War Thunder Wiki RB BR
germ_sturmpanzer_IV_brummbar,Brummbär,,4.3,,True,https://wiki.warthunder.com/unit/germ_sturmpanzer_IV_brummbar,2026-09-27T16:13:23.087851+00:00,Official War Thunder Wiki RB BR
germ_t_34_747,T 34 747 (r),,4.3,,True,https://wiki.warthunder.com/unit/germ_t_34_747,2026-09-27T16:13:25.426802+00:00,Official War Thunder Wiki RB BR
germ_th_400,R400,,9.7,,False,https://wiki.warthunder.com/unit/germ_th_400,2026-09-27T16:13:27.790646+00:00,Official War Thunder Wiki RB BR
germ_th_800_bismark,Class 3 (P),,9.0,,False,https://wiki.warthunder.com/unit/germ_th_800_bismark,2026-09-27T16:13:29.928459+00:00,Official War Thunder Wiki RB BR
germ_thyssen_henschel_tam,TAM,,9.0,,False,https://wiki.warthunder.com/unit/germ_thyssen_henschel_tam,2026-09-27T16:13:32.401821+00:00,Official War Thunder Wiki RB BR
germ_thyssen_henschel_tam_2c,TAM 2C,,10.3,,False,https://wiki.warthunder.com/unit/germ_thyssen_henschel_tam_2c,2026-09-27T16:13:35.047161+00:00,Official War Thunder Wiki RB BR
germ_thyssen_henschel_tam_2ip,TAM 2IP,,9.3,,True,https://wiki.warthunder.com/unit/germ_thyssen_henschel_tam_2ip,2026-09-27T16:13:37.334344+00:00,Official War Thunder Wiki RB BR
germ_vilkas,Vilkas,,10.7,,False,https://wiki.warthunder.com/unit/germ_vilkas,2026-09-27T16:13:39.784723+00:00,Official War Thunder Wiki RB BR
germ_vk_3002m,VK 3002 (M),,5.0,,False,https://wiki.warthunder.com/unit/germ_vk_3002m,2026-09-27T16:13:42.310178+00:00,Official War Thunder Wiki RB BR
germ_vsw_flak_41,VFW,,5.7,,True,https://wiki.warthunder.com/unit/germ_vsw_flak_41,2026-09-27T16:13:44.271318+00:00,Official War Thunder Wiki RB BR
germ_vt_1_2,VT1-2,,8.7,,False,https://wiki.warthunder.com/unit/germ_vt_1_2,2026-09-27T16:13:45.780713+00:00,Official War Thunder Wiki RB BR
germ_waffentrager_krupp_steyr,Waffenträger,,5.7,,False,https://wiki.warthunder.com/unit/germ_waffentrager_krupp_steyr,2026-09-27T16:13:47.880715+00:00,Official War Thunder Wiki RB BR
germ_wiesel_1_mk20,Wiesel 1A4,,7.3,,False,https://wiki.warthunder.com/unit/germ_wiesel_1_mk20,2026-09-27T16:13:49.777362+00:00,Official War Thunder Wiki RB BR
germ_wiesel_1_tow,Wiesel 1A2,,9.7,,False,https://wiki.warthunder.com/unit/germ_wiesel_1_tow,2026-09-27T16:13:51.880516+00:00,Official War Thunder Wiki RB BR
germ_wiesel_2_adwc,Ozelot,,9.7,,False,https://wiki.warthunder.com/unit/germ_wiesel_2_adwc,2026-09-27T16:13:53.979827+00:00,Official War Thunder Wiki RB BR
il_aml_90,AML-90,,7.7,,False,https://wiki.warthunder.com/unit/il_aml_90,2026-09-27T16:13:55.939036+00:00,Official War Thunder Wiki RB BR
il_amx_13_75,AMX-13,,7.0,,False,https://wiki.warthunder.com/unit/il_amx_13_75,2026-09-27T16:13:58.481763+00:00,Official War Thunder Wiki RB BR
il_centurion_mk_5_shot,Sho't,,7.7,,False,https://wiki.warthunder.com/unit/il_centurion_mk_5_shot,2026-09-27T16:14:00.756262+00:00,Official War Thunder Wiki RB BR
il_centurion_shot_kal_alef,Sho't Kal Alef,,8.0,,False,https://wiki.warthunder.com/unit/il_centurion_shot_kal_alef,2026-09-27T16:14:02.812733+00:00,Official War Thunder Wiki RB BR
il_centurion_shot_kal_d,Sho't Kal Dalet,,9.0,,True,https://wiki.warthunder.com/unit/il_centurion_shot_kal_d,2026-09-27T16:14:04.548149+00:00,Official War Thunder Wiki RB BR
il_centurion_shot_kal_gimel,Sho't Kal Gimel,,8.7,,False,https://wiki.warthunder.com/unit/il_centurion_shot_kal_gimel,2026-09-27T16:14:06.334705+00:00,Official War Thunder Wiki RB BR
il_eitan,Eitan (P),,11.3,,False,https://wiki.warthunder.com/unit/il_eitan,2026-09-27T16:14:08.307921+00:00,Official War Thunder Wiki RB BR
il_hunter_afv,Hunter AFV,,10.7,,False,https://wiki.warthunder.com/unit/il_hunter_afv,2026-09-27T16:14:10.117880+00:00,Official War Thunder Wiki RB BR
il_leopard_2a6_hel,◐Leopard 2HEL,,12.7,,False,https://wiki.warthunder.com/unit/il_leopard_2a6_hel,2026-09-27T16:14:11.989063+00:00,Official War Thunder Wiki RB BR
il_m109,M109,,5.7,,False,https://wiki.warthunder.com/unit/il_m109,2026-09-27T16:14:13.848043+00:00,Official War Thunder Wiki RB BR
il_m109a1,Rochev,,6.0,,False,https://wiki.warthunder.com/unit/il_m109a1,2026-09-27T16:14:15.903072+00:00,Official War Thunder Wiki RB BR
il_m113_hvms,Bardelas/60mm HVMS,,7.7,,False,https://wiki.warthunder.com/unit/il_m113_hvms,2026-09-27T16:14:17.941834+00:00,Official War Thunder Wiki RB BR
il_m113a1_tow,Giraf,,8.3,,False,https://wiki.warthunder.com/unit/il_m113a1_tow,2026-09-27T16:14:20.351541+00:00,Official War Thunder Wiki RB BR
il_m163_vulcan,Hovet,,7.3,,False,https://wiki.warthunder.com/unit/il_m163_vulcan,2026-09-27T16:14:22.469451+00:00,Official War Thunder Wiki RB BR
il_m48a1_patton_III,Magach 1,,7.7,,False,https://wiki.warthunder.com/unit/il_m48a1_patton_III,2026-09-27T16:14:24.657995+00:00,Official War Thunder Wiki RB BR
il_m_51,M-51,,6.3,,False,https://wiki.warthunder.com/unit/il_m_51,2026-09-27T16:14:26.269337+00:00,Official War Thunder Wiki RB BR
il_m_51_w,M-51 (W),,6.3,,True,https://wiki.warthunder.com/unit/il_m_51_w,2026-09-27T16:14:28.149007+00:00,Official War Thunder Wiki RB BR
il_machbet,Machbet,,9.3,,False,https://wiki.warthunder.com/unit/il_machbet,2026-09-27T16:14:30.487667+00:00,Official War Thunder Wiki RB BR
il_magach_2,Magach 2,,7.7,,False,https://wiki.warthunder.com/unit/il_magach_2,2026-09-27T16:14:32.812079+00:00,Official War Thunder Wiki RB BR
il_magach_3,Magach 3 (ERA),,8.0,,True,https://wiki.warthunder.com/unit/il_magach_3,2026-09-27T16:14:34.997891+00:00,Official War Thunder Wiki RB BR
il_magach_3_idf,Magach 3,,8.0,,False,https://wiki.warthunder.com/unit/il_magach_3_idf,2026-09-27T16:14:36.824861+00:00,Official War Thunder Wiki RB BR
il_magach_5,Magach 5,,8.0,,False,https://wiki.warthunder.com/unit/il_magach_5,2026-09-27T16:14:38.851636+00:00,Official War Thunder Wiki RB BR
il_magach_6,Magach 6,,8.0,,False,https://wiki.warthunder.com/unit/il_magach_6,2026-09-27T16:14:41.423344+00:00,Official War Thunder Wiki RB BR
il_magach_6_rocket,Magach Hydra,,8.7,,False,https://wiki.warthunder.com/unit/il_magach_6_rocket,2026-09-27T16:14:43.957079+00:00,Official War Thunder Wiki RB BR
il_magach_6a,Magach 6A,,8.0,,False,https://wiki.warthunder.com/unit/il_magach_6a,2026-09-27T16:14:46.245343+00:00,Official War Thunder Wiki RB BR
il_magach_6b,Magach 6B,,8.7,,False,https://wiki.warthunder.com/unit/il_magach_6b,2026-09-27T16:14:48.561005+00:00,Official War Thunder Wiki RB BR
il_magach_6b_gal,Magach 6B Gal,,9.3,,False,https://wiki.warthunder.com/unit/il_magach_6b_gal,2026-09-27T16:14:51.186684+00:00,Official War Thunder Wiki RB BR
il_magach_6b_gal_batash,Gal Batash,,9.3,,False,https://wiki.warthunder.com/unit/il_magach_6b_gal_batash,2026-09-27T16:14:53.065255+00:00,Official War Thunder Wiki RB BR
il_magach_6c,Magach 6C,,9.3,,False,https://wiki.warthunder.com/unit/il_magach_6c,2026-09-27T16:14:54.964293+00:00,Official War Thunder Wiki RB BR
il_magach_6m,Magach 6M,,9.0,,False,https://wiki.warthunder.com/unit/il_magach_6m,2026-09-27T16:14:57.555733+00:00,Official War Thunder Wiki RB BR
il_magach_6r,Magach 6R,,8.7,,False,https://wiki.warthunder.com/unit/il_magach_6r,2026-09-27T16:14:59.684581+00:00,Official War Thunder Wiki RB BR
il_magach_7c,Magach 7C,,9.3,,False,https://wiki.warthunder.com/unit/il_magach_7c,2026-09-27T16:15:01.449148+00:00,Official War Thunder Wiki RB BR
il_merkava_mk_1,Merkava Mk.1,,9.3,,False,https://wiki.warthunder.com/unit/il_merkava_mk_1,2026-09-27T16:15:03.530078+00:00,Official War Thunder Wiki RB BR
il_merkava_mk_1b,Merkava Mk.1B,,9.7,,False,https://wiki.warthunder.com/unit/il_merkava_mk_1b,2026-09-27T16:15:05.996739+00:00,Official War Thunder Wiki RB BR
il_merkava_mk_2b_early,Merkava Mk.2B,,9.7,,False,https://wiki.warthunder.com/unit/il_merkava_mk_2b_early,2026-09-27T16:15:08.592445+00:00,Official War Thunder Wiki RB BR
il_merkava_mk_2d,Merkava Mk.2D,,10.0,,True,https://wiki.warthunder.com/unit/il_merkava_mk_2d,2026-09-27T16:15:10.651375+00:00,Official War Thunder Wiki RB BR
il_merkava_mk_3_raam_segol,Ra'am Sagol,,11.3,,True,https://wiki.warthunder.com/unit/il_merkava_mk_3_raam_segol,2026-09-27T16:15:12.627093+00:00,Official War Thunder Wiki RB BR
il_merkava_mk_3b,Merkava Mk.3B,,11.3,,False,https://wiki.warthunder.com/unit/il_merkava_mk_3b,2026-09-27T16:15:14.844231+00:00,Official War Thunder Wiki RB BR
il_merkava_mk_3c,Merkava Mk.3C,,11.3,,False,https://wiki.warthunder.com/unit/il_merkava_mk_3c,2026-09-27T16:15:17.424785+00:00,Official War Thunder Wiki RB BR
il_merkava_mk_4_lic,Merkava Mk.4 LIC,,12.3,,False,https://wiki.warthunder.com/unit/il_merkava_mk_4_lic,2026-09-27T16:15:20.092474+00:00,Official War Thunder Wiki RB BR
il_merkava_mk_4b,Merkava Mk.4B,,12.3,,False,https://wiki.warthunder.com/unit/il_merkava_mk_4b,2026-09-27T16:15:22.185023+00:00,Official War Thunder Wiki RB BR
il_merkava_mk_4m,Merkava Mk.4M,,12.7,,False,https://wiki.warthunder.com/unit/il_merkava_mk_4m,2026-09-27T16:15:24.638738+00:00,Official War Thunder Wiki RB BR
il_mim_72_chaparral,Imp.Chaparral,,9.3,,False,https://wiki.warthunder.com/unit/il_mim_72_chaparral,2026-09-27T16:15:26.372520+00:00,Official War Thunder Wiki RB BR
il_namer_rcws_30,Namer 30,,11.3,,False,https://wiki.warthunder.com/unit/il_namer_rcws_30,2026-09-27T16:15:27.964073+00:00,Official War Thunder Wiki RB BR
il_namer_tsrikhon,Namer Tsrikhon,,11.3,,False,https://wiki.warthunder.com/unit/il_namer_tsrikhon,2026-09-27T16:15:29.906912+00:00,Official War Thunder Wiki RB BR
il_sabra_mk1,Sabra Mk.I,,10.0,,False,https://wiki.warthunder.com/unit/il_sabra_mk1,2026-09-27T16:15:31.773270+00:00,Official War Thunder Wiki RB BR
il_sholef,Sholef,,7.3,,True,https://wiki.warthunder.com/unit/il_sholef,2026-09-27T16:15:33.996449+00:00,Official War Thunder Wiki RB BR
il_spyder_aio,SPYDER,,12.7,,False,https://wiki.warthunder.com/unit/il_spyder_aio,2026-09-27T16:15:36.109647+00:00,Official War Thunder Wiki RB BR
il_ss_11_halftrack,Zachlam Tager,,6.7,,False,https://wiki.warthunder.com/unit/il_ss_11_halftrack,2026-09-27T16:15:37.851957+00:00,Official War Thunder Wiki RB BR
il_tcm_20,TCM-20,,4.3,,False,https://wiki.warthunder.com/unit/il_tcm_20,2026-09-27T16:15:39.954156+00:00,Official War Thunder Wiki RB BR
il_tiran_4,Tiran 4,,8.0,,False,https://wiki.warthunder.com/unit/il_tiran_4,2026-09-27T16:15:41.659842+00:00,Official War Thunder Wiki RB BR
il_tiran_4_sh,Tiran 4S,,8.0,,False,https://wiki.warthunder.com/unit/il_tiran_4_sh,2026-09-27T16:15:44.173204+00:00,Official War Thunder Wiki RB BR
il_tiran_6,Tiran 6,,8.7,,False,https://wiki.warthunder.com/unit/il_tiran_6,2026-09-27T16:15:46.034139+00:00,Official War Thunder Wiki RB BR
il_zsu_23_4,ZSU-23-4,,8.0,,False,https://wiki.warthunder.com/unit/il_zsu_23_4,2026-09-27T16:15:47.670239+00:00,Official War Thunder Wiki RB BR
il_zsu_57_2,ZSU-57-2,,7.0,,False,https://wiki.warthunder.com/unit/il_zsu_57_2,2026-09-27T16:15:49.689158+00:00,Official War Thunder Wiki RB BR
it_2s1,◔2S1,,5.7,,False,https://wiki.warthunder.com/unit/it_2s1,2026-09-27T16:15:52.028200+00:00,Official War Thunder Wiki RB BR
it_39m_csaba,Csaba,,1.0,,False,https://wiki.warthunder.com/unit/it_39m_csaba,2026-09-27T16:15:54.160737+00:00,Official War Thunder Wiki RB BR
it_40_43m_zrinyi_2,Zrinyi II,,2.7,,False,https://wiki.warthunder.com/unit/it_40_43m_zrinyi_2,2026-09-27T16:15:56.232422+00:00,Official War Thunder Wiki RB BR
it_40m_turan_1,Turan I,,2.3,,False,https://wiki.warthunder.com/unit/it_40m_turan_1,2026-09-27T16:15:58.063029+00:00,Official War Thunder Wiki RB BR
it_41m_turan_2,Turan II,,2.3,,True,https://wiki.warthunder.com/unit/it_41m_turan_2,2026-09-27T16:16:00.651117+00:00,Official War Thunder Wiki RB BR
it_43m_turan_3,Turan III,,4.0,,False,https://wiki.warthunder.com/unit/it_43m_turan_3,2026-09-27T16:16:02.975563+00:00,Official War Thunder Wiki RB BR
it_44m_zrinyi_1,Zrinyi I,,4.0,,True,https://wiki.warthunder.com/unit/it_44m_zrinyi_1,2026-09-27T16:16:05.220754+00:00,Official War Thunder Wiki RB BR
it_9a33bm3,Osa-AKM,,10.3,,False,https://wiki.warthunder.com/unit/it_9a33bm3,2026-09-27T16:16:07.222459+00:00,Official War Thunder Wiki RB BR
it_9a35_m,Стрела-10М,,10.3,,False,https://wiki.warthunder.com/unit/it_9a35_m,2026-09-27T16:16:09.541686+00:00,Official War Thunder Wiki RB BR
it_ab_41,AB 41,,1.0,,False,https://wiki.warthunder.com/unit/it_ab_41,2026-09-27T16:16:12.048628+00:00,Official War Thunder Wiki RB BR
it_ab_43,AB 43,,2.7,,False,https://wiki.warthunder.com/unit/it_ab_43,2026-09-27T16:16:14.204346+00:00,Official War Thunder Wiki RB BR
it_ariete_amv_pt1,Ariete AMV,,12.3,,False,https://wiki.warthunder.com/unit/it_ariete_amv_pt1,2026-09-27T16:16:15.955100+00:00,Official War Thunder Wiki RB BR
it_as_42_47,AS 42/47,,2.0,,False,https://wiki.warthunder.com/unit/it_as_42_47,2026-09-27T16:16:18.318078+00:00,Official War Thunder Wiki RB BR
it_as_42_metropolitana,AS 42,,1.3,,False,https://wiki.warthunder.com/unit/it_as_42_metropolitana,2026-09-27T16:16:20.252809+00:00,Official War Thunder Wiki RB BR
it_aubl_74_60_70m,AUBL/74 HVG,,8.0,,True,https://wiki.warthunder.com/unit/it_aubl_74_60_70m,2026-09-27T16:16:22.570896+00:00,Official War Thunder Wiki RB BR
it_b1_centauro,Centauro I 105,,9.3,,False,https://wiki.warthunder.com/unit/it_b1_centauro,2026-09-27T16:16:24.031741+00:00,Official War Thunder Wiki RB BR
it_b1_centauro_romor,Centauro I 105 R,,9.7,,False,https://wiki.warthunder.com/unit/it_b1_centauro_romor,2026-09-27T16:16:26.343540+00:00,Official War Thunder Wiki RB BR
it_breda_52_autocannone,Breda 90/53,,4.0,,True,https://wiki.warthunder.com/unit/it_breda_52_autocannone,2026-09-27T16:16:28.641031+00:00,Official War Thunder Wiki RB BR
it_btr_80a_hungary,◔BTR-80A,,7.3,,False,https://wiki.warthunder.com/unit/it_btr_80a_hungary,2026-09-27T16:16:30.282055+00:00,Official War Thunder Wiki RB BR
it_c13_t90,C13 T90,,7.3,,False,https://wiki.warthunder.com/unit/it_c13_t90,2026-09-27T16:16:31.988553+00:00,Official War Thunder Wiki RB BR
it_c13_tua,C13/TUA,,8.3,,False,https://wiki.warthunder.com/unit/it_c13_tua,2026-09-27T16:16:33.755771+00:00,Official War Thunder Wiki RB BR
it_c1_ariete,Ariete,,11.7,,False,https://wiki.warthunder.com/unit/it_c1_ariete,2026-09-27T16:16:36.265016+00:00,Official War Thunder Wiki RB BR
it_c1_ariete_certezza,Ariete Сertezza,,11.7,,True,https://wiki.warthunder.com/unit/it_c1_ariete_certezza,2026-09-27T16:16:38.662602+00:00,Official War Thunder Wiki RB BR
it_c1_ariete_preserie,Ariete (P),,10.7,,False,https://wiki.warthunder.com/unit/it_c1_ariete_preserie,2026-09-27T16:16:41.232134+00:00,Official War Thunder Wiki RB BR
it_c1_ariete_pso,Ariete PSO,,11.7,,False,https://wiki.warthunder.com/unit/it_c1_ariete_pso,2026-09-27T16:16:43.120007+00:00,Official War Thunder Wiki RB BR
it_centauro_2,Centauro II (P),,12.3,,False,https://wiki.warthunder.com/unit/it_centauro_2,2026-09-27T16:16:45.411571+00:00,Official War Thunder Wiki RB BR
it_centauro_mgs_120,Centauro I 120,,11.7,,False,https://wiki.warthunder.com/unit/it_centauro_mgs_120,2026-09-27T16:16:47.609113+00:00,Official War Thunder Wiki RB BR
it_centauro_rgo_120,Centauro RGO,,11.7,,True,https://wiki.warthunder.com/unit/it_centauro_rgo_120,2026-09-27T16:16:49.866329+00:00,Official War Thunder Wiki RB BR
it_dardo_vcc,Dardo,,10.0,,False,https://wiki.warthunder.com/unit/it_dardo_vcc,2026-09-27T16:16:51.961023+00:00,Official War Thunder Wiki RB BR
it_fiat_6614_106sr,FIAT 6614,,6.7,,False,https://wiki.warthunder.com/unit/it_fiat_6614_106sr,2026-09-27T16:16:54.609424+00:00,Official War Thunder Wiki RB BR
it_fiat_6614_firos,FIROS 6,,7.7,,False,https://wiki.warthunder.com/unit/it_fiat_6614_firos,2026-09-27T16:16:56.434875+00:00,Official War Thunder Wiki RB BR
it_fiat_6616_cockerill,AUBL/74,,6.7,,False,https://wiki.warthunder.com/unit/it_fiat_6616_cockerill,2026-09-27T16:16:57.922193+00:00,Official War Thunder Wiki RB BR
it_fiat_6616_ub,FIAT 6616UB,,6.0,,True,https://wiki.warthunder.com/unit/it_fiat_6616_ub,2026-09-27T16:17:00.043605+00:00,Official War Thunder Wiki RB BR
it_fiat_cm52,CM52,,2.3,,False,https://wiki.warthunder.com/unit/it_fiat_cm52,2026-09-27T16:17:02.590263+00:00,Official War Thunder Wiki RB BR
it_freccia,Freccia,,11.0,,False,https://wiki.warthunder.com/unit/it_freccia,2026-09-27T16:17:04.433809+00:00,Official War Thunder Wiki RB BR
it_freccia_hitfist_ows,Freccia OWS 30,,10.7,,False,https://wiki.warthunder.com/unit/it_freccia_hitfist_ows,2026-09-27T16:17:06.577553+00:00,Official War Thunder Wiki RB BR
it_kf_41,KF41,,11.0,,False,https://wiki.warthunder.com/unit/it_kf_41,2026-09-27T16:17:09.318880+00:00,Official War Thunder Wiki RB BR
it_l3_cc,L3/33 CC,,1.0,,False,https://wiki.warthunder.com/unit/it_l3_cc,2026-09-27T16:17:11.180020+00:00,Official War Thunder Wiki RB BR
it_l6,L6/40,,1.0,,False,https://wiki.warthunder.com/unit/it_l6,2026-09-27T16:17:13.655275+00:00,Official War Thunder Wiki RB BR
it_l6_leone,L6/40 (31 Rgt.),,1.0,,True,https://wiki.warthunder.com/unit/it_l6_leone,2026-09-27T16:17:15.698320+00:00,Official War Thunder Wiki RB BR
it_lancia3ro_100,Lancia 3Ro (100/17),,1.7,,False,https://wiki.warthunder.com/unit/it_lancia3ro_100,2026-09-27T16:17:17.334729+00:00,Official War Thunder Wiki RB BR
it_leopard_1a2,Leopard 1A2,,8.0,,False,https://wiki.warthunder.com/unit/it_leopard_1a2,2026-09-27T16:17:19.066327+00:00,Official War Thunder Wiki RB BR
it_leopard_1a5,Leopard 1A5,,9.3,,False,https://wiki.warthunder.com/unit/it_leopard_1a5,2026-09-27T16:17:20.752691+00:00,Official War Thunder Wiki RB BR
it_leopard_2a4,◔Leopard 2A4,,10.7,,False,https://wiki.warthunder.com/unit/it_leopard_2a4,2026-09-27T16:17:22.522763+00:00,Official War Thunder Wiki RB BR
it_leopard_2a7_hungary,Leopard 2A7HU,,12.7,,False,https://wiki.warthunder.com/unit/it_leopard_2a7_hungary,2026-09-27T16:17:24.786880+00:00,Official War Thunder Wiki RB BR
it_leopard_bofors,Leopard 40/70,,6.0,,False,https://wiki.warthunder.com/unit/it_leopard_bofors,2026-09-27T16:17:27.438141+00:00,Official War Thunder Wiki RB BR
it_m109g,M109G,,5.7,,False,https://wiki.warthunder.com/unit/it_m109g,2026-09-27T16:17:29.660813+00:00,Official War Thunder Wiki RB BR
it_m113a1_tow,M113A1 (TOW),,8.3,,False,https://wiki.warthunder.com/unit/it_m113a1_tow,2026-09-27T16:17:31.248423+00:00,Official War Thunder Wiki RB BR
it_m11_39,M11/39,,1.0,,False,https://wiki.warthunder.com/unit/it_m11_39,2026-09-27T16:17:33.056165+00:00,Official War Thunder Wiki RB BR
it_m13_40_serie_1,M13/40 (I),,1.7,,False,https://wiki.warthunder.com/unit/it_m13_40_serie_1,2026-09-27T16:17:35.033559+00:00,Official War Thunder Wiki RB BR
it_m13_40_serie_2,M13/40 (II),,2.0,,True,https://wiki.warthunder.com/unit/it_m13_40_serie_2,2026-09-27T16:17:37.528059+00:00,Official War Thunder Wiki RB BR
it_m13_40_serie_3,M13/40 (III),,2.0,,False,https://wiki.warthunder.com/unit/it_m13_40_serie_3,2026-09-27T16:17:39.606532+00:00,Official War Thunder Wiki RB BR
it_m14_41,M14/41,,2.0,,False,https://wiki.warthunder.com/unit/it_m14_41,2026-09-27T16:17:41.917987+00:00,Official War Thunder Wiki RB BR
it_m14_41_47_40,M14/41 (47/40),,2.3,,True,https://wiki.warthunder.com/unit/it_m14_41_47_40,2026-09-27T16:17:43.511247+00:00,Official War Thunder Wiki RB BR
it_m15_42,M15/42,,2.7,,False,https://wiki.warthunder.com/unit/it_m15_42,2026-09-27T16:17:46.036635+00:00,Official War Thunder Wiki RB BR
it_m15_42_contraereo,M42 Contraereo,,3.7,,False,https://wiki.warthunder.com/unit/it_m15_42_contraereo,2026-09-27T16:17:48.166625+00:00,Official War Thunder Wiki RB BR
it_m18_hellcat,M18,,6.0,,False,https://wiki.warthunder.com/unit/it_m18_hellcat,2026-09-27T16:17:50.434957+00:00,Official War Thunder Wiki RB BR
it_m24_chaffee,M24,,4.0,,False,https://wiki.warthunder.com/unit/it_m24_chaffee,2026-09-27T16:17:52.763944+00:00,Official War Thunder Wiki RB BR
it_m26_ariete,"M26 ""D.C.Ariete""",,6.7,,True,https://wiki.warthunder.com/unit/it_m26_ariete,2026-09-27T16:17:54.656984+00:00,Official War Thunder Wiki RB BR
it_m26a1_pershing,M26A1,,6.7,,False,https://wiki.warthunder.com/unit/it_m26a1_pershing,2026-09-27T16:17:57.090017+00:00,Official War Thunder Wiki RB BR
it_m36b1,M36B1,,5.7,,False,https://wiki.warthunder.com/unit/it_m36b1,2026-09-27T16:17:58.718463+00:00,Official War Thunder Wiki RB BR
it_m3a3_stuart,M3A3,,2.7,,False,https://wiki.warthunder.com/unit/it_m3a3_stuart,2026-09-27T16:18:00.448231+00:00,Official War Thunder Wiki RB BR
it_m44,M44,,3.7,,False,https://wiki.warthunder.com/unit/it_m44,2026-09-27T16:18:02.652036+00:00,Official War Thunder Wiki RB BR
it_m47_105,M47 (105/55),,7.7,,False,https://wiki.warthunder.com/unit/it_m47_105,2026-09-27T16:18:04.489301+00:00,Official War Thunder Wiki RB BR
it_m4a4_sherman,Sherman V,,3.7,,False,https://wiki.warthunder.com/unit/it_m4a4_sherman,2026-09-27T16:18:06.636491+00:00,Official War Thunder Wiki RB BR
it_m55,M55,,3.7,,False,https://wiki.warthunder.com/unit/it_m55,2026-09-27T16:18:08.695913+00:00,Official War Thunder Wiki RB BR
it_m60a1_ariete,"M60A1 ""D.C.Ariete""",,8.0,,True,https://wiki.warthunder.com/unit/it_m60a1_ariete,2026-09-27T16:18:10.760616+00:00,Official War Thunder Wiki RB BR
it_of_40_mk_1,OF-40,,8.0,,False,https://wiki.warthunder.com/unit/it_of_40_mk_1,2026-09-27T16:18:12.507633+00:00,Official War Thunder Wiki RB BR
it_of_40_mk_2a,OF-40 Mk.2A,,9.0,,False,https://wiki.warthunder.com/unit/it_of_40_mk_2a,2026-09-27T16:18:14.755920+00:00,Official War Thunder Wiki RB BR
it_of_40_mtca,OF-40 (MTCA),,9.3,,True,https://wiki.warthunder.com/unit/it_of_40_mtca,2026-09-27T16:18:16.859817+00:00,Official War Thunder Wiki RB BR
it_oto_r3_106sr,R3 T106 FA,,8.0,,False,https://wiki.warthunder.com/unit/it_oto_r3_106sr,2026-09-27T16:18:19.008267+00:00,Official War Thunder Wiki RB BR
it_oto_r3_t20_fa,R3 T20 FA-HS,,6.0,,False,https://wiki.warthunder.com/unit/it_oto_r3_t20_fa,2026-09-27T16:18:21.077864+00:00,Official War Thunder Wiki RB BR
it_otobreda_sidam_25,SIDAM 25,,8.0,,False,https://wiki.warthunder.com/unit/it_otobreda_sidam_25,2026-09-27T16:18:23.315804+00:00,Official War Thunder Wiki RB BR
it_otobreda_sidam_25_mistral,SIDAM 25 (Mistral),,9.7,,False,https://wiki.warthunder.com/unit/it_otobreda_sidam_25_mistral,2026-09-27T16:18:25.136984+00:00,Official War Thunder Wiki RB BR
it_otomatic,OTOMATIC,,11.3,,False,https://wiki.warthunder.com/unit/it_otomatic,2026-09-27T16:18:26.749527+00:00,Official War Thunder Wiki RB BR
it_p_26_40,"P40 ""G.C. Leoncello""",,3.3,,True,https://wiki.warthunder.com/unit/it_p_26_40,2026-09-27T16:18:28.551728+00:00,Official War Thunder Wiki RB BR
it_p_40,P40,,3.3,,False,https://wiki.warthunder.com/unit/it_p_40,2026-09-27T16:18:30.861804+00:00,Official War Thunder Wiki RB BR
it_palmaria,Palmaria,,6.7,,False,https://wiki.warthunder.com/unit/it_palmaria,2026-09-27T16:18:32.505851+00:00,Official War Thunder Wiki RB BR
it_pzh_2000,PzH 2000,,7.7,,False,https://wiki.warthunder.com/unit/it_pzh_2000,2026-09-27T16:18:34.556358+00:00,Official War Thunder Wiki RB BR
it_pzh_2000_hu,PzH 2000HU,,7.7,,True,https://wiki.warthunder.com/unit/it_pzh_2000_hu,2026-09-27T16:18:37.013877+00:00,Official War Thunder Wiki RB BR
it_pzkpfw_III_ausf_N,Pz.III N,,3.3,,False,https://wiki.warthunder.com/unit/it_pzkpfw_III_ausf_N,2026-09-27T16:18:38.828213+00:00,Official War Thunder Wiki RB BR
it_pzkpfw_IV_ausf_G,Pz.IV G,,4.0,,True,https://wiki.warthunder.com/unit/it_pzkpfw_IV_ausf_G,2026-09-27T16:18:40.703980+00:00,Official War Thunder Wiki RB BR
it_pzkpfw_VI_ausf_e_tiger,Tigris,,6.0,,True,https://wiki.warthunder.com/unit/it_pzkpfw_VI_ausf_e_tiger,2026-09-27T16:18:43.045257+00:00,Official War Thunder Wiki RB BR
it_sahariano,Celere Sahariano,,2.7,,True,https://wiki.warthunder.com/unit/it_sahariano,2026-09-27T16:18:45.447077+00:00,Official War Thunder Wiki RB BR
it_samp_t_fcs,FSAF SAMP/T (СОЦ),,12.7,,False,https://wiki.warthunder.com/unit/it_samp_t_fcs,2026-09-27T16:18:47.548314+00:00,Official War Thunder Wiki RB BR
it_semovente_breda_501,Breda 501,,5.0,,False,https://wiki.warthunder.com/unit/it_semovente_breda_501,2026-09-27T16:18:49.317305+00:00,Official War Thunder Wiki RB BR
it_semovente_l40,47/32 L40,,1.3,,False,https://wiki.warthunder.com/unit/it_semovente_l40,2026-09-27T16:18:51.766986+00:00,Official War Thunder Wiki RB BR
it_semovente_m41_75_18,75/18 M41,,2.0,,False,https://wiki.warthunder.com/unit/it_semovente_m41_75_18,2026-09-27T16:18:53.875569+00:00,Official War Thunder Wiki RB BR
it_semovente_m41_75_32,75/32 M41,,2.3,,False,https://wiki.warthunder.com/unit/it_semovente_m41_75_32,2026-09-27T16:18:56.194810+00:00,Official War Thunder Wiki RB BR
it_semovente_m41m_90,90/53 M41M,,3.7,,False,https://wiki.warthunder.com/unit/it_semovente_m41m_90,2026-09-27T16:18:58.633050+00:00,Official War Thunder Wiki RB BR
it_semovente_m42_75_34,75/34 M42,,2.3,,False,https://wiki.warthunder.com/unit/it_semovente_m42_75_34,2026-09-27T16:19:00.892451+00:00,Official War Thunder Wiki RB BR
it_semovente_m43_105,105/25 M43,,3.0,,False,https://wiki.warthunder.com/unit/it_semovente_m43_105,2026-09-27T16:19:02.711581+00:00,Official War Thunder Wiki RB BR
it_semovente_m43_105_leoncello,"M43 ""G.C.Leoncello""",,3.0,,True,https://wiki.warthunder.com/unit/it_semovente_m43_105_leoncello,2026-09-27T16:19:04.658995+00:00,Official War Thunder Wiki RB BR
it_semovente_m43_75_34,75/34 M43,,3.3,,False,https://wiki.warthunder.com/unit/it_semovente_m43_75_34,2026-09-27T16:19:06.702064+00:00,Official War Thunder Wiki RB BR
it_semovente_m43_75_46,75/46 M43,,4.7,,False,https://wiki.warthunder.com/unit/it_semovente_m43_75_46,2026-09-27T16:19:08.742523+00:00,Official War Thunder Wiki RB BR
it_sherman_75_37,Sherman I Composito,,3.7,,True,https://wiki.warthunder.com/unit/it_sherman_75_37,2026-09-27T16:19:11.053358+00:00,Official War Thunder Wiki RB BR
it_sherman_VII,M4 Tipo IC,,4.7,,False,https://wiki.warthunder.com/unit/it_sherman_VII,2026-09-27T16:19:13.629430+00:00,Official War Thunder Wiki RB BR
it_sherman_vc_firefly,Sherman Vc,,5.0,,False,https://wiki.warthunder.com/unit/it_sherman_vc_firefly,2026-09-27T16:19:16.231213+00:00,Official War Thunder Wiki RB BR
it_stug_III_ausf_G,StuG III G,,4.0,,False,https://wiki.warthunder.com/unit/it_stug_III_ausf_G,2026-09-27T16:19:18.331971+00:00,Official War Thunder Wiki RB BR
it_t_72m1,◔T-72M1,,9.3,,False,https://wiki.warthunder.com/unit/it_t_72m1,2026-09-27T16:19:20.583937+00:00,Official War Thunder Wiki RB BR
it_toldi_II_a,Toldi IIA,,1.3,,True,https://wiki.warthunder.com/unit/it_toldi_II_a,2026-09-27T16:19:22.719284+00:00,Official War Thunder Wiki RB BR
it_vbc_pt2,VBC (PT2),,9.7,,False,https://wiki.warthunder.com/unit/it_vbc_pt2,2026-09-27T16:19:24.918229+00:00,Official War Thunder Wiki RB BR
it_vcc_80_hitfist_30,VCC-80/30,,10.0,,False,https://wiki.warthunder.com/unit/it_vcc_80_hitfist_30,2026-09-27T16:19:26.721693+00:00,Official War Thunder Wiki RB BR
it_vcc_80_hitfist_60,VCC-80/60,,9.3,,False,https://wiki.warthunder.com/unit/it_vcc_80_hitfist_60,2026-09-27T16:19:28.803470+00:00,Official War Thunder Wiki RB BR
it_vrcc_centauro,VRCC,,9.7,,True,https://wiki.warthunder.com/unit/it_vrcc_centauro,2026-09-27T16:19:31.307997+00:00,Official War Thunder Wiki RB BR
it_zsu_23_4,◔ZSU-23-4,,8.0,,False,https://wiki.warthunder.com/unit/it_zsu_23_4,2026-09-27T16:19:33.847584+00:00,Official War Thunder Wiki RB BR
it_zsu_57_2,◔ZSU-57-2,,7.0,,False,https://wiki.warthunder.com/unit/it_zsu_57_2,2026-09-27T16:19:36.295509+00:00,Official War Thunder Wiki RB BR
jp_btr_3e1,BTR-3E1,,9.0,,False,https://wiki.warthunder.com/unit/jp_btr_3e1,2026-09-27T16:19:38.842885+00:00,Official War Thunder Wiki RB BR
jp_halftrack_m16,M16 MGMC,,2.7,,False,https://wiki.warthunder.com/unit/jp_halftrack_m16,2026-09-27T16:19:41.491332+00:00,Official War Thunder Wiki RB BR
jp_harimau,Harimau,,10.3,,False,https://wiki.warthunder.com/unit/jp_harimau,2026-09-27T16:19:43.777823+00:00,Official War Thunder Wiki RB BR
jp_hiro_sha,Ro-Go Exp.,,1.7,,False,https://wiki.warthunder.com/unit/jp_hiro_sha,2026-09-27T16:19:45.532296+00:00,Official War Thunder Wiki RB BR
jp_icv_ifv_prototype,ICV (P),,9.7,,False,https://wiki.warthunder.com/unit/jp_icv_ifv_prototype,2026-09-27T16:19:47.526139+00:00,Official War Thunder Wiki RB BR
jp_icv_prototype,CTWV RCV,,9.7,,False,https://wiki.warthunder.com/unit/jp_icv_prototype,2026-09-27T16:19:49.873294+00:00,Official War Thunder Wiki RB BR
jp_leopard_2ri,Leopard 2RI,,12.7,,False,https://wiki.warthunder.com/unit/jp_leopard_2ri,2026-09-27T16:19:52.216263+00:00,Official War Thunder Wiki RB BR
jp_m163_vulcan,M163,,7.3,,False,https://wiki.warthunder.com/unit/jp_m163_vulcan,2026-09-27T16:19:54.488756+00:00,Official War Thunder Wiki RB BR
jp_m19,M19A1,,4.0,,False,https://wiki.warthunder.com/unit/jp_m19,2026-09-27T16:19:56.543192+00:00,Official War Thunder Wiki RB BR
jp_m24_chaffee,M24,,4.0,,False,https://wiki.warthunder.com/unit/jp_m24_chaffee,2026-09-27T16:19:58.828586+00:00,Official War Thunder Wiki RB BR
jp_m36b2_jgsdf,M36,,5.7,,False,https://wiki.warthunder.com/unit/jp_m36b2_jgsdf,2026-09-27T16:20:00.680272+00:00,Official War Thunder Wiki RB BR
jp_m41_walker_bulldog,M41A1,,6.3,,False,https://wiki.warthunder.com/unit/jp_m41_walker_bulldog,2026-09-27T16:20:03.124593+00:00,Official War Thunder Wiki RB BR
jp_m42_duster,M42,,4.0,,False,https://wiki.warthunder.com/unit/jp_m42_duster,2026-09-27T16:20:04.847430+00:00,Official War Thunder Wiki RB BR
jp_m44,M44,,3.7,,False,https://wiki.warthunder.com/unit/jp_m44,2026-09-27T16:20:07.039123+00:00,Official War Thunder Wiki RB BR
jp_m47_patton_II,M47,,7.3,,False,https://wiki.warthunder.com/unit/jp_m47_patton_II,2026-09-27T16:20:08.850617+00:00,Official War Thunder Wiki RB BR
jp_m4a3e8_76w_sherman,M4A3 (76) W,,5.7,,False,https://wiki.warthunder.com/unit/jp_m4a3e8_76w_sherman,2026-09-27T16:20:10.720700+00:00,Official War Thunder Wiki RB BR
jp_m60a3_tts,M60A3 TTS,,9.0,,False,https://wiki.warthunder.com/unit/jp_m60a3_tts,2026-09-27T16:20:12.946984+00:00,Official War Thunder Wiki RB BR
jp_navy_120mm_spg,Chi-Ha LG,,3.0,,False,https://wiki.warthunder.com/unit/jp_navy_120mm_spg,2026-09-27T16:20:15.034533+00:00,Official War Thunder Wiki RB BR
jp_oplot_t,BM Oplot-T,,12.3,,False,https://wiki.warthunder.com/unit/jp_oplot_t,2026-09-27T16:20:16.889353+00:00,Official War Thunder Wiki RB BR
jp_pzkpfw_VI_ausf_e_tiger,Heavy Tank No.6,,6.0,,True,https://wiki.warthunder.com/unit/jp_pzkpfw_VI_ausf_e_tiger,2026-09-27T16:20:19.026641+00:00,Official War Thunder Wiki RB BR
jp_st_a1,ST-A1,,6.3,,False,https://wiki.warthunder.com/unit/jp_st_a1,2026-09-27T16:20:21.613620+00:00,Official War Thunder Wiki RB BR
jp_st_a2,ST-A2,,6.3,,False,https://wiki.warthunder.com/unit/jp_st_a2,2026-09-27T16:20:24.145932+00:00,Official War Thunder Wiki RB BR
jp_st_a3,ST-A3,,6.7,,False,https://wiki.warthunder.com/unit/jp_st_a3,2026-09-27T16:20:25.566649+00:00,Official War Thunder Wiki RB BR
jp_st_b1,STB-2,,8.3,,False,https://wiki.warthunder.com/unit/jp_st_b1,2026-09-27T16:20:27.299259+00:00,Official War Thunder Wiki RB BR
jp_stingray,Stingray,,9.3,,False,https://wiki.warthunder.com/unit/jp_stingray,2026-09-27T16:20:29.853071+00:00,Official War Thunder Wiki RB BR
jp_sub_i_ii_20mm,SUB-I-II,,5.3,,False,https://wiki.warthunder.com/unit/jp_sub_i_ii_20mm,2026-09-27T16:20:32.393565+00:00,Official War Thunder Wiki RB BR
jp_tkx_prot,TKX,,12.7,,False,https://wiki.warthunder.com/unit/jp_tkx_prot,2026-09-27T16:20:34.534265+00:00,Official War Thunder Wiki RB BR
jp_type_03_chusam_fcs,Type 03 (СОЦ),,12.7,,False,https://wiki.warthunder.com/unit/jp_type_03_chusam_fcs,2026-09-27T16:20:37.107090+00:00,Official War Thunder Wiki RB BR
jp_type_10,Type 10,,12.7,,False,https://wiki.warthunder.com/unit/jp_type_10,2026-09-27T16:20:39.676051+00:00,Official War Thunder Wiki RB BR
jp_type_10_prototype,TKX (P),,12.0,,False,https://wiki.warthunder.com/unit/jp_type_10_prototype,2026-09-27T16:20:42.235857+00:00,Official War Thunder Wiki RB BR
jp_type_16,Type 16,,9.7,,False,https://wiki.warthunder.com/unit/jp_type_16,2026-09-27T16:20:44.795629+00:00,Official War Thunder Wiki RB BR
jp_type_16_mcv_prot,Type 16 (P),,9.3,,False,https://wiki.warthunder.com/unit/jp_type_16_mcv_prot,2026-09-27T16:20:47.017235+00:00,Official War Thunder Wiki RB BR
jp_type_16_mod,Type 16 (FPS),,9.3,,True,https://wiki.warthunder.com/unit/jp_type_16_mod,2026-09-27T16:20:49.434033+00:00,Official War Thunder Wiki RB BR
jp_type_1_chi_he,Chi-He,,2.7,,False,https://wiki.warthunder.com/unit/jp_type_1_chi_he,2026-09-27T16:20:51.389117+00:00,Official War Thunder Wiki RB BR
jp_type_1_chi_he_5th_regiment,Chi-He (5th Regiment),,2.7,,True,https://wiki.warthunder.com/unit/jp_type_1_chi_he_5th_regiment,2026-09-27T16:20:53.829519+00:00,Official War Thunder Wiki RB BR
jp_type_2_ho_i,Ho-I,,2.0,,False,https://wiki.warthunder.com/unit/jp_type_2_ho_i,2026-09-27T16:20:55.666075+00:00,Official War Thunder Wiki RB BR
jp_type_2_ho_ni_2,Ho-Ni II,,2.0,,False,https://wiki.warthunder.com/unit/jp_type_2_ho_ni_2,2026-09-27T16:20:57.095528+00:00,Official War Thunder Wiki RB BR
jp_type_2_ka_mi,Ka-Mi,,1.0,,False,https://wiki.warthunder.com/unit/jp_type_2_ka_mi,2026-09-27T16:20:59.147095+00:00,Official War Thunder Wiki RB BR
jp_type_3_chi_nu,Chi-Nu,,3.3,,False,https://wiki.warthunder.com/unit/jp_type_3_chi_nu,2026-09-27T16:21:01.694749+00:00,Official War Thunder Wiki RB BR
jp_type_3_chi_nu_75cm_type_5,Chi-Nu II,,4.3,,True,https://wiki.warthunder.com/unit/jp_type_3_chi_nu_75cm_type_5,2026-09-27T16:21:03.503721+00:00,Official War Thunder Wiki RB BR
jp_type_3_ho_ni_I,Ho-Ni I,,2.0,,False,https://wiki.warthunder.com/unit/jp_type_3_ho_ni_I,2026-09-27T16:21:05.840002+00:00,Official War Thunder Wiki RB BR
jp_type_3_ho_ni_III,Ho-Ni III,,2.3,,False,https://wiki.warthunder.com/unit/jp_type_3_ho_ni_III,2026-09-27T16:21:07.866643+00:00,Official War Thunder Wiki RB BR
jp_type_3_ka_chi,Ka-Chi,,2.0,,True,https://wiki.warthunder.com/unit/jp_type_3_ka_chi,2026-09-27T16:21:10.226556+00:00,Official War Thunder Wiki RB BR
jp_type_4_chi_to,Chi-To,,4.7,,False,https://wiki.warthunder.com/unit/jp_type_4_chi_to,2026-09-27T16:21:12.297263+00:00,Official War Thunder Wiki RB BR
jp_type_4_chi_to_late,Chi-To Late,,4.7,,False,https://wiki.warthunder.com/unit/jp_type_4_chi_to_late,2026-09-27T16:21:14.125319+00:00,Official War Thunder Wiki RB BR
jp_type_4_ho_ro,Ho-Ro,,1.3,,False,https://wiki.warthunder.com/unit/jp_type_4_ho_ro,2026-09-27T16:21:16.578253+00:00,Official War Thunder Wiki RB BR
jp_type_5_chi_ri,Chi-Ri II,,5.7,,False,https://wiki.warthunder.com/unit/jp_type_5_chi_ri,2026-09-27T16:21:18.298042+00:00,Official War Thunder Wiki RB BR
jp_type_5_ho_ri_production,Ho-Ri Production,,7.3,,False,https://wiki.warthunder.com/unit/jp_type_5_ho_ri_production,2026-09-27T16:21:20.204892+00:00,Official War Thunder Wiki RB BR
jp_type_5_ho_ri_prototype,Ho-Ri Prototype,,6.7,,True,https://wiki.warthunder.com/unit/jp_type_5_ho_ri_prototype,2026-09-27T16:21:22.016117+00:00,Official War Thunder Wiki RB BR
jp_type_5_na_to,Na-To,,3.3,,False,https://wiki.warthunder.com/unit/jp_type_5_na_to,2026-09-27T16:21:23.881449+00:00,Official War Thunder Wiki RB BR
jp_type_60_atm,Type 60 ATM,,6.7,,False,https://wiki.warthunder.com/unit/jp_type_60_atm,2026-09-27T16:21:25.920837+00:00,Official War Thunder Wiki RB BR
jp_type_60_sprg,Type 60 SPRG (C),,6.7,,False,https://wiki.warthunder.com/unit/jp_type_60_sprg,2026-09-27T16:21:27.765459+00:00,Official War Thunder Wiki RB BR
jp_type_61,Type 61,,6.7,,False,https://wiki.warthunder.com/unit/jp_type_61,2026-09-27T16:21:30.324491+00:00,Official War Thunder Wiki RB BR
jp_type_61_mod,Type 61 (B),,6.7,,True,https://wiki.warthunder.com/unit/jp_type_61_mod,2026-09-27T16:21:32.867505+00:00,Official War Thunder Wiki RB BR
jp_type_74,Type 74 (E),,9.0,,False,https://wiki.warthunder.com/unit/jp_type_74,2026-09-27T16:21:34.976579+00:00,Official War Thunder Wiki RB BR
jp_type_74_c,Type 74 (C),,8.3,,False,https://wiki.warthunder.com/unit/jp_type_74_c,2026-09-27T16:21:37.186665+00:00,Official War Thunder Wiki RB BR
jp_type_74_f,Type 74 (F),,9.0,,False,https://wiki.warthunder.com/unit/jp_type_74_f,2026-09-27T16:21:39.708628+00:00,Official War Thunder Wiki RB BR
jp_type_74_mod_g_kai,Type 74 (G),,9.3,,True,https://wiki.warthunder.com/unit/jp_type_74_mod_g_kai,2026-09-27T16:21:41.578114+00:00,Official War Thunder Wiki RB BR
jp_type_74_red_star,Type 74 Red Star,,8.3,,True,https://wiki.warthunder.com/unit/jp_type_74_red_star,2026-09-27T16:21:43.307200+00:00,Official War Thunder Wiki RB BR
jp_type_75,Type 75 SPH,,6.3,,False,https://wiki.warthunder.com/unit/jp_type_75,2026-09-27T16:21:45.414288+00:00,Official War Thunder Wiki RB BR
jp_type_75_mlrs,Type 75 MLRS,,7.0,,True,https://wiki.warthunder.com/unit/jp_type_75_mlrs,2026-09-27T16:21:47.472000+00:00,Official War Thunder Wiki RB BR
jp_type_81_tansam,Type 81 (C),,11.7,,False,https://wiki.warthunder.com/unit/jp_type_81_tansam,2026-09-27T16:21:49.668968+00:00,Official War Thunder Wiki RB BR
jp_type_81_tansam_fcs,Tan-SAM Kai (СОЦ),,12.0,,False,https://wiki.warthunder.com/unit/jp_type_81_tansam_fcs,2026-09-27T16:21:51.748328+00:00,Official War Thunder Wiki RB BR
jp_type_87,Type 87,,8.3,,False,https://wiki.warthunder.com/unit/jp_type_87,2026-09-27T16:21:55.983073+00:00,Official War Thunder Wiki RB BR
jp_type_87_rcv,Type 87 RCV,,9.0,,False,https://wiki.warthunder.com/unit/jp_type_87_rcv,2026-09-27T16:21:58.050462+00:00,Official War Thunder Wiki RB BR
jp_type_87_rcv_prot,Type 87 RCV (P),,7.7,,False,https://wiki.warthunder.com/unit/jp_type_87_rcv_prot,2026-09-27T16:21:59.897729+00:00,Official War Thunder Wiki RB BR
jp_type_89,Type 89,,9.0,,False,https://wiki.warthunder.com/unit/jp_type_89,2026-09-27T16:22:01.583497+00:00,Official War Thunder Wiki RB BR
jp_type_89b_i_go_otsu,I-Go Ko,,1.0,,False,https://wiki.warthunder.com/unit/jp_type_89b_i_go_otsu,2026-09-27T16:22:03.834285+00:00,Official War Thunder Wiki RB BR
jp_type_90,Type 90,,11.7,,False,https://wiki.warthunder.com/unit/jp_type_90,2026-09-27T16:22:05.915464+00:00,Official War Thunder Wiki RB BR
jp_type_90b,Type 90 (B),,11.7,,False,https://wiki.warthunder.com/unit/jp_type_90b,2026-09-27T16:22:08.205688+00:00,Official War Thunder Wiki RB BR
jp_type_90b_camo,"Type 90 (B) ""Fuji""",,11.7,,True,https://wiki.warthunder.com/unit/jp_type_90b_camo,2026-09-27T16:22:10.247964+00:00,Official War Thunder Wiki RB BR
jp_type_90b_sm,◍Type 90 (B),,11.7,,True,https://wiki.warthunder.com/unit/jp_type_90b_sm,2026-09-27T16:22:12.659532+00:00,Official War Thunder Wiki RB BR
jp_type_93,Type 93,,9.3,,False,https://wiki.warthunder.com/unit/jp_type_93,2026-09-27T16:22:14.935262+00:00,Official War Thunder Wiki RB BR
jp_type_94,Type 94,,1.3,,False,https://wiki.warthunder.com/unit/jp_type_94,2026-09-27T16:22:16.902985+00:00,Official War Thunder Wiki RB BR
jp_type_95_ha_go,Ha-Go,,1.0,,False,https://wiki.warthunder.com/unit/jp_type_95_ha_go,2026-09-27T16:22:18.881595+00:00,Official War Thunder Wiki RB BR
jp_type_95_ha_go_commander,Ha-Go Commander,,1.0,,True,https://wiki.warthunder.com/unit/jp_type_95_ha_go_commander,2026-09-27T16:22:20.578536+00:00,Official War Thunder Wiki RB BR
jp_type_95_heavy,Ro-Go,,1.3,,True,https://wiki.warthunder.com/unit/jp_type_95_heavy,2026-09-27T16:22:22.982958+00:00,Official War Thunder Wiki RB BR
jp_type_95_so_ki,So-Ki,,3.0,,False,https://wiki.warthunder.com/unit/jp_type_95_so_ki,2026-09-27T16:22:25.250045+00:00,Official War Thunder Wiki RB BR
jp_type_97_chi_ha,Chi-Ha,,1.3,,False,https://wiki.warthunder.com/unit/jp_type_97_chi_ha,2026-09-27T16:22:26.984226+00:00,Official War Thunder Wiki RB BR
jp_type_97_chi_ha_12cm,Chi-Ha Short Gun,,1.7,,True,https://wiki.warthunder.com/unit/jp_type_97_chi_ha_12cm,2026-09-27T16:22:29.466780+00:00,Official War Thunder Wiki RB BR
jp_type_97_kai,Chi-Ha Kai,,2.3,,False,https://wiki.warthunder.com/unit/jp_type_97_kai,2026-09-27T16:22:31.452865+00:00,Official War Thunder Wiki RB BR
jp_type_97_kai_td,Chi-Ha Kai TD,,2.3,,False,https://wiki.warthunder.com/unit/jp_type_97_kai_td,2026-09-27T16:22:33.081062+00:00,Official War Thunder Wiki RB BR
jp_type_98_ke_ni,Ke-Ni,,1.0,,False,https://wiki.warthunder.com/unit/jp_type_98_ke_ni,2026-09-27T16:22:35.250140+00:00,Official War Thunder Wiki RB BR
jp_type_98_ta_se,Ta-Se,,1.7,,False,https://wiki.warthunder.com/unit/jp_type_98_ta_se,2026-09-27T16:22:37.125879+00:00,Official War Thunder Wiki RB BR
jp_type_99,Type 99,,7.3,,False,https://wiki.warthunder.com/unit/jp_type_99,2026-09-27T16:22:38.865504+00:00,Official War Thunder Wiki RB BR
sw_a_34_comet,Comet I,,5.3,,False,https://wiki.warthunder.com/unit/sw_a_34_comet,2026-09-27T16:22:40.286745+00:00,Official War Thunder Wiki RB BR
sw_asrad_r,ASRAD-R,,10.3,,False,https://wiki.warthunder.com/unit/sw_asrad_r,2026-09-27T16:22:42.461753+00:00,Official War Thunder Wiki RB BR
sw_bkan_1c,Bkan 1C,,6.7,,False,https://wiki.warthunder.com/unit/sw_bkan_1c,2026-09-27T16:22:44.351129+00:00,Official War Thunder Wiki RB BR
sw_bmp_2md,BMP-2MD,,8.7,,False,https://wiki.warthunder.com/unit/sw_bmp_2md,2026-09-27T16:22:46.706890+00:00,Official War Thunder Wiki RB BR
sw_bt_42,BT-42,,1.7,,False,https://wiki.warthunder.com/unit/sw_bt_42,2026-09-27T16:22:49.102869+00:00,Official War Thunder Wiki RB BR
sw_charioteer_mk_7,Charioteer Mk VII,,6.0,,False,https://wiki.warthunder.com/unit/sw_charioteer_mk_7,2026-09-27T16:22:50.811690+00:00,Official War Thunder Wiki RB BR
sw_crotale_ng,ItO 90M,,12.0,,False,https://wiki.warthunder.com/unit/sw_crotale_ng,2026-09-27T16:22:53.198714+00:00,Official War Thunder Wiki RB BR
sw_cv_90105,CV 90105 TML,,8.7,,False,https://wiki.warthunder.com/unit/sw_cv_90105,2026-09-27T16:22:54.901947+00:00,Official War Thunder Wiki RB BR
sw_cv_90105_tml,CV 90105,,10.3,,True,https://wiki.warthunder.com/unit/sw_cv_90105_tml,2026-09-27T16:22:57.703887+00:00,Official War Thunder Wiki RB BR
sw_cv_90120,CV 90120,,12.0,,False,https://wiki.warthunder.com/unit/sw_cv_90120,2026-09-27T16:22:59.906671+00:00,Official War Thunder Wiki RB BR
sw_cv_9030_fin,CV9030FIN,,9.3,,False,https://wiki.warthunder.com/unit/sw_cv_9030_fin,2026-09-27T16:23:02.414181+00:00,Official War Thunder Wiki RB BR
sw_cv_9035_dk,CV9035DK,,9.7,,True,https://wiki.warthunder.com/unit/sw_cv_9035_dk,2026-09-27T16:23:04.982876+00:00,Official War Thunder Wiki RB BR
sw_cv_90_mk4,CV 90 Mk.IV,,10.7,,False,https://wiki.warthunder.com/unit/sw_cv_90_mk4,2026-09-27T16:23:07.408206+00:00,Official War Thunder Wiki RB BR
sw_eldenhet_98,EldE 98,,12.0,,False,https://wiki.warthunder.com/unit/sw_eldenhet_98,2026-09-27T16:23:09.341247+00:00,Official War Thunder Wiki RB BR
sw_ikv_103,Ikv 103,,4.0,,False,https://wiki.warthunder.com/unit/sw_ikv_103,2026-09-27T16:23:10.988654+00:00,Official War Thunder Wiki RB BR
sw_ikv_72,Ikv 72,,1.7,,False,https://wiki.warthunder.com/unit/sw_ikv_72,2026-09-27T16:23:13.246202+00:00,Official War Thunder Wiki RB BR
sw_ikv_73,Ikv 73,,2.7,,True,https://wiki.warthunder.com/unit/sw_ikv_73,2026-09-27T16:23:14.836218+00:00,Official War Thunder Wiki RB BR
sw_ikv_91,Ikv 91,,8.0,,False,https://wiki.warthunder.com/unit/sw_ikv_91,2026-09-27T16:23:16.511921+00:00,Official War Thunder Wiki RB BR
sw_ikv_91_105,Ikv 91-105,,9.0,,False,https://wiki.warthunder.com/unit/sw_ikv_91_105,2026-09-27T16:23:18.857168+00:00,Official War Thunder Wiki RB BR
sw_itpsv_90,ItPsV Leopard,,8.7,,False,https://wiki.warthunder.com/unit/sw_itpsv_90,2026-09-27T16:23:21.337206+00:00,Official War Thunder Wiki RB BR
sw_k9_vidar,VIDAR,,8.0,,True,https://wiki.warthunder.com/unit/sw_k9_vidar,2026-09-27T16:23:23.548678+00:00,Official War Thunder Wiki RB BR
sw_kungstiger,Kungstiger,,6.3,,True,https://wiki.warthunder.com/unit/sw_kungstiger,2026-09-27T16:23:25.619223+00:00,Official War Thunder Wiki RB BR
sw_kv_1_1942_fin,KV-1 m1942,,4.7,,True,https://wiki.warthunder.com/unit/sw_kv_1_1942_fin,2026-09-27T16:23:27.455111+00:00,Official War Thunder Wiki RB BR
sw_l_62_anti_II,L-62 ANTI II,,3.3,,False,https://wiki.warthunder.com/unit/sw_l_62_anti_II,2026-09-27T16:23:29.827847+00:00,Official War Thunder Wiki RB BR
sw_lago_1,Lago I,,2.3,,False,https://wiki.warthunder.com/unit/sw_lago_1,2026-09-27T16:23:31.960451+00:00,Official War Thunder Wiki RB BR
sw_landsverk_ush_204_gk,U-SH 204 GK,,5.3,,False,https://wiki.warthunder.com/unit/sw_landsverk_ush_204_gk,2026-09-27T16:23:33.390952+00:00,Official War Thunder Wiki RB BR
sw_landsverk_ush_405,U-SH 405,,8.0,,False,https://wiki.warthunder.com/unit/sw_landsverk_ush_405,2026-09-27T16:23:35.519905+00:00,Official War Thunder Wiki RB BR
sw_leopard_1a5no,Leopard 1A5NO2,,9.3,,True,https://wiki.warthunder.com/unit/sw_leopard_1a5no,2026-09-27T16:23:37.307180+00:00,Official War Thunder Wiki RB BR
sw_leopard_2a4_fin,Leopard 2A4,,10.7,,False,https://wiki.warthunder.com/unit/sw_leopard_2a4_fin,2026-09-27T16:23:39.996734+00:00,Official War Thunder Wiki RB BR
sw_leopard_2a6nl,Leopard 2A6,,12.7,,False,https://wiki.warthunder.com/unit/sw_leopard_2a6nl,2026-09-27T16:23:42.119140+00:00,Official War Thunder Wiki RB BR
sw_lvkv_42,Lvkv 42,,4.7,,False,https://wiki.warthunder.com/unit/sw_lvkv_42,2026-09-27T16:23:44.024855+00:00,Official War Thunder Wiki RB BR
sw_lvkv_90c,Lvkv 9040C,,10.3,,False,https://wiki.warthunder.com/unit/sw_lvkv_90c,2026-09-27T16:23:46.079598+00:00,Official War Thunder Wiki RB BR
sw_lvrbv_701,Lvrbv 701,,9.7,,False,https://wiki.warthunder.com/unit/sw_lvrbv_701,2026-09-27T16:23:48.747728+00:00,Official War Thunder Wiki RB BR
sw_m24_chaffee_dk,M24DK,,4.0,,False,https://wiki.warthunder.com/unit/sw_m24_chaffee_dk,2026-09-27T16:23:51.058166+00:00,Official War Thunder Wiki RB BR
sw_nasams_fcs,NASAMS 3 (СОЦ),,12.7,,False,https://wiki.warthunder.com/unit/sw_nasams_fcs,2026-09-27T16:23:53.570375+00:00,Official War Thunder Wiki RB BR
sw_nomads,NOMADS,,12.0,,False,https://wiki.warthunder.com/unit/sw_nomads,2026-09-27T16:23:55.255368+00:00,Official War Thunder Wiki RB BR
sw_patria_amv_ctcv_105,CT-CV 105HP,,10.0,,False,https://wiki.warthunder.com/unit/sw_patria_amv_ctcv_105,2026-09-27T16:23:57.200051+00:00,Official War Thunder Wiki RB BR
sw_pbil_m40,Pbil m/40,,2.0,,True,https://wiki.warthunder.com/unit/sw_pbil_m40,2026-09-27T16:23:59.582865+00:00,Official War Thunder Wiki RB BR
sw_pbv_301,Pbv 301,,2.3,,False,https://wiki.warthunder.com/unit/sw_pbv_301,2026-09-27T16:24:01.347352+00:00,Official War Thunder Wiki RB BR
sw_pbv_302_bill,Pbv 302 (BILL),,8.7,,False,https://wiki.warthunder.com/unit/sw_pbv_302_bill,2026-09-27T16:24:03.517943+00:00,Official War Thunder Wiki RB BR
sw_pbv_501,Pbv 501,,6.7,,False,https://wiki.warthunder.com/unit/sw_pbv_501,2026-09-27T16:24:05.195842+00:00,Official War Thunder Wiki RB BR
sw_pt_76b,PT-76,,5.3,,False,https://wiki.warthunder.com/unit/sw_pt_76b,2026-09-27T16:24:07.139874+00:00,Official War Thunder Wiki RB BR
sw_pvkv_II,Pvkv II,,4.3,,False,https://wiki.warthunder.com/unit/sw_pvkv_II,2026-09-27T16:24:09.052506+00:00,Official War Thunder Wiki RB BR
sw_pvkv_III,Pvkv III,,3.3,,False,https://wiki.warthunder.com/unit/sw_pvkv_III,2026-09-27T16:24:11.052521+00:00,Official War Thunder Wiki RB BR
sw_pvkv_iv,Pvkv IV,,3.0,,False,https://wiki.warthunder.com/unit/sw_pvkv_iv,2026-09-27T16:24:13.710477+00:00,Official War Thunder Wiki RB BR
sw_pvkv_m43_1946,Pvkv m/43 (1946),,4.0,,False,https://wiki.warthunder.com/unit/sw_pvkv_m43_1946,2026-09-27T16:24:16.201235+00:00,Official War Thunder Wiki RB BR
sw_pvkv_m43_1963,Pvkv m/43 (1963),,5.0,,False,https://wiki.warthunder.com/unit/sw_pvkv_m43_1963,2026-09-27T16:24:18.051714+00:00,Official War Thunder Wiki RB BR
sw_pvlvv_fm42,Pvlvv fm/42,,1.7,,False,https://wiki.warthunder.com/unit/sw_pvlvv_fm42,2026-09-27T16:24:20.105161+00:00,Official War Thunder Wiki RB BR
sw_pvrbv_551,Pvrbv 551,,8.0,,False,https://wiki.warthunder.com/unit/sw_pvrbv_551,2026-09-27T16:24:22.073644+00:00,Official War Thunder Wiki RB BR
sw_pzkpfw_IV_ausf_J,Pz.IV,,4.0,,False,https://wiki.warthunder.com/unit/sw_pzkpfw_IV_ausf_J,2026-09-27T16:24:24.222707+00:00,Official War Thunder Wiki RB BR
sw_sav_fm48,SAV 20.12.48,,4.0,,True,https://wiki.warthunder.com/unit/sw_sav_fm48,2026-09-27T16:24:26.735732+00:00,Official War Thunder Wiki RB BR
sw_sav_m43_1944,Sav m/43 (1944),,1.7,,False,https://wiki.warthunder.com/unit/sw_sav_m43_1944,2026-09-27T16:24:28.647854+00:00,Official War Thunder Wiki RB BR
sw_sav_m43_1946,Sav m/43 (1946),,3.0,,False,https://wiki.warthunder.com/unit/sw_sav_m43_1946,2026-09-27T16:24:31.128066+00:00,Official War Thunder Wiki RB BR
sw_sherman_3_4,Sherman III/IV,,3.7,,True,https://wiki.warthunder.com/unit/sw_sherman_3_4,2026-09-27T16:24:33.023641+00:00,Official War Thunder Wiki RB BR
sw_stormpjas_fm43_44,Spj fm/43-44,,1.7,,False,https://wiki.warthunder.com/unit/sw_stormpjas_fm43_44,2026-09-27T16:24:34.789513+00:00,Official War Thunder Wiki RB BR
sw_strf_9056,Strf 9040 BILL,,10.3,,False,https://wiki.warthunder.com/unit/sw_strf_9056,2026-09-27T16:24:36.945296+00:00,Official War Thunder Wiki RB BR
sw_strf_90b,Strf 9040B,,9.7,,False,https://wiki.warthunder.com/unit/sw_strf_90b,2026-09-27T16:24:38.826296+00:00,Official War Thunder Wiki RB BR
sw_strf_90c,Strf 9040C,,10.3,,False,https://wiki.warthunder.com/unit/sw_strf_90c,2026-09-27T16:24:40.730615+00:00,Official War Thunder Wiki RB BR
sw_strv121b_christian2,Christian II,,10.7,,True,https://wiki.warthunder.com/unit/sw_strv121b_christian2,2026-09-27T16:24:42.995749+00:00,Official War Thunder Wiki RB BR
sw_strv_101,Strv 101,,8.0,,False,https://wiki.warthunder.com/unit/sw_strv_101,2026-09-27T16:24:45.627218+00:00,Official War Thunder Wiki RB BR
sw_strv_103_0,Strv 103-0,,8.0,,True,https://wiki.warthunder.com/unit/sw_strv_103_0,2026-09-27T16:24:47.419994+00:00,Official War Thunder Wiki RB BR
sw_strv_103a,Strv 103A,,8.0,,False,https://wiki.warthunder.com/unit/sw_strv_103a,2026-09-27T16:24:49.749070+00:00,Official War Thunder Wiki RB BR
sw_strv_103c,Strv 103С,,9.0,,False,https://wiki.warthunder.com/unit/sw_strv_103c,2026-09-27T16:24:52.019471+00:00,Official War Thunder Wiki RB BR
sw_strv_104,Strv 104,,8.7,,False,https://wiki.warthunder.com/unit/sw_strv_104,2026-09-27T16:24:54.233475+00:00,Official War Thunder Wiki RB BR
sw_strv_105,Strv 105,,9.3,,False,https://wiki.warthunder.com/unit/sw_strv_105,2026-09-27T16:24:56.924167+00:00,Official War Thunder Wiki RB BR
sw_strv_121,Strv 121,,10.7,,False,https://wiki.warthunder.com/unit/sw_strv_121,2026-09-27T16:24:59.047327+00:00,Official War Thunder Wiki RB BR
sw_strv_122,Strv 122A,,12.7,,False,https://wiki.warthunder.com/unit/sw_strv_122,2026-09-27T16:25:01.806541+00:00,Official War Thunder Wiki RB BR
sw_strv_122b_plss,Strv 122B PLSS,,12.7,,False,https://wiki.warthunder.com/unit/sw_strv_122b_plss,2026-09-27T16:25:04.014507+00:00,Official War Thunder Wiki RB BR
sw_strv_122b_plus,Strv 122B+,,12.7,,False,https://wiki.warthunder.com/unit/sw_strv_122b_plus,2026-09-27T16:25:06.563286+00:00,Official War Thunder Wiki RB BR
sw_strv_74,Strv 74,,5.7,,False,https://wiki.warthunder.com/unit/sw_strv_74,2026-09-27T16:25:08.971066+00:00,Official War Thunder Wiki RB BR
sw_strv_81,Strv 81,,7.7,,False,https://wiki.warthunder.com/unit/sw_strv_81,2026-09-27T16:25:11.400149+00:00,Official War Thunder Wiki RB BR
sw_strv_81_rb52,Strv 81 (RB 52),,7.7,,True,https://wiki.warthunder.com/unit/sw_strv_81_rb52,2026-09-27T16:25:13.788321+00:00,Official War Thunder Wiki RB BR
sw_strv_m31,Strv m/31,,1.0,,False,https://wiki.warthunder.com/unit/sw_strv_m31,2026-09-27T16:25:16.293460+00:00,Official War Thunder Wiki RB BR
sw_strv_m38,Strv m/38,,1.0,,False,https://wiki.warthunder.com/unit/sw_strv_m38,2026-09-27T16:25:18.457199+00:00,Official War Thunder Wiki RB BR
sw_strv_m39,Strv m/39,,1.0,,True,https://wiki.warthunder.com/unit/sw_strv_m39,2026-09-27T16:25:20.388132+00:00,Official War Thunder Wiki RB BR
sw_strv_m39_td,Strv m/39 TD,,1.0,,False,https://wiki.warthunder.com/unit/sw_strv_m39_td,2026-09-27T16:25:22.032303+00:00,Official War Thunder Wiki RB BR
sw_strv_m40l,Strv m/40L,,2.0,,False,https://wiki.warthunder.com/unit/sw_strv_m40l,2026-09-27T16:25:24.066691+00:00,Official War Thunder Wiki RB BR
sw_strv_m41_s1,Strv m/41 S-I,,2.7,,True,https://wiki.warthunder.com/unit/sw_strv_m41_s1,2026-09-27T16:25:26.762545+00:00,Official War Thunder Wiki RB BR
sw_strv_m41_s2,Strv m/41 S-II,,2.7,,False,https://wiki.warthunder.com/unit/sw_strv_m41_s2,2026-09-27T16:25:28.465798+00:00,Official War Thunder Wiki RB BR
sw_strv_m42_delat_torn,Strv m/42 DT,,5.0,,False,https://wiki.warthunder.com/unit/sw_strv_m42_delat_torn,2026-09-27T16:25:30.882516+00:00,Official War Thunder Wiki RB BR
sw_strv_m42_eh,Strv m/42 EH,,2.7,,False,https://wiki.warthunder.com/unit/sw_strv_m42_eh,2026-09-27T16:25:32.380635+00:00,Official War Thunder Wiki RB BR
sw_t_28,T-28,,1.7,,False,https://wiki.warthunder.com/unit/sw_t_28,2026-09-27T16:25:34.864695+00:00,Official War Thunder Wiki RB BR
sw_t_34_1941,T-34,,4.0,,False,https://wiki.warthunder.com/unit/sw_t_34_1941,2026-09-27T16:25:37.198732+00:00,Official War Thunder Wiki RB BR
sw_t_34_85_zis_53,T-34-85,,5.7,,False,https://wiki.warthunder.com/unit/sw_t_34_85_zis_53,2026-09-27T16:25:39.621462+00:00,Official War Thunder Wiki RB BR
sw_t_50_fin,T-50,,3.0,,True,https://wiki.warthunder.com/unit/sw_t_50_fin,2026-09-27T16:25:42.214979+00:00,Official War Thunder Wiki RB BR
sw_t_54_1951,T-54,,8.0,,False,https://wiki.warthunder.com/unit/sw_t_54_1951,2026-09-27T16:25:44.375449+00:00,Official War Thunder Wiki RB BR
sw_t_55m,T-55M,,9.0,,False,https://wiki.warthunder.com/unit/sw_t_55m,2026-09-27T16:25:46.486994+00:00,Official War Thunder Wiki RB BR
sw_t_72m1,T-72M1,,9.3,,False,https://wiki.warthunder.com/unit/sw_t_72m1,2026-09-27T16:25:48.894033+00:00,Official War Thunder Wiki RB BR
sw_t_80u,T 80 U,,11.3,,False,https://wiki.warthunder.com/unit/sw_t_80u,2026-09-27T16:25:50.798099+00:00,Official War Thunder Wiki RB BR
sw_tgdgb_m40_lv,Lvtdgb m/40,,2.7,,False,https://wiki.warthunder.com/unit/sw_tgdgb_m40_lv,2026-09-27T16:25:52.993522+00:00,Official War Thunder Wiki RB BR
sw_udes_33,UDES 33,,8.3,,False,https://wiki.warthunder.com/unit/sw_udes_33,2026-09-27T16:25:54.905880+00:00,Official War Thunder Wiki RB BR
sw_veak_40,VEAK 40,,7.7,,False,https://wiki.warthunder.com/unit/sw_veak_40,2026-09-27T16:25:56.665959+00:00,Official War Thunder Wiki RB BR
sw_vickers_mk_e_37,Vickers Mk.E,,1.0,,False,https://wiki.warthunder.com/unit/sw_vickers_mk_e_37,2026-09-27T16:25:58.576196+00:00,Official War Thunder Wiki RB BR
sw_vickers_mk_e_45,T-26E,,1.0,,True,https://wiki.warthunder.com/unit/sw_vickers_mk_e_45,2026-09-27T16:26:00.993682+00:00,Official War Thunder Wiki RB BR
sw_zsu_57_2,ZSU-57-2,,7.0,,False,https://wiki.warthunder.com/unit/sw_zsu_57_2,2026-09-27T16:26:02.709223+00:00,Official War Thunder Wiki RB BR
uk_17_pdr_m10_achilles,Achilles,,3.3,,False,https://wiki.warthunder.com/unit/uk_17_pdr_m10_achilles,2026-09-27T16:26:05.215958+00:00,Official War Thunder Wiki RB BR
uk_17_pdr_m10_achilles_norfolk_yeomanry,Achilles (65 Rg.),,3.3,,True,https://wiki.warthunder.com/unit/uk_17_pdr_m10_achilles_norfolk_yeomanry,2026-09-27T16:26:06.959983+00:00,Official War Thunder Wiki RB BR
uk_3_inch_gun_carrier,Gun Carrier (3-in),,3.0,,False,https://wiki.warthunder.com/unit/uk_3_inch_gun_carrier,2026-09-27T16:26:08.869441+00:00,Official War Thunder Wiki RB BR
uk_9a33bm2,Osa-AK,,10.3,,False,https://wiki.warthunder.com/unit/uk_9a33bm2,2026-09-27T16:26:11.333460+00:00,Official War Thunder Wiki RB BR
uk_9a35_m,Стрела-10М,,10.3,,False,https://wiki.warthunder.com/unit/uk_9a35_m,2026-09-27T16:26:13.026875+00:00,Official War Thunder Wiki RB BR
uk_a17_mk_1_tetrarch,Tetrarch I,,1.0,,False,https://wiki.warthunder.com/unit/uk_a17_mk_1_tetrarch,2026-09-27T16:26:15.099314+00:00,Official War Thunder Wiki RB BR
uk_a1e1_independent,Independent,,1.3,,True,https://wiki.warthunder.com/unit/uk_a1e1_independent,2026-09-27T16:26:17.550014+00:00,Official War Thunder Wiki RB BR
uk_a25_mk_8,Harry Hopkins I,,2.3,,False,https://wiki.warthunder.com/unit/uk_a25_mk_8,2026-09-27T16:26:19.580553+00:00,Official War Thunder Wiki RB BR
uk_a27m_cromwell_1,Cromwell I,,3.7,,False,https://wiki.warthunder.com/unit/uk_a27m_cromwell_1,2026-09-27T16:26:22.069036+00:00,Official War Thunder Wiki RB BR
uk_a27m_cromwell_5,Cromwell V,,4.0,,False,https://wiki.warthunder.com/unit/uk_a27m_cromwell_5,2026-09-27T16:26:24.227630+00:00,Official War Thunder Wiki RB BR
uk_a27m_cromwell_5_rp3,Cromwell V (RP-3),,4.0,,True,https://wiki.warthunder.com/unit/uk_a27m_cromwell_5_rp3,2026-09-27T16:26:26.332188+00:00,Official War Thunder Wiki RB BR
uk_a30_challenger,Challenger,,5.3,,False,https://wiki.warthunder.com/unit/uk_a30_challenger,2026-09-27T16:26:27.955643+00:00,Official War Thunder Wiki RB BR
uk_a30_sp_avenger,Avenger,,4.7,,False,https://wiki.warthunder.com/unit/uk_a30_sp_avenger,2026-09-27T16:26:30.090740+00:00,Official War Thunder Wiki RB BR
uk_a30_sp_avenger_kit_3rank,Avenger (Overlord),,4.7,,True,https://wiki.warthunder.com/unit/uk_a30_sp_avenger_kit_3rank,2026-09-27T16:26:32.308533+00:00,Official War Thunder Wiki RB BR
uk_a39_tortoise,Tortoise,,6.7,,False,https://wiki.warthunder.com/unit/uk_a39_tortoise,2026-09-27T16:26:34.129965+00:00,Official War Thunder Wiki RB BR
uk_a_12_mk_2_matilda_2,Matilda III,,2.7,,False,https://wiki.warthunder.com/unit/uk_a_12_mk_2_matilda_2,2026-09-27T16:26:36.081859+00:00,Official War Thunder Wiki RB BR
uk_a_13_mk1,A13 Mk I,,1.0,,False,https://wiki.warthunder.com/unit/uk_a_13_mk1,2026-09-27T16:26:38.101149+00:00,Official War Thunder Wiki RB BR
uk_a_13_mk1_3rd_rtr,A13 Mk I (3rd R.T.R.),,1.0,,True,https://wiki.warthunder.com/unit/uk_a_13_mk1_3rd_rtr,2026-09-27T16:26:40.044375+00:00,Official War Thunder Wiki RB BR
uk_a_13_mk2,A13 Mk II,,1.3,,False,https://wiki.warthunder.com/unit/uk_a_13_mk2,2026-09-27T16:26:42.249849+00:00,Official War Thunder Wiki RB BR
uk_a_13_mk2_1939,A13 Mk II 1939,,1.3,,True,https://wiki.warthunder.com/unit/uk_a_13_mk2_1939,2026-09-27T16:26:44.833884+00:00,Official War Thunder Wiki RB BR
uk_a_22_mk_1_churchill_1941,Churchill I,,3.3,,False,https://wiki.warthunder.com/unit/uk_a_22_mk_1_churchill_1941,2026-09-27T16:26:47.317788+00:00,Official War Thunder Wiki RB BR
uk_a_22b_mk_3_churchill_1942,Churchill III,,4.0,,False,https://wiki.warthunder.com/unit/uk_a_22b_mk_3_churchill_1942,2026-09-27T16:26:49.197652+00:00,Official War Thunder Wiki RB BR
uk_a_22f_mk_7_churchill_1944,Churchill VII,,5.0,,False,https://wiki.warthunder.com/unit/uk_a_22f_mk_7_churchill_1944,2026-09-27T16:26:51.320321+00:00,Official War Thunder Wiki RB BR
uk_a_22f_mk_7_churchill_crocodile,Churchill Crocodile,,5.0,,True,https://wiki.warthunder.com/unit/uk_a_22f_mk_7_churchill_crocodile,2026-09-27T16:26:52.979701+00:00,Official War Thunder Wiki RB BR
uk_a_33_excelsior,Excelsior,,4.3,,True,https://wiki.warthunder.com/unit/uk_a_33_excelsior,2026-09-27T16:26:55.422907+00:00,Official War Thunder Wiki RB BR
uk_a_34_comet,Comet I,,5.3,,False,https://wiki.warthunder.com/unit/uk_a_34_comet,2026-09-27T16:26:57.098025+00:00,Official War Thunder Wiki RB BR
uk_a_34_comet_iron_duke,"Comet I ""Iron Duke IV""",,5.3,,True,https://wiki.warthunder.com/unit/uk_a_34_comet_iron_duke,2026-09-27T16:26:59.163130+00:00,Official War Thunder Wiki RB BR
uk_a_43_black_prince,Black Prince,,6.0,,True,https://wiki.warthunder.com/unit/uk_a_43_black_prince,2026-09-27T16:27:01.308863+00:00,Official War Thunder Wiki RB BR
uk_ac1_sentinel,A.C.I,,3.0,,True,https://wiki.warthunder.com/unit/uk_ac1_sentinel,2026-09-27T16:27:03.623296+00:00,Official War Thunder Wiki RB BR
uk_ac4_thunderbolt,A.C.IV,,5.3,,True,https://wiki.warthunder.com/unit/uk_ac4_thunderbolt,2026-09-27T16:27:05.782969+00:00,Official War Thunder Wiki RB BR
uk_adats_m113a3,ADATS (M113),,11.7,,False,https://wiki.warthunder.com/unit/uk_adats_m113a3,2026-09-27T16:27:07.440119+00:00,Official War Thunder Wiki RB BR
uk_ajax,Ajax,,10.3,,False,https://wiki.warthunder.com/unit/uk_ajax,2026-09-27T16:27:09.032289+00:00,Official War Thunder Wiki RB BR
uk_alecto_mk_1,Alecto I,,1.7,,True,https://wiki.warthunder.com/unit/uk_alecto_mk_1,2026-09-27T16:27:11.681773+00:00,Official War Thunder Wiki RB BR
uk_arjun_mk1,Arjun Mk 1,,10.7,,False,https://wiki.warthunder.com/unit/uk_arjun_mk1,2026-09-27T16:27:13.289359+00:00,Official War Thunder Wiki RB BR
uk_armored_car_aec_mk_2,AEC Mk II,,3.3,,True,https://wiki.warthunder.com/unit/uk_armored_car_aec_mk_2,2026-09-27T16:27:15.962729+00:00,Official War Thunder Wiki RB BR
uk_armored_car_mk_2_aa,AEC AA,,3.7,,False,https://wiki.warthunder.com/unit/uk_armored_car_mk_2_aa,2026-09-27T16:27:18.464014+00:00,Official War Thunder Wiki RB BR
uk_as_90_mk_2,AS90,,7.0,,False,https://wiki.warthunder.com/unit/uk_as_90_mk_2,2026-09-27T16:27:20.829902+00:00,Official War Thunder Wiki RB BR
uk_badger,Badger,,9.0,,False,https://wiki.warthunder.com/unit/uk_badger,2026-09-27T16:27:22.727945+00:00,Official War Thunder Wiki RB BR
uk_bosvark,Bosvark,,5.3,,False,https://wiki.warthunder.com/unit/uk_bosvark,2026-09-27T16:27:24.732153+00:00,Official War Thunder Wiki RB BR
uk_boxer_crv_block2,CRV Block 2,,10.7,,False,https://wiki.warthunder.com/unit/uk_boxer_crv_block2,2026-09-27T16:27:27.112847+00:00,Official War Thunder Wiki RB BR
uk_centurion_action_x,Centurion Action X,,7.7,,True,https://wiki.warthunder.com/unit/uk_centurion_action_x,2026-09-27T16:27:29.589652+00:00,Official War Thunder Wiki RB BR
uk_centurion_mk_1,Centurion Mk 1,,6.0,,False,https://wiki.warthunder.com/unit/uk_centurion_mk_1,2026-09-27T16:27:31.312781+00:00,Official War Thunder Wiki RB BR
uk_centurion_mk_10,Centurion Mk 10,,8.0,,False,https://wiki.warthunder.com/unit/uk_centurion_mk_10,2026-09-27T16:27:33.301717+00:00,Official War Thunder Wiki RB BR
uk_centurion_mk_2,Centurion Mk.2,,6.7,,True,https://wiki.warthunder.com/unit/uk_centurion_mk_2,2026-09-27T16:27:35.560785+00:00,Official War Thunder Wiki RB BR
uk_centurion_mk_3,Centurion Mk 3,,7.7,,False,https://wiki.warthunder.com/unit/uk_centurion_mk_3,2026-09-27T16:27:37.510300+00:00,Official War Thunder Wiki RB BR
uk_centurion_mk_3_ss11,Strv 81 (RB 52),,7.7,,True,https://wiki.warthunder.com/unit/uk_centurion_mk_3_ss11,2026-09-27T16:27:39.283351+00:00,Official War Thunder Wiki RB BR
uk_centurion_mk_5_avre_era,Centurion Mk.5 AVRE,,7.0,,True,https://wiki.warthunder.com/unit/uk_centurion_mk_5_avre_era,2026-09-27T16:27:40.944784+00:00,Official War Thunder Wiki RB BR
uk_centurion_mk_5_raac,Centurion Mk.5/1,,7.7,,True,https://wiki.warthunder.com/unit/uk_centurion_mk_5_raac,2026-09-27T16:27:43.442451+00:00,Official War Thunder Wiki RB BR
uk_centurion_shot_kal_d,Sho't Kal Dalet,,9.0,,True,https://wiki.warthunder.com/unit/uk_centurion_shot_kal_d,2026-09-27T16:27:45.628778+00:00,Official War Thunder Wiki RB BR
uk_challenger_1,Challenger Mk.2,,10.3,,False,https://wiki.warthunder.com/unit/uk_challenger_1,2026-09-27T16:27:48.146095+00:00,Official War Thunder Wiki RB BR
uk_challenger_1_mk_3_gulf,Challenger DS,,10.7,,True,https://wiki.warthunder.com/unit/uk_challenger_1_mk_3_gulf,2026-09-27T16:27:50.471633+00:00,Official War Thunder Wiki RB BR
uk_challenger_2_bn,Black Night,,12.7,,False,https://wiki.warthunder.com/unit/uk_challenger_2_bn,2026-09-27T16:27:52.425787+00:00,Official War Thunder Wiki RB BR
uk_challenger_2_dorchester,Challenger 2 (2F),,11.7,,False,https://wiki.warthunder.com/unit/uk_challenger_2_dorchester,2026-09-27T16:27:54.768090+00:00,Official War Thunder Wiki RB BR
uk_challenger_2_lep,Challenger 3 TD,,12.0,,False,https://wiki.warthunder.com/unit/uk_challenger_2_lep,2026-09-27T16:27:56.525448+00:00,Official War Thunder Wiki RB BR
uk_challenger_2_megatron,Challenger 2 OES,,11.7,,True,https://wiki.warthunder.com/unit/uk_challenger_2_megatron,2026-09-27T16:27:59.036133+00:00,Official War Thunder Wiki RB BR
uk_challenger_2_megatron_sm,◍Challenger 2 OES,,11.7,,True,https://wiki.warthunder.com/unit/uk_challenger_2_megatron_sm,2026-09-27T16:28:00.860516+00:00,Official War Thunder Wiki RB BR
uk_challenger_2_tes,Challenger 2 TES,,11.7,,False,https://wiki.warthunder.com/unit/uk_challenger_2_tes,2026-09-27T16:28:03.016173+00:00,Official War Thunder Wiki RB BR
uk_challenger_2e,Challenger 2E,,12.7,,False,https://wiki.warthunder.com/unit/uk_challenger_2e,2026-09-27T16:28:05.151254+00:00,Official War Thunder Wiki RB BR
uk_challenger_II,uk_challenger_ii_shop,,11.7,,False,https://wiki.warthunder.com/unit/uk_challenger_II,2026-09-27T16:28:07.686580+00:00,Official War Thunder Wiki RB BR
uk_challenger_II_yt_cup_2019,␙Challenger 2,,11.7,,False,https://wiki.warthunder.com/unit/uk_challenger_II_yt_cup_2019,2026-09-27T16:28:10.062619+00:00,Official War Thunder Wiki RB BR
uk_challenger_mk_3,Challenger Mk.3,,10.7,,False,https://wiki.warthunder.com/unit/uk_challenger_mk_3,2026-09-27T16:28:12.654350+00:00,Official War Thunder Wiki RB BR
uk_charioteer_mk_7,Charioteer Mk VII,,6.0,,False,https://wiki.warthunder.com/unit/uk_charioteer_mk_7,2026-09-27T16:28:14.339581+00:00,Official War Thunder Wiki RB BR
uk_chieftain_900,Chieftain 900,,9.3,,False,https://wiki.warthunder.com/unit/uk_chieftain_900,2026-09-27T16:28:15.686588+00:00,Official War Thunder Wiki RB BR
uk_chieftain_marksman,Chieftain Marksman,,8.3,,False,https://wiki.warthunder.com/unit/uk_chieftain_marksman,2026-09-27T16:28:17.500637+00:00,Official War Thunder Wiki RB BR
uk_chieftain_mk_10,Chieftain Mk 10,,9.3,,False,https://wiki.warthunder.com/unit/uk_chieftain_mk_10,2026-09-27T16:28:19.654152+00:00,Official War Thunder Wiki RB BR
uk_chieftain_mk_3,Chieftain Mk 3,,8.7,,False,https://wiki.warthunder.com/unit/uk_chieftain_mk_3,2026-09-27T16:28:22.264086+00:00,Official War Thunder Wiki RB BR
uk_chieftain_mk_5,Chieftain Mk 5,,8.7,,False,https://wiki.warthunder.com/unit/uk_chieftain_mk_5,2026-09-27T16:28:24.252859+00:00,Official War Thunder Wiki RB BR
uk_churchill_avre,Churchill AVRE Petard,,2.7,,True,https://wiki.warthunder.com/unit/uk_churchill_avre,2026-09-27T16:28:26.070333+00:00,Official War Thunder Wiki RB BR
uk_churchill_na75,Churchill NA75,,4.3,,False,https://wiki.warthunder.com/unit/uk_churchill_na75,2026-09-27T16:28:28.150849+00:00,Official War Thunder Wiki RB BR
uk_concept3_ngac,Concept 3,,4.7,,False,https://wiki.warthunder.com/unit/uk_concept3_ngac,2026-09-27T16:28:30.378259+00:00,Official War Thunder Wiki RB BR
uk_conqueror_mk_2,Conqueror,,7.7,,False,https://wiki.warthunder.com/unit/uk_conqueror_mk_2,2026-09-27T16:28:32.892644+00:00,Official War Thunder Wiki RB BR
uk_cruiser_ram_1,Ram I,,3.0,,False,https://wiki.warthunder.com/unit/uk_cruiser_ram_1,2026-09-27T16:28:35.412927+00:00,Official War Thunder Wiki RB BR
uk_crusader_aa_mk_1,Crusader AA Mk I,,3.0,,False,https://wiki.warthunder.com/unit/uk_crusader_aa_mk_1,2026-09-27T16:28:37.087977+00:00,Official War Thunder Wiki RB BR
uk_crusader_aa_mk_2,Crusader AA Mk II,,4.0,,False,https://wiki.warthunder.com/unit/uk_crusader_aa_mk_2,2026-09-27T16:28:39.480545+00:00,Official War Thunder Wiki RB BR
uk_crusader_aa_mk_2_kit_3rank,Crusader AA (Overlord),,4.0,,True,https://wiki.warthunder.com/unit/uk_crusader_aa_mk_2_kit_3rank,2026-09-27T16:28:41.304867+00:00,Official War Thunder Wiki RB BR
uk_crusader_mk_2,Crusader II,,2.7,,False,https://wiki.warthunder.com/unit/uk_crusader_mk_2,2026-09-27T16:28:43.517950+00:00,Official War Thunder Wiki RB BR
uk_crusader_mk_2_the_saint,"Crusader ""The Saint""",,2.7,,True,https://wiki.warthunder.com/unit/uk_crusader_mk_2_the_saint,2026-09-27T16:28:45.257518+00:00,Official War Thunder Wiki RB BR
uk_crusader_mk_3,Crusader III,,3.0,,False,https://wiki.warthunder.com/unit/uk_crusader_mk_3,2026-09-27T16:28:47.507108+00:00,Official War Thunder Wiki RB BR
uk_daimler_mk_2,Daimler Mk II,,1.3,,False,https://wiki.warthunder.com/unit/uk_daimler_mk_2,2026-09-27T16:28:50.046059+00:00,Official War Thunder Wiki RB BR
uk_desert_warrior,Desert Warrior,,9.7,,False,https://wiki.warthunder.com/unit/uk_desert_warrior,2026-09-27T16:28:51.960016+00:00,Official War Thunder Wiki RB BR
uk_eland_90_mk_7,Eland 90 Mk.7,,7.7,,False,https://wiki.warthunder.com/unit/uk_eland_90_mk_7,2026-09-27T16:28:53.772073+00:00,Official War Thunder Wiki RB BR
uk_falcon,Falcon,,8.3,,False,https://wiki.warthunder.com/unit/uk_falcon,2026-09-27T16:28:56.246731+00:00,Official War Thunder Wiki RB BR
uk_fv102_striker,Striker,,8.3,,False,https://wiki.warthunder.com/unit/uk_fv102_striker,2026-09-27T16:28:58.220835+00:00,Official War Thunder Wiki RB BR
uk_fv107_scimitar,Scimitar,,7.7,,False,https://wiki.warthunder.com/unit/uk_fv107_scimitar,2026-09-27T16:29:00.435232+00:00,Official War Thunder Wiki RB BR
uk_fv107_scimitar_mk2,Scimitar Mk.2,,8.3,,False,https://wiki.warthunder.com/unit/uk_fv107_scimitar_mk2,2026-09-27T16:29:02.169750+00:00,Official War Thunder Wiki RB BR
uk_fv221_caernarvon,Caernarvon,,7.7,,False,https://wiki.warthunder.com/unit/uk_fv221_caernarvon,2026-09-27T16:29:04.510780+00:00,Official War Thunder Wiki RB BR
uk_fv4004_conway,Conway,,7.0,,False,https://wiki.warthunder.com/unit/uk_fv4004_conway,2026-09-27T16:29:06.797297+00:00,Official War Thunder Wiki RB BR
uk_fv4005,FV4005,,6.0,,False,https://wiki.warthunder.com/unit/uk_fv4005,2026-09-27T16:29:08.982505+00:00,Official War Thunder Wiki RB BR
uk_fv4202,FV4202,,7.3,,False,https://wiki.warthunder.com/unit/uk_fv4202,2026-09-27T16:29:11.100939+00:00,Official War Thunder Wiki RB BR
uk_fv438_swingfire,Swingfire,,8.0,,False,https://wiki.warthunder.com/unit/uk_fv438_swingfire,2026-09-27T16:29:12.648732+00:00,Official War Thunder Wiki RB BR
uk_fv510_isv,Warrior,,8.3,,False,https://wiki.warthunder.com/unit/uk_fv510_isv,2026-09-27T16:29:14.528032+00:00,Official War Thunder Wiki RB BR
uk_fv721_fox,Fox,,8.0,,False,https://wiki.warthunder.com/unit/uk_fv721_fox,2026-09-27T16:29:16.419028+00:00,Official War Thunder Wiki RB BR
uk_g6_spg,G6,,6.3,,False,https://wiki.warthunder.com/unit/uk_g6_spg,2026-09-27T16:29:18.306043+00:00,Official War Thunder Wiki RB BR
uk_khalid,Khalid,,9.3,,True,https://wiki.warthunder.com/unit/uk_khalid,2026-09-27T16:29:20.782114+00:00,Official War Thunder Wiki RB BR
uk_m109a1,M109A1,,6.0,,False,https://wiki.warthunder.com/unit/uk_m109a1,2026-09-27T16:29:22.813273+00:00,Official War Thunder Wiki RB BR
uk_m1a1_aim_abrams,M1A1,,12.0,,False,https://wiki.warthunder.com/unit/uk_m1a1_aim_abrams,2026-09-27T16:29:24.492663+00:00,Official War Thunder Wiki RB BR
uk_m1a2_sep3_abrams,M1A2,,12.7,,False,https://wiki.warthunder.com/unit/uk_m1a2_sep3_abrams,2026-09-27T16:29:26.788366+00:00,Official War Thunder Wiki RB BR
uk_m3_stuart,Stuart I,,2.0,,False,https://wiki.warthunder.com/unit/uk_m3_stuart,2026-09-27T16:29:29.238431+00:00,Official War Thunder Wiki RB BR
uk_m3a1_stuart,Stuart III,,2.3,,False,https://wiki.warthunder.com/unit/uk_m3a1_stuart,2026-09-27T16:29:31.121787+00:00,Official War Thunder Wiki RB BR
uk_m44,M44,,3.7,,False,https://wiki.warthunder.com/unit/uk_m44,2026-09-27T16:29:33.568141+00:00,Official War Thunder Wiki RB BR
uk_m4a5_ram_2,Ram II,,3.7,,True,https://wiki.warthunder.com/unit/uk_m4a5_ram_2,2026-09-27T16:29:36.080159+00:00,Official War Thunder Wiki RB BR
uk_mark_v,Mark V,,1.0,,False,https://wiki.warthunder.com/unit/uk_mark_v,2026-09-27T16:29:38.376679+00:00,Official War Thunder Wiki RB BR
uk_marmon_herrington_mk_6_2pdr,SARC MkVI (2pdr),,2.3,,False,https://wiki.warthunder.com/unit/uk_marmon_herrington_mk_6_2pdr,2026-09-27T16:29:40.757726+00:00,Official War Thunder Wiki RB BR
uk_marmon_herrington_mk_6_6pdr,SARC MkVI (6pdr),,3.7,,False,https://wiki.warthunder.com/unit/uk_marmon_herrington_mk_6_6pdr,2026-09-27T16:29:42.773504+00:00,Official War Thunder Wiki RB BR
uk_matilda_hedgehog,Matilda Hedgehog,,2.7,,True,https://wiki.warthunder.com/unit/uk_matilda_hedgehog,2026-09-27T16:29:45.164342+00:00,Official War Thunder Wiki RB BR
uk_mk1_grant,Grant I,,2.7,,True,https://wiki.warthunder.com/unit/uk_mk1_grant,2026-09-27T16:29:47.864144+00:00,Official War Thunder Wiki RB BR
uk_olifant_mk_1a,Olifant Mk.1A,,8.3,,False,https://wiki.warthunder.com/unit/uk_olifant_mk_1a,2026-09-27T16:29:49.534741+00:00,Official War Thunder Wiki RB BR
uk_olifant_mk_2,Olifant Mk.2,,9.3,,False,https://wiki.warthunder.com/unit/uk_olifant_mk_2,2026-09-27T16:29:52.181536+00:00,Official War Thunder Wiki RB BR
uk_ram_90mm_aa,QF 3.7 Ram,,5.3,,True,https://wiki.warthunder.com/unit/uk_ram_90mm_aa,2026-09-27T16:29:54.243895+00:00,Official War Thunder Wiki RB BR
uk_ratel_20,Ratel 20,,6.7,,False,https://wiki.warthunder.com/unit/uk_ratel_20,2026-09-27T16:29:55.691218+00:00,Official War Thunder Wiki RB BR
uk_ratel_90,Ratel 90,,6.7,,False,https://wiki.warthunder.com/unit/uk_ratel_90,2026-09-27T16:29:58.024577+00:00,Official War Thunder Wiki RB BR
uk_ratel_zt3,ZT3A2,,8.3,,False,https://wiki.warthunder.com/unit/uk_ratel_zt3,2026-09-27T16:30:00.029979+00:00,Official War Thunder Wiki RB BR
uk_rooikat_105_td,Rooikat 105,,9.7,,True,https://wiki.warthunder.com/unit/uk_rooikat_105_td,2026-09-27T16:30:02.327667+00:00,Official War Thunder Wiki RB BR
uk_rooikat_76,Rooikat Mk.1D,,8.7,,False,https://wiki.warthunder.com/unit/uk_rooikat_76,2026-09-27T16:30:04.123786+00:00,Official War Thunder Wiki RB BR
uk_rooikat_mttd,Rooikat MTTD,,9.3,,False,https://wiki.warthunder.com/unit/uk_rooikat_mttd,2026-09-27T16:30:05.933913+00:00,Official War Thunder Wiki RB BR
uk_rooikat_za_35,ZA-35,,8.7,,False,https://wiki.warthunder.com/unit/uk_rooikat_za_35,2026-09-27T16:30:07.732412+00:00,Official War Thunder Wiki RB BR
uk_sarc_mk4_a,SARC MkIVa,,1.3,,False,https://wiki.warthunder.com/unit/uk_sarc_mk4_a,2026-09-27T16:30:10.242073+00:00,Official War Thunder Wiki RB BR
uk_sherman_II,Sherman II,,3.7,,False,https://wiki.warthunder.com/unit/uk_sherman_II,2026-09-27T16:30:12.600363+00:00,Official War Thunder Wiki RB BR
uk_sherman_ic_firefly,"Sherman IC ""Trzyniec""",,4.7,,True,https://wiki.warthunder.com/unit/uk_sherman_ic_firefly,2026-09-27T16:30:15.023667+00:00,Official War Thunder Wiki RB BR
uk_sherman_vc_firefly,Sherman Firefly,,4.7,,False,https://wiki.warthunder.com/unit/uk_sherman_vc_firefly,2026-09-27T16:30:17.086334+00:00,Official War Thunder Wiki RB BR
uk_sherman_vc_firefly_kit_3rank,Firefly (Overlord),,4.7,,True,https://wiki.warthunder.com/unit/uk_sherman_vc_firefly_kit_3rank,2026-09-27T16:30:19.365850+00:00,Official War Thunder Wiki RB BR
uk_shir_2,FV4030/3,,10.0,,False,https://wiki.warthunder.com/unit/uk_shir_2,2026-09-27T16:30:21.208115+00:00,Official War Thunder Wiki RB BR
uk_skink_aa,Skink,,5.3,,False,https://wiki.warthunder.com/unit/uk_skink_aa,2026-09-27T16:30:23.634845+00:00,Official War Thunder Wiki RB BR
uk_sky_sabre_fcs,Sky Sabre (СОЦ),,12.7,,False,https://wiki.warthunder.com/unit/uk_sky_sabre_fcs,2026-09-27T16:30:25.960195+00:00,Official War Thunder Wiki RB BR
uk_sp_17_pdr_valentine,Archer,,2.7,,False,https://wiki.warthunder.com/unit/uk_sp_17_pdr_valentine,2026-09-27T16:30:28.088204+00:00,Official War Thunder Wiki RB BR
uk_stormer_air_defence,Stormer AD,,10.0,,False,https://wiki.warthunder.com/unit/uk_stormer_air_defence,2026-09-27T16:30:30.021634+00:00,Official War Thunder Wiki RB BR
uk_stormer_hvm,Stormer HVM,,10.3,,False,https://wiki.warthunder.com/unit/uk_stormer_hvm,2026-09-27T16:30:31.275930+00:00,Official War Thunder Wiki RB BR
uk_t17e2,Staghound AA,,2.0,,False,https://wiki.warthunder.com/unit/uk_t17e2,2026-09-27T16:30:33.480738+00:00,Official War Thunder Wiki RB BR
uk_t_90s_bheeshma,Bhishma TWMP,,10.7,,False,https://wiki.warthunder.com/unit/uk_t_90s_bheeshma,2026-09-27T16:30:35.013980+00:00,Official War Thunder Wiki RB BR
uk_tog_2,TOG II,,5.3,,True,https://wiki.warthunder.com/unit/uk_tog_2,2026-09-27T16:30:36.924627+00:00,Official War Thunder Wiki RB BR
uk_tracked_rapier,Rapier,,9.7,,False,https://wiki.warthunder.com/unit/uk_tracked_rapier,2026-09-27T16:30:38.650858+00:00,Official War Thunder Wiki RB BR
uk_ttd,TTD,,10.0,,False,https://wiki.warthunder.com/unit/uk_ttd,2026-09-27T16:30:40.322020+00:00,Official War Thunder Wiki RB BR
uk_valentine_mk_1,Valentine I,,2.7,,False,https://wiki.warthunder.com/unit/uk_valentine_mk_1,2026-09-27T16:30:43.019480+00:00,Official War Thunder Wiki RB BR
uk_valentine_mk_11,Valentine XI,,3.0,,False,https://wiki.warthunder.com/unit/uk_valentine_mk_11,2026-09-27T16:30:45.372791+00:00,Official War Thunder Wiki RB BR
uk_valentine_mk_9,Valentine IX,,3.0,,False,https://wiki.warthunder.com/unit/uk_valentine_mk_9,2026-09-27T16:30:47.639100+00:00,Official War Thunder Wiki RB BR
uk_vfm_5,VFM5,,9.3,,False,https://wiki.warthunder.com/unit/uk_vfm_5,2026-09-27T16:30:49.374516+00:00,Official War Thunder Wiki RB BR
uk_vickers_gbt_155,GBT 155,,7.0,,True,https://wiki.warthunder.com/unit/uk_vickers_gbt_155,2026-09-27T16:30:52.021453+00:00,Official War Thunder Wiki RB BR
uk_vickers_mbt_mk_1,Vickers Mk.1,,8.0,,False,https://wiki.warthunder.com/unit/uk_vickers_mbt_mk_1,2026-09-27T16:30:54.046291+00:00,Official War Thunder Wiki RB BR
uk_vickers_mbt_mk_3,Vickers Mk.3,,8.3,,False,https://wiki.warthunder.com/unit/uk_vickers_mbt_mk_3,2026-09-27T16:30:55.511427+00:00,Official War Thunder Wiki RB BR
uk_vickers_mk7,Vickers Mk.7,,10.7,,False,https://wiki.warthunder.com/unit/uk_vickers_mk7,2026-09-27T16:30:58.118197+00:00,Official War Thunder Wiki RB BR
uk_vickers_mk_11,Vickers Mk.11,,8.7,,False,https://wiki.warthunder.com/unit/uk_vickers_mk_11,2026-09-27T16:31:00.020541+00:00,Official War Thunder Wiki RB BR
uk_vickers_mk_6_aa_mk_1,Light AA Mk I,,1.0,,False,https://wiki.warthunder.com/unit/uk_vickers_mk_6_aa_mk_1,2026-09-27T16:31:02.229343+00:00,Official War Thunder Wiki RB BR
uk_vijayanta,Vijayanta,,8.3,,True,https://wiki.warthunder.com/unit/uk_vijayanta,2026-09-27T16:31:03.884264+00:00,Official War Thunder Wiki RB BR
uk_ystervark_spaa,Ystervark,,4.0,,False,https://wiki.warthunder.com/unit/uk_ystervark_spaa,2026-09-27T16:31:05.811475+00:00,Official War Thunder Wiki RB BR
us_adats_bradley,ADATS,,11.7,,False,https://wiki.warthunder.com/unit/us_adats_bradley,2026-09-27T16:31:08.175852+00:00,Official War Thunder Wiki RB BR
us_ags_teledyne,AGS,,12.0,,False,https://wiki.warthunder.com/unit/us_ags_teledyne,2026-09-27T16:31:09.887950+00:00,Official War Thunder Wiki RB BR
us_ccvl,CCVL,,10.0,,False,https://wiki.warthunder.com/unit/us_ccvl,2026-09-27T16:31:12.124923+00:00,Official War Thunder Wiki RB BR
us_efv_p1,EFV,,9.0,,False,https://wiki.warthunder.com/unit/us_efv_p1,2026-09-27T16:31:13.978020+00:00,Official War Thunder Wiki RB BR
us_halftrack_m13,M13 MGMC,,1.7,,False,https://wiki.warthunder.com/unit/us_halftrack_m13,2026-09-27T16:31:16.039712+00:00,Official War Thunder Wiki RB BR
us_halftrack_m15,M15 CGMC,,1.7,,False,https://wiki.warthunder.com/unit/us_halftrack_m15,2026-09-27T16:31:17.746770+00:00,Official War Thunder Wiki RB BR
us_halftrack_m16,M16 MGMC,,2.7,,False,https://wiki.warthunder.com/unit/us_halftrack_m16,2026-09-27T16:31:19.787625+00:00,Official War Thunder Wiki RB BR
us_halftrack_m3_75mm_gmc,M3 GMC,,1.7,,False,https://wiki.warthunder.com/unit/us_halftrack_m3_75mm_gmc,2026-09-27T16:31:22.260782+00:00,Official War Thunder Wiki RB BR
us_hstv_l,HSTV-L,,12.0,,False,https://wiki.warthunder.com/unit/us_hstv_l,2026-09-27T16:31:24.300272+00:00,Official War Thunder Wiki RB BR
us_lav_ad,LAV-AD,,10.0,,False,https://wiki.warthunder.com/unit/us_lav_ad,2026-09-27T16:31:26.488722+00:00,Official War Thunder Wiki RB BR
us_losat_ccv,LOSAT,,10.0,,False,https://wiki.warthunder.com/unit/us_losat_ccv,2026-09-27T16:31:28.723324+00:00,Official War Thunder Wiki RB BR
us_lvt_4_zis_2,LVT(A)(4) (ZIS-2),,2.3,,False,https://wiki.warthunder.com/unit/us_lvt_4_zis_2,2026-09-27T16:31:30.884319+00:00,Official War Thunder Wiki RB BR
us_lvt_a1_m24,LVT(A)(1) (M24),,2.7,,True,https://wiki.warthunder.com/unit/us_lvt_a1_m24,2026-09-27T16:31:33.185024+00:00,Official War Thunder Wiki RB BR
us_lvt_a_1,LVT(A)(1),,1.0,,False,https://wiki.warthunder.com/unit/us_lvt_a_1,2026-09-27T16:31:35.123871+00:00,Official War Thunder Wiki RB BR
us_lvt_a_1_trb,○LVT(A)(1),,1.0,,False,https://wiki.warthunder.com/unit/us_lvt_a_1_trb,2026-09-27T16:31:37.300721+00:00,Official War Thunder Wiki RB BR
us_lvt_a_4,LVT(A)(4),,1.3,,True,https://wiki.warthunder.com/unit/us_lvt_a_4,2026-09-27T16:31:38.864872+00:00,Official War Thunder Wiki RB BR
us_m10,M10 GMC,,3.3,,False,https://wiki.warthunder.com/unit/us_m10,2026-09-27T16:31:41.301298+00:00,Official War Thunder Wiki RB BR
us_m103,M103,,7.7,,False,https://wiki.warthunder.com/unit/us_m103,2026-09-27T16:31:42.990026+00:00,Official War Thunder Wiki RB BR
us_m109a1,M109A1,,6.0,,False,https://wiki.warthunder.com/unit/us_m109a1,2026-09-27T16:31:45.083642+00:00,Official War Thunder Wiki RB BR
us_m10_booker_late,M10 Booker,,10.7,,False,https://wiki.warthunder.com/unit/us_m10_booker_late,2026-09-27T16:31:47.060614+00:00,Official War Thunder Wiki RB BR
us_m1128_mgs,M1128,,10.3,,False,https://wiki.warthunder.com/unit/us_m1128_mgs,2026-09-27T16:31:48.898102+00:00,Official War Thunder Wiki RB BR
us_m1128_wolfpack,M1128 Wolfpack,,10.3,,True,https://wiki.warthunder.com/unit/us_m1128_wolfpack,2026-09-27T16:31:51.535790+00:00,Official War Thunder Wiki RB BR
us_m1296_dragoon,M1296,,9.3,,False,https://wiki.warthunder.com/unit/us_m1296_dragoon,2026-09-27T16:31:53.431904+00:00,Official War Thunder Wiki RB BR
us_m163_vulcan,M163,,7.3,,False,https://wiki.warthunder.com/unit/us_m163_vulcan,2026-09-27T16:31:55.769043+00:00,Official War Thunder Wiki RB BR
us_m18_hellcat,M18 GMC,,6.0,,False,https://wiki.warthunder.com/unit/us_m18_hellcat,2026-09-27T16:31:58.059638+00:00,Official War Thunder Wiki RB BR
us_m18_hellcat_black_cat,"M18 ""Black Cat""",,6.0,,True,https://wiki.warthunder.com/unit/us_m18_hellcat_black_cat,2026-09-27T16:31:59.887075+00:00,Official War Thunder Wiki RB BR
us_m18_hellcat_kit_3rank,Hellcat (Hell),,6.0,,True,https://wiki.warthunder.com/unit/us_m18_hellcat_kit_3rank,2026-09-27T16:32:02.846726+00:00,Official War Thunder Wiki RB BR
us_m18_super_hellcat,Super Hellcat,,6.7,,True,https://wiki.warthunder.com/unit/us_m18_super_hellcat,2026-09-27T16:32:05.150351+00:00,Official War Thunder Wiki RB BR
us_m19,M19A1,,4.0,,False,https://wiki.warthunder.com/unit/us_m19,2026-09-27T16:32:07.827898+00:00,Official War Thunder Wiki RB BR
us_m1_abrams,M1 Abrams,,10.7,,False,https://wiki.warthunder.com/unit/us_m1_abrams,2026-09-27T16:32:09.483920+00:00,Official War Thunder Wiki RB BR
us_m1_abrams_kvt,M1 KVT,,10.7,,True,https://wiki.warthunder.com/unit/us_m1_abrams_kvt,2026-09-27T16:32:12.033698+00:00,Official War Thunder Wiki RB BR
us_m1_ip_abrams,IPM1,,11.3,,False,https://wiki.warthunder.com/unit/us_m1_ip_abrams,2026-09-27T16:32:13.748144+00:00,Official War Thunder Wiki RB BR
us_m1a1_abrams,M1A1,,11.7,,False,https://wiki.warthunder.com/unit/us_m1a1_abrams,2026-09-27T16:32:15.835857+00:00,Official War Thunder Wiki RB BR
us_m1a1_abrams_yt_cup_2019,␙M1A1,,11.7,,False,https://wiki.warthunder.com/unit/us_m1a1_abrams_yt_cup_2019,2026-09-27T16:32:18.426418+00:00,Official War Thunder Wiki RB BR
us_m1a1_aim_abrams,M1A1 AIM,,12.0,,False,https://wiki.warthunder.com/unit/us_m1a1_aim_abrams,2026-09-27T16:32:20.749206+00:00,Official War Thunder Wiki RB BR
us_m1a1_hc_abrams,M1A1 HC,,12.0,,False,https://wiki.warthunder.com/unit/us_m1a1_hc_abrams,2026-09-27T16:32:23.285171+00:00,Official War Thunder Wiki RB BR
us_m1a1_hc_usmc,M1A1 Click-Bait,,12.0,,True,https://wiki.warthunder.com/unit/us_m1a1_hc_usmc,2026-09-27T16:32:25.505941+00:00,Official War Thunder Wiki RB BR
us_m1a1_hc_usmc_sm,◍M1A1 HC,,12.0,,True,https://wiki.warthunder.com/unit/us_m1a1_hc_usmc_sm,2026-09-27T16:32:27.233854+00:00,Official War Thunder Wiki RB BR
us_m1a2_abrams,M1A2 Abrams,,12.0,,False,https://wiki.warthunder.com/unit/us_m1a2_abrams,2026-09-27T16:32:29.690336+00:00,Official War Thunder Wiki RB BR
us_m1a2_sep2_abrams,M1A2 SEP V2,,12.7,,False,https://wiki.warthunder.com/unit/us_m1a2_sep2_abrams,2026-09-27T16:32:32.225206+00:00,Official War Thunder Wiki RB BR
us_m1a2_sep2_abrams_trophy,M1A2 (Trophy-HV),,12.7,,False,https://wiki.warthunder.com/unit/us_m1a2_sep2_abrams_trophy,2026-09-27T16:32:34.662443+00:00,Official War Thunder Wiki RB BR
us_m1a2_sep3_abrams,M1A2 SEPv3,,12.7,,False,https://wiki.warthunder.com/unit/us_m1a2_sep3_abrams,2026-09-27T16:32:36.521173+00:00,Official War Thunder Wiki RB BR
us_m1a2_sep_abrams,M1A2 SEP,,12.7,,False,https://wiki.warthunder.com/unit/us_m1a2_sep_abrams,2026-09-27T16:32:38.493788+00:00,Official War Thunder Wiki RB BR
us_m22_locust,M22,,2.0,,False,https://wiki.warthunder.com/unit/us_m22_locust,2026-09-27T16:32:40.983998+00:00,Official War Thunder Wiki RB BR
us_m247,M247,,9.3,,False,https://wiki.warthunder.com/unit/us_m247,2026-09-27T16:32:43.600967+00:00,Official War Thunder Wiki RB BR
us_m24_chaffee,M24,,4.0,,False,https://wiki.warthunder.com/unit/us_m24_chaffee,2026-09-27T16:32:45.274793+00:00,Official War Thunder Wiki RB BR
us_m24_chaffee_tl,M24 (TL),,4.0,,False,https://wiki.warthunder.com/unit/us_m24_chaffee_tl,2026-09-27T16:32:47.179550+00:00,Official War Thunder Wiki RB BR
us_m26_pershing,M26,,6.7,,False,https://wiki.warthunder.com/unit/us_m26_pershing,2026-09-27T16:32:49.239057+00:00,Official War Thunder Wiki RB BR
us_m26_t99,M26 T99,,6.7,,True,https://wiki.warthunder.com/unit/us_m26_t99,2026-09-27T16:32:51.344501+00:00,Official War Thunder Wiki RB BR
us_m26e1_pershing,M26E1,,6.7,,True,https://wiki.warthunder.com/unit/us_m26e1_pershing,2026-09-27T16:32:53.606063+00:00,Official War Thunder Wiki RB BR
us_m2_medium,M2,,1.3,,False,https://wiki.warthunder.com/unit/us_m2_medium,2026-09-27T16:32:56.065155+00:00,Official War Thunder Wiki RB BR
us_m2a2,M2A2,,1.0,,False,https://wiki.warthunder.com/unit/us_m2a2,2026-09-27T16:32:58.573688+00:00,Official War Thunder Wiki RB BR
us_m2a4,M2A4,,1.0,,False,https://wiki.warthunder.com/unit/us_m2a4,2026-09-27T16:33:00.516037+00:00,Official War Thunder Wiki RB BR
us_m2a4_1st_armor_div,M2A4 (1st Arm.Div.),,1.0,,True,https://wiki.warthunder.com/unit/us_m2a4_1st_armor_div,2026-09-27T16:33:02.303047+00:00,Official War Thunder Wiki RB BR
us_m36,M36 GMC,,5.3,,False,https://wiki.warthunder.com/unit/us_m36,2026-09-27T16:33:04.831216+00:00,Official War Thunder Wiki RB BR
us_m36b2,M36B2,,5.7,,False,https://wiki.warthunder.com/unit/us_m36b2,2026-09-27T16:33:07.406354+00:00,Official War Thunder Wiki RB BR
us_m3_bradley,M3 Bradley,,8.3,,False,https://wiki.warthunder.com/unit/us_m3_bradley,2026-09-27T16:33:09.438903+00:00,Official War Thunder Wiki RB BR
us_m3_lee,M3 Lee,,2.7,,False,https://wiki.warthunder.com/unit/us_m3_lee,2026-09-27T16:33:11.751773+00:00,Official War Thunder Wiki RB BR
us_m3_stuart,M3 Stuart,,2.0,,False,https://wiki.warthunder.com/unit/us_m3_stuart,2026-09-27T16:33:13.734840+00:00,Official War Thunder Wiki RB BR
us_m3a1_stuart,M3A1 Stuart,,2.3,,False,https://wiki.warthunder.com/unit/us_m3a1_stuart,2026-09-27T16:33:15.433651+00:00,Official War Thunder Wiki RB BR
us_m3a1_stuart_usmc,M3A1 (USMC),,2.3,,True,https://wiki.warthunder.com/unit/us_m3a1_stuart_usmc,2026-09-27T16:33:17.503376+00:00,Official War Thunder Wiki RB BR
us_m3a3_bradley,M3A3 Bradley,,9.7,,False,https://wiki.warthunder.com/unit/us_m3a3_bradley,2026-09-27T16:33:19.185112+00:00,Official War Thunder Wiki RB BR
us_m41_walker_bulldog,M41A1,,6.3,,False,https://wiki.warthunder.com/unit/us_m41_walker_bulldog,2026-09-27T16:33:21.837846+00:00,Official War Thunder Wiki RB BR
us_m42_duster,M42,,4.0,,False,https://wiki.warthunder.com/unit/us_m42_duster,2026-09-27T16:33:23.509759+00:00,Official War Thunder Wiki RB BR
us_m44,M44,,3.7,,False,https://wiki.warthunder.com/unit/us_m44,2026-09-27T16:33:25.219476+00:00,Official War Thunder Wiki RB BR
us_m46_patton,M46,,7.0,,False,https://wiki.warthunder.com/unit/us_m46_patton,2026-09-27T16:33:26.900680+00:00,Official War Thunder Wiki RB BR
us_m46_patton_73_armor_bat,"M46 ""Tiger""",,7.0,,True,https://wiki.warthunder.com/unit/us_m46_patton_73_armor_bat,2026-09-27T16:33:28.851103+00:00,Official War Thunder Wiki RB BR
us_m47_patton_II,M47,,7.3,,False,https://wiki.warthunder.com/unit/us_m47_patton_II,2026-09-27T16:33:30.555582+00:00,Official War Thunder Wiki RB BR
us_m48a1_patton_III,M48A1,,7.7,,False,https://wiki.warthunder.com/unit/us_m48a1_patton_III,2026-09-27T16:33:32.520074+00:00,Official War Thunder Wiki RB BR
us_m4_sherman,M4,,3.7,,False,https://wiki.warthunder.com/unit/us_m4_sherman,2026-09-27T16:33:34.135312+00:00,Official War Thunder Wiki RB BR
us_m4_sherman_calliope,Calliope,,4.0,,True,https://wiki.warthunder.com/unit/us_m4_sherman_calliope,2026-09-27T16:33:36.070298+00:00,Official War Thunder Wiki RB BR
us_m4_sherman_promo,M4,,3.7,,False,https://wiki.warthunder.com/unit/us_m4_sherman_promo,2026-09-27T16:33:38.556711+00:00,Official War Thunder Wiki RB BR
us_m4_t26,M4/T26,,6.0,,False,https://wiki.warthunder.com/unit/us_m4_t26,2026-09-27T16:33:41.070239+00:00,Official War Thunder Wiki RB BR
us_m4a1_1942_sherman,M4A1,,3.7,,False,https://wiki.warthunder.com/unit/us_m4a1_1942_sherman,2026-09-27T16:33:43.298620+00:00,Official War Thunder Wiki RB BR
us_m4a1_76w_sherman,M4A1 (76) W,,5.0,,False,https://wiki.warthunder.com/unit/us_m4a1_76w_sherman,2026-09-27T16:33:45.299468+00:00,Official War Thunder Wiki RB BR
us_m4a2_1944_germ,M4 748 (a),,4.0,,True,https://wiki.warthunder.com/unit/us_m4a2_1944_germ,2026-09-27T16:33:48.423708+00:00,Official War Thunder Wiki RB BR
us_m4a2_76w_sherman,M4A2 (76) W,,5.3,,False,https://wiki.warthunder.com/unit/us_m4a2_76w_sherman,2026-09-27T16:33:50.375112+00:00,Official War Thunder Wiki RB BR
us_m4a2_sherman,M4A2,,4.0,,False,https://wiki.warthunder.com/unit/us_m4a2_sherman,2026-09-27T16:33:52.256671+00:00,Official War Thunder Wiki RB BR
us_m4a3_105_sherman,M4A3 (105),,3.0,,False,https://wiki.warthunder.com/unit/us_m4a3_105_sherman,2026-09-27T16:33:54.264197+00:00,Official War Thunder Wiki RB BR
us_m4a3e2_76w_sherman_jumbo,M4A3E2 (76) W,,6.3,,False,https://wiki.warthunder.com/unit/us_m4a3e2_76w_sherman_jumbo,2026-09-27T16:33:56.255819+00:00,Official War Thunder Wiki RB BR
us_m4a3e2_sherman_jumbo,M4A3E2,,5.7,,False,https://wiki.warthunder.com/unit/us_m4a3e2_sherman_jumbo,2026-09-27T16:33:58.243652+00:00,Official War Thunder Wiki RB BR
us_m4a3e2_sherman_jumbo_cobra_king,Cobra King,,5.7,,True,https://wiki.warthunder.com/unit/us_m4a3e2_sherman_jumbo_cobra_king,2026-09-27T16:34:00.411528+00:00,Official War Thunder Wiki RB BR
us_m4a3e8_76w_sherman,M4A3 (76) W,,5.7,,False,https://wiki.warthunder.com/unit/us_m4a3e8_76w_sherman,2026-09-27T16:34:02.244859+00:00,Official War Thunder Wiki RB BR
us_m4a3e8_76w_sherman_kit_3rank,Sherman (Hell),,5.7,,True,https://wiki.warthunder.com/unit/us_m4a3e8_76w_sherman_kit_3rank,2026-09-27T16:34:04.392806+00:00,Official War Thunder Wiki RB BR
us_m4a5_ram_2,M4A5,,3.7,,True,https://wiki.warthunder.com/unit/us_m4a5_ram_2,2026-09-27T16:34:06.069655+00:00,Official War Thunder Wiki RB BR
us_m50_ontos,M50,,6.7,,False,https://wiki.warthunder.com/unit/us_m50_ontos,2026-09-27T16:34:07.879636+00:00,Official War Thunder Wiki RB BR
us_m55,M55,,3.7,,False,https://wiki.warthunder.com/unit/us_m55,2026-09-27T16:34:10.559927+00:00,Official War Thunder Wiki RB BR
us_m551,M551,,8.0,,False,https://wiki.warthunder.com/unit/us_m551,2026-09-27T16:34:12.520822+00:00,Official War Thunder Wiki RB BR
us_m551_76,M551(76),,7.0,,True,https://wiki.warthunder.com/unit/us_m551_76,2026-09-27T16:34:14.860774+00:00,Official War Thunder Wiki RB BR
us_m56_scorpion,M56,,6.7,,False,https://wiki.warthunder.com/unit/us_m56_scorpion,2026-09-27T16:34:16.734162+00:00,Official War Thunder Wiki RB BR
us_m5a1_stuart,M5A1,,2.7,,False,https://wiki.warthunder.com/unit/us_m5a1_stuart,2026-09-27T16:34:18.642807+00:00,Official War Thunder Wiki RB BR
us_m5a1_stuart_canadian_5st_arm,Stuart VI (5th CAD),,2.7,,True,https://wiki.warthunder.com/unit/us_m5a1_stuart_canadian_5st_arm,2026-09-27T16:34:20.445074+00:00,Official War Thunder Wiki RB BR
us_m5a1_stuart_td,M5A1 TD,,2.7,,False,https://wiki.warthunder.com/unit/us_m5a1_stuart_td,2026-09-27T16:34:22.684228+00:00,Official War Thunder Wiki RB BR
us_m60,M60,,8.0,,False,https://wiki.warthunder.com/unit/us_m60,2026-09-27T16:34:25.011241+00:00,Official War Thunder Wiki RB BR
us_m60_120s,120S,,10.3,,False,https://wiki.warthunder.com/unit/us_m60_120s,2026-09-27T16:34:27.746335+00:00,Official War Thunder Wiki RB BR
us_m60a1,M60A1 (AOS),,8.3,,False,https://wiki.warthunder.com/unit/us_m60a1,2026-09-27T16:34:29.501695+00:00,Official War Thunder Wiki RB BR
us_m60a1_rise_mod,M60A1 Predator,,8.7,,True,https://wiki.warthunder.com/unit/us_m60a1_rise_mod,2026-09-27T16:34:31.597457+00:00,Official War Thunder Wiki RB BR
us_m60a1_rise_passive_era,M60A1 RISE (P),,8.7,,False,https://wiki.warthunder.com/unit/us_m60a1_rise_passive_era,2026-09-27T16:34:33.671618+00:00,Official War Thunder Wiki RB BR
us_m60a2,M60A2,,8.3,,False,https://wiki.warthunder.com/unit/us_m60a2,2026-09-27T16:34:36.002865+00:00,Official War Thunder Wiki RB BR
us_m60a3_slep,M60 AMBT,,10.0,,False,https://wiki.warthunder.com/unit/us_m60a3_slep,2026-09-27T16:34:38.316831+00:00,Official War Thunder Wiki RB BR
us_m60a3_tts,M60A3 TTS,,9.0,,False,https://wiki.warthunder.com/unit/us_m60a3_tts,2026-09-27T16:34:39.878753+00:00,Official War Thunder Wiki RB BR
us_m6a1,M6A1,,5.0,,False,https://wiki.warthunder.com/unit/us_m6a1,2026-09-27T16:34:42.071564+00:00,Official War Thunder Wiki RB BR
us_m6a2e1,M6A2E1,,6.7,,True,https://wiki.warthunder.com/unit/us_m6a2e1,2026-09-27T16:34:43.838502+00:00,Official War Thunder Wiki RB BR
us_m7,M7,,3.7,,False,https://wiki.warthunder.com/unit/us_m7,2026-09-27T16:34:45.381610+00:00,Official War Thunder Wiki RB BR
us_m728,M728 CEV,,7.0,,True,https://wiki.warthunder.com/unit/us_m728,2026-09-27T16:34:47.658769+00:00,Official War Thunder Wiki RB BR
us_m8_greyhound,M8 LAC,,1.0,,True,https://wiki.warthunder.com/unit/us_m8_greyhound,2026-09-27T16:34:49.657139+00:00,Official War Thunder Wiki RB BR
us_m8_scott,M8 HMC,,1.3,,False,https://wiki.warthunder.com/unit/us_m8_scott,2026-09-27T16:34:51.551003+00:00,Official War Thunder Wiki RB BR
us_m8a1,M8A1 GMC,,3.0,,True,https://wiki.warthunder.com/unit/us_m8a1,2026-09-27T16:34:53.989368+00:00,Official War Thunder Wiki RB BR
us_m901_itv,M901,,8.3,,False,https://wiki.warthunder.com/unit/us_m901_itv,2026-09-27T16:34:56.027504+00:00,Official War Thunder Wiki RB BR
us_magach_3,Magach 3 (ERA),,8.0,,True,https://wiki.warthunder.com/unit/us_magach_3,2026-09-27T16:34:57.862147+00:00,Official War Thunder Wiki RB BR
us_mbt_70,MBT-70,,9.3,,False,https://wiki.warthunder.com/unit/us_mbt_70,2026-09-27T16:34:59.754103+00:00,Official War Thunder Wiki RB BR
us_merkava_mk_1,Merkava Mk.1,,9.3,,False,https://wiki.warthunder.com/unit/us_merkava_mk_1,2026-09-27T16:35:01.841927+00:00,Official War Thunder Wiki RB BR
us_merkava_mk_2b_late,Merkava Mk.2B,,9.7,,False,https://wiki.warthunder.com/unit/us_merkava_mk_2b_late,2026-09-27T16:35:03.711444+00:00,Official War Thunder Wiki RB BR
us_merkava_mk_3d,Merkava Mk.3D,,11.3,,False,https://wiki.warthunder.com/unit/us_merkava_mk_3d,2026-09-27T16:35:05.924517+00:00,Official War Thunder Wiki RB BR
us_mim_72_chaparral,Imp.Chaparral,,9.0,,False,https://wiki.warthunder.com/unit/us_mim_72_chaparral,2026-09-27T16:35:08.296730+00:00,Official War Thunder Wiki RB BR
us_mk1_grant,Grant I,,2.7,,True,https://wiki.warthunder.com/unit/us_mk1_grant,2026-09-27T16:35:10.588931+00:00,Official War Thunder Wiki RB BR
us_nasams_fcs,NASAMS 3 (СОЦ),,12.7,,False,https://wiki.warthunder.com/unit/us_nasams_fcs,2026-09-27T16:35:12.423054+00:00,Official War Thunder Wiki RB BR
us_rdf_lt,RDF/LT,,12.0,,True,https://wiki.warthunder.com/unit/us_rdf_lt,2026-09-27T16:35:14.596088+00:00,Official War Thunder Wiki RB BR
us_skink_aa,Skink,,5.3,,False,https://wiki.warthunder.com/unit/us_skink_aa,2026-09-27T16:35:16.800004+00:00,Official War Thunder Wiki RB BR
us_skink_aa_kit_3rank,Skink (Hell),,5.3,,True,https://wiki.warthunder.com/unit/us_skink_aa_kit_3rank,2026-09-27T16:35:18.467932+00:00,Official War Thunder Wiki RB BR
us_sl_amraam_fcs,CLAWS (СОЦ),,12.3,,False,https://wiki.warthunder.com/unit/us_sl_amraam_fcs,2026-09-27T16:35:20.469895+00:00,Official War Thunder Wiki RB BR
us_stingray,Stingray,,9.3,,False,https://wiki.warthunder.com/unit/us_stingray,2026-09-27T16:35:22.216361+00:00,Official War Thunder Wiki RB BR
us_t114,T114,,7.7,,True,https://wiki.warthunder.com/unit/us_t114,2026-09-27T16:35:24.452949+00:00,Official War Thunder Wiki RB BR
us_t14,T14,,4.7,,True,https://wiki.warthunder.com/unit/us_t14,2026-09-27T16:35:26.354365+00:00,Official War Thunder Wiki RB BR
us_t18_e2,T18E2,,3.3,,True,https://wiki.warthunder.com/unit/us_t18_e2,2026-09-27T16:35:28.268082+00:00,Official War Thunder Wiki RB BR
us_t1e1,T1E1,,5.3,,False,https://wiki.warthunder.com/unit/us_t1e1,2026-09-27T16:35:30.339432+00:00,Official War Thunder Wiki RB BR
us_t1e1_90,T1E1 (90),,5.7,,False,https://wiki.warthunder.com/unit/us_t1e1_90,2026-09-27T16:35:32.737532+00:00,Official War Thunder Wiki RB BR
us_t20,T20,,6.3,,True,https://wiki.warthunder.com/unit/us_t20,2026-09-27T16:35:34.976705+00:00,Official War Thunder Wiki RB BR
us_t25,T25,,6.3,,False,https://wiki.warthunder.com/unit/us_t25,2026-09-27T16:35:37.522717+00:00,Official War Thunder Wiki RB BR
us_t26e4_superpershing,T26E1-1,,6.7,,False,https://wiki.warthunder.com/unit/us_t26e4_superpershing,2026-09-27T16:35:39.232311+00:00,Official War Thunder Wiki RB BR
us_t26e5,T26E5,,6.7,,False,https://wiki.warthunder.com/unit/us_t26e5,2026-09-27T16:35:41.507989+00:00,Official War Thunder Wiki RB BR
us_t28,T28,,6.3,,True,https://wiki.warthunder.com/unit/us_t28,2026-09-27T16:35:43.861149+00:00,Official War Thunder Wiki RB BR
us_t29,T29,,7.0,,True,https://wiki.warthunder.com/unit/us_t29,2026-09-27T16:35:46.332027+00:00,Official War Thunder Wiki RB BR
us_t30,T30,,6.7,,True,https://wiki.warthunder.com/unit/us_t30,2026-09-27T16:35:47.946104+00:00,Official War Thunder Wiki RB BR
us_t32,T32,,7.3,,False,https://wiki.warthunder.com/unit/us_t32,2026-09-27T16:35:50.080326+00:00,Official War Thunder Wiki RB BR
us_t32e1,T32E1,,7.7,,False,https://wiki.warthunder.com/unit/us_t32e1,2026-09-27T16:35:51.687316+00:00,Official War Thunder Wiki RB BR
us_t34,T34,,6.7,,False,https://wiki.warthunder.com/unit/us_t34,2026-09-27T16:35:53.528914+00:00,Official War Thunder Wiki RB BR
us_t54e1,T54E1,,8.0,,True,https://wiki.warthunder.com/unit/us_t54e1,2026-09-27T16:35:55.272713+00:00,Official War Thunder Wiki RB BR
us_t54e2,T54E2,,7.7,,True,https://wiki.warthunder.com/unit/us_t54e2,2026-09-27T16:35:57.764317+00:00,Official War Thunder Wiki RB BR
us_t55e1,T55E1,,4.3,,True,https://wiki.warthunder.com/unit/us_t55e1,2026-09-27T16:35:59.373059+00:00,Official War Thunder Wiki RB BR
us_t58,T58,,8.7,,True,https://wiki.warthunder.com/unit/us_t58,2026-09-27T16:36:01.655680+00:00,Official War Thunder Wiki RB BR
us_t77e1,T77E1,,4.0,,False,https://wiki.warthunder.com/unit/us_t77e1,2026-09-27T16:36:04.219172+00:00,Official War Thunder Wiki RB BR
us_t86,T86,,6.0,,True,https://wiki.warthunder.com/unit/us_t86,2026-09-27T16:36:06.261583+00:00,Official War Thunder Wiki RB BR
us_t92,T92,,7.0,,False,https://wiki.warthunder.com/unit/us_t92,2026-09-27T16:36:08.601274+00:00,Official War Thunder Wiki RB BR
us_t95,T95,,7.0,,False,https://wiki.warthunder.com/unit/us_t95,2026-09-27T16:36:10.767815+00:00,Official War Thunder Wiki RB BR
us_t95e1,T95E1,,8.3,,False,https://wiki.warthunder.com/unit/us_t95e1,2026-09-27T16:36:12.816767+00:00,Official War Thunder Wiki RB BR
us_xm1_chrysler,XM1 (Chrysler),,9.3,,True,https://wiki.warthunder.com/unit/us_xm1_chrysler,2026-09-27T16:36:15.401292+00:00,Official War Thunder Wiki RB BR
us_xm1_gm,XM1 (GM),,9.3,,True,https://wiki.warthunder.com/unit/us_xm1_gm,2026-09-27T16:36:17.387762+00:00,Official War Thunder Wiki RB BR
us_xm246,XM246,,8.7,,False,https://wiki.warthunder.com/unit/us_xm246,2026-09-27T16:36:19.759832+00:00,Official War Thunder Wiki RB BR
us_xm_8,XM8,,9.7,,False,https://wiki.warthunder.com/unit/us_xm_8,2026-09-27T16:36:21.663766+00:00,Official War Thunder Wiki RB BR
us_xm_800t,XM800T,,8.7,,False,https://wiki.warthunder.com/unit/us_xm_800t,2026-09-27T16:36:23.386527+00:00,Official War Thunder Wiki RB BR
us_xm_803,XM803,,9.0,,False,https://wiki.warthunder.com/unit/us_xm_803,2026-09-27T16:36:25.332302+00:00,Official War Thunder Wiki RB BR
us_xm_975_roland,XM975,,10.0,,False,https://wiki.warthunder.com/unit/us_xm_975_roland,2026-09-27T16:36:27.949948+00:00,Official War Thunder Wiki RB BR
ussr_2s1,2S1,,5.7,,False,https://wiki.warthunder.com/unit/ussr_2s1,2026-09-27T16:36:29.819131+00:00,Official War Thunder Wiki RB BR
ussr_2s19_m1,2С19М1,,6.7,,False,https://wiki.warthunder.com/unit/ussr_2s19_m1,2026-09-27T16:36:31.929593+00:00,Official War Thunder Wiki RB BR
ussr_2s19_m2,2С19М2,,7.0,,False,https://wiki.warthunder.com/unit/ussr_2s19_m2,2026-09-27T16:36:34.505169+00:00,Official War Thunder Wiki RB BR
ussr_2s25,2S25,,9.3,,False,https://wiki.warthunder.com/unit/ussr_2s25,2026-09-27T16:36:37.176789+00:00,Official War Thunder Wiki RB BR
ussr_2s25m,2S25M,,10.0,,False,https://wiki.warthunder.com/unit/ussr_2s25m,2026-09-27T16:36:39.579156+00:00,Official War Thunder Wiki RB BR
ussr_2s38,2S38,,10.7,,True,https://wiki.warthunder.com/unit/ussr_2s38,2026-09-27T16:36:41.930220+00:00,Official War Thunder Wiki RB BR
ussr_2s3m,2S3M,,6.0,,False,https://wiki.warthunder.com/unit/ussr_2s3m,2026-09-27T16:36:44.509801+00:00,Official War Thunder Wiki RB BR
ussr_9a33bm3,Оса-АКМ,,10.3,,False,https://wiki.warthunder.com/unit/ussr_9a33bm3,2026-09-27T16:36:46.166688+00:00,Official War Thunder Wiki RB BR
ussr_9a35_m2,Strela-10M2,,10.3,,False,https://wiki.warthunder.com/unit/ussr_9a35_m2,2026-09-27T16:36:48.449790+00:00,Official War Thunder Wiki RB BR
ussr_9p149,Shturm-S,,8.7,,False,https://wiki.warthunder.com/unit/ussr_9p149,2026-09-27T16:36:50.292592+00:00,Official War Thunder Wiki RB BR
ussr_9p157,Khrizantema-S,,9.3,,False,https://wiki.warthunder.com/unit/ussr_9p157,2026-09-27T16:36:52.596022+00:00,Official War Thunder Wiki RB BR
ussr_a_12_mk_2_matilda_2A_F96,MK-II «Matilda»,,3.3,,True,https://wiki.warthunder.com/unit/ussr_a_12_mk_2_matilda_2A_F96,2026-09-27T16:36:54.512073+00:00,Official War Thunder Wiki RB BR
ussr_asu_57,ASU-57,,4.3,,False,https://wiki.warthunder.com/unit/ussr_asu_57,2026-09-27T16:36:57.117437+00:00,Official War Thunder Wiki RB BR
ussr_asu_85,ASU-85,,6.3,,False,https://wiki.warthunder.com/unit/ussr_asu_85,2026-09-27T16:36:59.640154+00:00,Official War Thunder Wiki RB BR
ussr_ba_11,BA-11,,1.3,,True,https://wiki.warthunder.com/unit/ussr_ba_11,2026-09-27T16:37:01.820481+00:00,Official War Thunder Wiki RB BR
ussr_bm_13n,BM-13N,,2.7,,True,https://wiki.warthunder.com/unit/ussr_bm_13n,2026-09-27T16:37:03.564270+00:00,Official War Thunder Wiki RB BR
ussr_bm_31_12,BM-31-12,,4.0,,True,https://wiki.warthunder.com/unit/ussr_bm_31_12,2026-09-27T16:37:05.884100+00:00,Official War Thunder Wiki RB BR
ussr_bm_8_24,BM-8-24,,1.3,,True,https://wiki.warthunder.com/unit/ussr_bm_8_24,2026-09-27T16:37:07.704012+00:00,Official War Thunder Wiki RB BR
ussr_bmd_4,BMD-4,,9.7,,False,https://wiki.warthunder.com/unit/ussr_bmd_4,2026-09-27T16:37:09.656579+00:00,Official War Thunder Wiki RB BR
ussr_bmd_4m,БМД-4M,,9.7,,True,https://wiki.warthunder.com/unit/ussr_bmd_4m,2026-09-27T16:37:12.302300+00:00,Official War Thunder Wiki RB BR
ussr_bmd_4m2,БМД-4M2,,9.7,,False,https://wiki.warthunder.com/unit/ussr_bmd_4m2,2026-09-27T16:37:14.443605+00:00,Official War Thunder Wiki RB BR
ussr_bmp_1,BMP-1,,8.0,,False,https://wiki.warthunder.com/unit/ussr_bmp_1,2026-09-27T16:37:16.345863+00:00,Official War Thunder Wiki RB BR
ussr_bmp_2,BMP-2,,8.7,,False,https://wiki.warthunder.com/unit/ussr_bmp_2,2026-09-27T16:37:18.874866+00:00,Official War Thunder Wiki RB BR
ussr_bmp_2m,BMP-2M,,10.3,,False,https://wiki.warthunder.com/unit/ussr_bmp_2m,2026-09-27T16:37:21.150908+00:00,Official War Thunder Wiki RB BR
ussr_bmp_3,BMP-3,,9.3,,False,https://wiki.warthunder.com/unit/ussr_bmp_3,2026-09-27T16:37:23.445752+00:00,Official War Thunder Wiki RB BR
ussr_bmpt,БМПТ,,11.7,,False,https://wiki.warthunder.com/unit/ussr_bmpt,2026-09-27T16:37:25.345656+00:00,Official War Thunder Wiki RB BR
ussr_bmpt_72,БМПТ-72,,11.7,,True,https://wiki.warthunder.com/unit/ussr_bmpt_72,2026-09-27T16:37:27.244158+00:00,Official War Thunder Wiki RB BR
ussr_bt_5,BT-5,,1.0,,False,https://wiki.warthunder.com/unit/ussr_bt_5,2026-09-27T16:37:29.634769+00:00,Official War Thunder Wiki RB BR
ussr_bt_7_1937,BT-7,,1.3,,False,https://wiki.warthunder.com/unit/ussr_bt_7_1937,2026-09-27T16:37:32.162646+00:00,Official War Thunder Wiki RB BR
ussr_bt_7_1937_td,BT-7 TD,,1.3,,False,https://wiki.warthunder.com/unit/ussr_bt_7_1937_td,2026-09-27T16:37:34.173115+00:00,Official War Thunder Wiki RB BR
ussr_bt_7_m,BT-7M,,2.0,,False,https://wiki.warthunder.com/unit/ussr_bt_7_m,2026-09-27T16:37:36.176925+00:00,Official War Thunder Wiki RB BR
ussr_bt_7a_f32,BT-7A (F-32),,4.0,,True,https://wiki.warthunder.com/unit/ussr_bt_7a_f32,2026-09-27T16:37:38.420539+00:00,Official War Thunder Wiki RB BR
ussr_btr_152a,BTR-152A,,2.7,,False,https://wiki.warthunder.com/unit/ussr_btr_152a,2026-09-27T16:37:40.308757+00:00,Official War Thunder Wiki RB BR
ussr_btr_152d,BTR-152D,,4.0,,False,https://wiki.warthunder.com/unit/ussr_btr_152d,2026-09-27T16:37:42.496078+00:00,Official War Thunder Wiki RB BR
ussr_btr_80a,BTR-80A,,7.3,,False,https://wiki.warthunder.com/unit/ussr_btr_80a,2026-09-27T16:37:44.344467+00:00,Official War Thunder Wiki RB BR
ussr_btr_82at,БТР-82АТ,,9.0,,False,https://wiki.warthunder.com/unit/ussr_btr_82at,2026-09-27T16:37:46.048583+00:00,Official War Thunder Wiki RB BR
ussr_btr_zd,BTR-ZD,,6.3,,False,https://wiki.warthunder.com/unit/ussr_btr_zd,2026-09-27T16:37:47.555542+00:00,Official War Thunder Wiki RB BR
ussr_buk_m3_fcs,"9К317М ""БУК-М3"" (СОЦ)",,12.7,,False,https://wiki.warthunder.com/unit/ussr_buk_m3_fcs,2026-09-27T16:37:49.518276+00:00,Official War Thunder Wiki RB BR
ussr_garford_putilov,Гарфордъ,,1.0,,False,https://wiki.warthunder.com/unit/ussr_garford_putilov,2026-09-27T16:37:51.876273+00:00,Official War Thunder Wiki RB BR
ussr_gaz_4m,GAZ-AAA (4M),,1.0,,False,https://wiki.warthunder.com/unit/ussr_gaz_4m,2026-09-27T16:37:54.284358+00:00,Official War Thunder Wiki RB BR
ussr_gaz_dshk,GAZ-AAA (DShK),,1.0,,False,https://wiki.warthunder.com/unit/ussr_gaz_dshk,2026-09-27T16:37:56.713722+00:00,Official War Thunder Wiki RB BR
ussr_gaz_mm_72k,GAZ-MM (72-K),,2.3,,False,https://wiki.warthunder.com/unit/ussr_gaz_mm_72k,2026-09-27T16:37:59.249998+00:00,Official War Thunder Wiki RB BR
ussr_is_1,IS-1,,5.7,,False,https://wiki.warthunder.com/unit/ussr_is_1,2026-09-27T16:38:01.296013+00:00,Official War Thunder Wiki RB BR
ussr_is_1_kit_3rank,ИС-1 ('45),,5.7,,True,https://wiki.warthunder.com/unit/ussr_is_1_kit_3rank,2026-09-27T16:38:03.853117+00:00,Official War Thunder Wiki RB BR
ussr_is_2_1943,IS-2,,6.0,,False,https://wiki.warthunder.com/unit/ussr_is_2_1943,2026-09-27T16:38:05.812493+00:00,Official War Thunder Wiki RB BR
ussr_is_2_1944,IS-2 (1944),,6.3,,False,https://wiki.warthunder.com/unit/ussr_is_2_1944,2026-09-27T16:38:07.880064+00:00,Official War Thunder Wiki RB BR
ussr_is_2_1944_321,IS-2 No.321,,6.3,,False,https://wiki.warthunder.com/unit/ussr_is_2_1944_321,2026-09-27T16:38:10.039881+00:00,Official War Thunder Wiki RB BR
ussr_is_2_1944_revenge,"IS-2 ""Revenge""",,6.3,,True,https://wiki.warthunder.com/unit/ussr_is_2_1944_revenge,2026-09-27T16:38:12.333768+00:00,Official War Thunder Wiki RB BR
ussr_is_2m_kit_4rank,ИС-2М (Будь Готов!),,6.3,,True,https://wiki.warthunder.com/unit/ussr_is_2m_kit_4rank,2026-09-27T16:38:14.152604+00:00,Official War Thunder Wiki RB BR
ussr_is_3,IS-3,,7.3,,False,https://wiki.warthunder.com/unit/ussr_is_3,2026-09-27T16:38:16.243342+00:00,Official War Thunder Wiki RB BR
ussr_is_4m,IS-4M,,7.7,,False,https://wiki.warthunder.com/unit/ussr_is_4m,2026-09-27T16:38:18.455287+00:00,Official War Thunder Wiki RB BR
ussr_is_6,IS-6,,7.7,,True,https://wiki.warthunder.com/unit/ussr_is_6,2026-09-27T16:38:20.518779+00:00,Official War Thunder Wiki RB BR
ussr_is_7,IS-7,,8.3,,False,https://wiki.warthunder.com/unit/ussr_is_7,2026-09-27T16:38:22.793891+00:00,Official War Thunder Wiki RB BR
ussr_isu_122,ISU-122,,5.3,,False,https://wiki.warthunder.com/unit/ussr_isu_122,2026-09-27T16:38:25.128803+00:00,Official War Thunder Wiki RB BR
ussr_isu_122s,ISU-122S,,5.7,,False,https://wiki.warthunder.com/unit/ussr_isu_122s,2026-09-27T16:38:27.536103+00:00,Official War Thunder Wiki RB BR
ussr_isu_152,ISU-152,,4.7,,False,https://wiki.warthunder.com/unit/ussr_isu_152,2026-09-27T16:38:29.204468+00:00,Official War Thunder Wiki RB BR
ussr_it_1,IT-1,,8.7,,False,https://wiki.warthunder.com/unit/ussr_it_1,2026-09-27T16:38:30.453479+00:00,Official War Thunder Wiki RB BR
ussr_kv_122,KV-122,,5.3,,True,https://wiki.warthunder.com/unit/ussr_kv_122,2026-09-27T16:38:32.471423+00:00,Official War Thunder Wiki RB BR
ussr_kv_1_L_11,KV-1 (L-11),,3.7,,False,https://wiki.warthunder.com/unit/ussr_kv_1_L_11,2026-09-27T16:38:34.518358+00:00,Official War Thunder Wiki RB BR
ussr_kv_1_zis_5,KV-1 (ZiS-5),,4.7,,False,https://wiki.warthunder.com/unit/ussr_kv_1_zis_5,2026-09-27T16:38:36.922856+00:00,Official War Thunder Wiki RB BR
ussr_kv_1e,KV-1E,,4.3,,True,https://wiki.warthunder.com/unit/ussr_kv_1e,2026-09-27T16:38:38.818426+00:00,Official War Thunder Wiki RB BR
ussr_kv_1s,KV-1S,,4.3,,False,https://wiki.warthunder.com/unit/ussr_kv_1s,2026-09-27T16:38:40.397143+00:00,Official War Thunder Wiki RB BR
ussr_kv_220,KV-220,,6.0,,True,https://wiki.warthunder.com/unit/ussr_kv_220,2026-09-27T16:38:42.617567+00:00,Official War Thunder Wiki RB BR
ussr_kv_2_1939,KV-2 (1939),,3.7,,False,https://wiki.warthunder.com/unit/ussr_kv_2_1939,2026-09-27T16:38:45.033456+00:00,Official War Thunder Wiki RB BR
ussr_kv_2_1940,KV-2 (1940),,3.7,,True,https://wiki.warthunder.com/unit/ussr_kv_2_1940,2026-09-27T16:38:46.606366+00:00,Official War Thunder Wiki RB BR
ussr_kv_2_zis_6,KV-2 (ZiS-6),,5.0,,True,https://wiki.warthunder.com/unit/ussr_kv_2_zis_6,2026-09-27T16:38:48.635344+00:00,Official War Thunder Wiki RB BR
ussr_kv_7_u13,KV-7 (U-13),,4.3,,True,https://wiki.warthunder.com/unit/ussr_kv_7_u13,2026-09-27T16:38:50.978232+00:00,Official War Thunder Wiki RB BR
ussr_kv_8,КВ-8,,3.7,,True,https://wiki.warthunder.com/unit/ussr_kv_8,2026-09-27T16:38:53.330236+00:00,Official War Thunder Wiki RB BR
ussr_kv_85,KV-85,,5.0,,False,https://wiki.warthunder.com/unit/ussr_kv_85,2026-09-27T16:38:55.359579+00:00,Official War Thunder Wiki RB BR
ussr_m3c,M3 Medium,,2.7,,True,https://wiki.warthunder.com/unit/ussr_m3c,2026-09-27T16:38:57.435309+00:00,Official War Thunder Wiki RB BR
ussr_m4a2_76w_sherman,M4A2,,5.3,,True,https://wiki.warthunder.com/unit/ussr_m4a2_76w_sherman,2026-09-27T16:38:59.810059+00:00,Official War Thunder Wiki RB BR
ussr_m53_59,M53/59,,6.3,,False,https://wiki.warthunder.com/unit/ussr_m53_59,2026-09-27T16:39:02.077699+00:00,Official War Thunder Wiki RB BR
ussr_m53_59_kit_4rank,M53/59 (Будь Готов!),,6.3,,True,https://wiki.warthunder.com/unit/ussr_m53_59_kit_4rank,2026-09-27T16:39:04.404943+00:00,Official War Thunder Wiki RB BR
ussr_object_120,Object 120,,8.0,,True,https://wiki.warthunder.com/unit/ussr_object_120,2026-09-27T16:39:06.568228+00:00,Official War Thunder Wiki RB BR
ussr_object_140,Object 140,,8.7,,True,https://wiki.warthunder.com/unit/ussr_object_140,2026-09-27T16:39:08.524810+00:00,Official War Thunder Wiki RB BR
ussr_object_248,Object 248,,6.3,,True,https://wiki.warthunder.com/unit/ussr_object_248,2026-09-27T16:39:10.493562+00:00,Official War Thunder Wiki RB BR
ussr_object_268,Object 268,,7.0,,False,https://wiki.warthunder.com/unit/ussr_object_268,2026-09-27T16:39:11.955670+00:00,Official War Thunder Wiki RB BR
ussr_object_279,Object 279,,9.0,,False,https://wiki.warthunder.com/unit/ussr_object_279,2026-09-27T16:39:14.384061+00:00,Official War Thunder Wiki RB BR
ussr_object_292,Object 292,,10.7,,False,https://wiki.warthunder.com/unit/ussr_object_292,2026-09-27T16:39:16.725274+00:00,Official War Thunder Wiki RB BR
ussr_object_416,Объект 416,,6.7,,False,https://wiki.warthunder.com/unit/ussr_object_416,2026-09-27T16:39:19.123703+00:00,Official War Thunder Wiki RB BR
ussr_object_435,Object 435,,9.0,,False,https://wiki.warthunder.com/unit/ussr_object_435,2026-09-27T16:39:20.726610+00:00,Official War Thunder Wiki RB BR
ussr_object_685,Object 685,,8.7,,False,https://wiki.warthunder.com/unit/ussr_object_685,2026-09-27T16:39:23.076037+00:00,Official War Thunder Wiki RB BR
ussr_object_775,Object 775,,9.3,,False,https://wiki.warthunder.com/unit/ussr_object_775,2026-09-27T16:39:25.160279+00:00,Official War Thunder Wiki RB BR
ussr_object_906,Object 906,,8.0,,False,https://wiki.warthunder.com/unit/ussr_object_906,2026-09-27T16:39:27.428328+00:00,Official War Thunder Wiki RB BR
ussr_pantsyr_s1,Pantsir-S1,,12.0,,False,https://wiki.warthunder.com/unit/ussr_pantsyr_s1,2026-09-27T16:39:30.070891+00:00,Official War Thunder Wiki RB BR
ussr_pantsyr_sm_sv,Панцирь СМ-СВ,,12.7,,False,https://wiki.warthunder.com/unit/ussr_pantsyr_sm_sv,2026-09-27T16:39:32.245979+00:00,Official War Thunder Wiki RB BR
ussr_pt_76_57,PT-76-57,,8.3,,True,https://wiki.warthunder.com/unit/ussr_pt_76_57,2026-09-27T16:39:34.254236+00:00,Official War Thunder Wiki RB BR
ussr_pt_76b,PT-76B,,5.3,,False,https://wiki.warthunder.com/unit/ussr_pt_76b,2026-09-27T16:39:36.578048+00:00,Official War Thunder Wiki RB BR
ussr_pzkpfw_III_ausf_J_L42,T-III,,2.3,,True,https://wiki.warthunder.com/unit/ussr_pzkpfw_III_ausf_J_L42,2026-09-27T16:39:38.290107+00:00,Official War Thunder Wiki RB BR
ussr_pzkpfw_V,T-V,,6.0,,True,https://wiki.warthunder.com/unit/ussr_pzkpfw_V,2026-09-27T16:39:40.037159+00:00,Official War Thunder Wiki RB BR
ussr_rbt_5,RBT-5,,1.3,,True,https://wiki.warthunder.com/unit/ussr_rbt_5,2026-09-27T16:39:42.102372+00:00,Official War Thunder Wiki RB BR
ussr_sdkfz_251_21_kit_3rank,Ганомаг ('45),,4.0,,True,https://wiki.warthunder.com/unit/ussr_sdkfz_251_21_kit_3rank,2026-09-27T16:39:44.076225+00:00,Official War Thunder Wiki RB BR
ussr_smk,SMK,,3.7,,True,https://wiki.warthunder.com/unit/ussr_smk,2026-09-27T16:39:46.612002+00:00,Official War Thunder Wiki RB BR
ussr_su_100Y,SU-100Y,,4.7,,True,https://wiki.warthunder.com/unit/ussr_su_100Y,2026-09-27T16:39:49.135755+00:00,Official War Thunder Wiki RB BR
ussr_su_100_1945,SU-100,,6.0,,False,https://wiki.warthunder.com/unit/ussr_su_100_1945,2026-09-27T16:39:51.709783+00:00,Official War Thunder Wiki RB BR
ussr_su_100p,SU-100P,,6.3,,False,https://wiki.warthunder.com/unit/ussr_su_100p,2026-09-27T16:39:53.919903+00:00,Official War Thunder Wiki RB BR
ussr_su_122,SU-122,,3.0,,False,https://wiki.warthunder.com/unit/ussr_su_122,2026-09-27T16:39:55.652054+00:00,Official War Thunder Wiki RB BR
ussr_su_122P,SU-122P,,5.7,,True,https://wiki.warthunder.com/unit/ussr_su_122P,2026-09-27T16:39:57.740843+00:00,Official War Thunder Wiki RB BR
ussr_su_122_54,SU-122-54,,6.7,,False,https://wiki.warthunder.com/unit/ussr_su_122_54,2026-09-27T16:39:59.844722+00:00,Official War Thunder Wiki RB BR
ussr_su_152,SU-152,,3.7,,False,https://wiki.warthunder.com/unit/ussr_su_152,2026-09-27T16:40:02.272461+00:00,Official War Thunder Wiki RB BR
ussr_su_57,SU-57,,2.3,,True,https://wiki.warthunder.com/unit/ussr_su_57,2026-09-27T16:40:04.119161+00:00,Official War Thunder Wiki RB BR
ussr_su_57b,SU-57B,,2.7,,False,https://wiki.warthunder.com/unit/ussr_su_57b,2026-09-27T16:40:05.794338+00:00,Official War Thunder Wiki RB BR
ussr_su_5_1,SU-5-1,,1.0,,False,https://wiki.warthunder.com/unit/ussr_su_5_1,2026-09-27T16:40:07.379541+00:00,Official War Thunder Wiki RB BR
ussr_su_76d,SU-76D,,2.3,,True,https://wiki.warthunder.com/unit/ussr_su_76d,2026-09-27T16:40:09.672142+00:00,Official War Thunder Wiki RB BR
ussr_su_76m_1943,SU-76M,,2.0,,False,https://wiki.warthunder.com/unit/ussr_su_76m_1943,2026-09-27T16:40:11.760504+00:00,Official War Thunder Wiki RB BR
ussr_su_76m_5st_kav_corps,SU-76M (5th Gv.Kav.Corps),,2.0,,True,https://wiki.warthunder.com/unit/ussr_su_76m_5st_kav_corps,2026-09-27T16:40:14.075652+00:00,Official War Thunder Wiki RB BR
ussr_su_85_1943,SU-85,,4.3,,False,https://wiki.warthunder.com/unit/ussr_su_85_1943,2026-09-27T16:40:16.104324+00:00,Official War Thunder Wiki RB BR
ussr_su_85a,SU-85A,,4.0,,True,https://wiki.warthunder.com/unit/ussr_su_85a,2026-09-27T16:40:18.391499+00:00,Official War Thunder Wiki RB BR
ussr_su_85m,SU-85M,,5.0,,False,https://wiki.warthunder.com/unit/ussr_su_85m,2026-09-27T16:40:19.850957+00:00,Official War Thunder Wiki RB BR
ussr_t_10a,T-10A,,7.7,,True,https://wiki.warthunder.com/unit/ussr_t_10a,2026-09-27T16:40:22.357830+00:00,Official War Thunder Wiki RB BR
ussr_t_10m,T-10M,,8.3,,False,https://wiki.warthunder.com/unit/ussr_t_10m,2026-09-27T16:40:24.049577+00:00,Official War Thunder Wiki RB BR
ussr_t_126sp,T-126,,3.0,,True,https://wiki.warthunder.com/unit/ussr_t_126sp,2026-09-27T16:40:26.526363+00:00,Official War Thunder Wiki RB BR
ussr_t_26E,T-26E,,1.3,,True,https://wiki.warthunder.com/unit/ussr_t_26E,2026-09-27T16:40:28.478771+00:00,Official War Thunder Wiki RB BR
ussr_t_26_1940,T-26,,1.0,,False,https://wiki.warthunder.com/unit/ussr_t_26_1940,2026-09-27T16:40:31.028966+00:00,Official War Thunder Wiki RB BR
ussr_t_26_1940_1st_GvTBr,T-26 (1st Gv.T.Br.),,1.0,,True,https://wiki.warthunder.com/unit/ussr_t_26_1940_1st_GvTBr,2026-09-27T16:40:33.335518+00:00,Official War Thunder Wiki RB BR
ussr_t_26_4,T-26-4,,1.0,,False,https://wiki.warthunder.com/unit/ussr_t_26_4,2026-09-27T16:40:35.205454+00:00,Official War Thunder Wiki RB BR
ussr_t_28,T-28,,1.7,,False,https://wiki.warthunder.com/unit/ussr_t_28,2026-09-27T16:40:37.643619+00:00,Official War Thunder Wiki RB BR
ussr_t_28E,T-28E,,2.3,,False,https://wiki.warthunder.com/unit/ussr_t_28E,2026-09-27T16:40:39.951809+00:00,Official War Thunder Wiki RB BR
ussr_t_28_1938,T-28 (1938),,1.3,,False,https://wiki.warthunder.com/unit/ussr_t_28_1938,2026-09-27T16:40:41.692970+00:00,Official War Thunder Wiki RB BR
ussr_t_34E,T-34E,,4.3,,True,https://wiki.warthunder.com/unit/ussr_t_34E,2026-09-27T16:40:43.918957+00:00,Official War Thunder Wiki RB BR
ussr_t_34E_STZ,T-34E STZ,,4.3,,False,https://wiki.warthunder.com/unit/ussr_t_34E_STZ,2026-09-27T16:40:45.672661+00:00,Official War Thunder Wiki RB BR
ussr_t_34_100,T-34-100,,6.3,,True,https://wiki.warthunder.com/unit/ussr_t_34_100,2026-09-27T16:40:47.891167+00:00,Official War Thunder Wiki RB BR
ussr_t_34_1940_l_11,T-34 (Prototype),,3.7,,True,https://wiki.warthunder.com/unit/ussr_t_34_1940_l_11,2026-09-27T16:40:50.121827+00:00,Official War Thunder Wiki RB BR
ussr_t_34_1941,T-34 (1941),,4.0,,False,https://wiki.warthunder.com/unit/ussr_t_34_1941,2026-09-27T16:40:52.696638+00:00,Official War Thunder Wiki RB BR
ussr_t_34_1941_57,T-34-57,,4.7,,False,https://wiki.warthunder.com/unit/ussr_t_34_1941_57,2026-09-27T16:40:55.252287+00:00,Official War Thunder Wiki RB BR
ussr_t_34_1941_cast_turret,T-34 (1st Gv.T.Br.),,4.0,,True,https://wiki.warthunder.com/unit/ussr_t_34_1941_cast_turret,2026-09-27T16:40:57.213013+00:00,Official War Thunder Wiki RB BR
ussr_t_34_1941_l_11,T-34 (1940),,3.7,,False,https://wiki.warthunder.com/unit/ussr_t_34_1941_l_11,2026-09-27T16:40:59.677286+00:00,Official War Thunder Wiki RB BR
ussr_t_34_1942,T-34 (1942),,4.0,,False,https://wiki.warthunder.com/unit/ussr_t_34_1942,2026-09-27T16:41:02.409683+00:00,Official War Thunder Wiki RB BR
ussr_t_34_57_1943,T-34-57 (1943),,4.7,,True,https://wiki.warthunder.com/unit/ussr_t_34_57_1943,2026-09-27T16:41:04.687988+00:00,Official War Thunder Wiki RB BR
ussr_t_34_85E,T-34-85E,,5.7,,True,https://wiki.warthunder.com/unit/ussr_t_34_85E,2026-09-27T16:41:07.062281+00:00,Official War Thunder Wiki RB BR
ussr_t_34_85_d_5t,T-34-85 (D-5T),,5.3,,False,https://wiki.warthunder.com/unit/ussr_t_34_85_d_5t,2026-09-27T16:41:08.869291+00:00,Official War Thunder Wiki RB BR
ussr_t_34_85_stp_s53,Т-34-85 (СТП),,6.3,,False,https://wiki.warthunder.com/unit/ussr_t_34_85_stp_s53,2026-09-27T16:41:11.136243+00:00,Official War Thunder Wiki RB BR
ussr_t_34_85_zis_53,T-34-85,,5.7,,False,https://wiki.warthunder.com/unit/ussr_t_34_85_zis_53,2026-09-27T16:41:13.335476+00:00,Official War Thunder Wiki RB BR
ussr_t_34_85_zis_53_kit_3rank,Т-34-85 ('45),,5.7,,True,https://wiki.warthunder.com/unit/ussr_t_34_85_zis_53_kit_3rank,2026-09-27T16:41:15.820489+00:00,Official War Thunder Wiki RB BR
ussr_t_34_85_zis_53_v80,"Т-34-85 ""Партизан""",,5.7,,True,https://wiki.warthunder.com/unit/ussr_t_34_85_zis_53_v80,2026-09-27T16:41:18.077200+00:00,Official War Thunder Wiki RB BR
ussr_t_35,T-35,,1.3,,True,https://wiki.warthunder.com/unit/ussr_t_35,2026-09-27T16:41:19.930323+00:00,Official War Thunder Wiki RB BR
ussr_t_44,T-44,,6.7,,False,https://wiki.warthunder.com/unit/ussr_t_44,2026-09-27T16:41:21.687741+00:00,Official War Thunder Wiki RB BR
ussr_t_44_100,T-44-100,,7.0,,False,https://wiki.warthunder.com/unit/ussr_t_44_100,2026-09-27T16:41:23.798814+00:00,Official War Thunder Wiki RB BR
ussr_t_44_122,T-44-122,,6.3,,True,https://wiki.warthunder.com/unit/ussr_t_44_122,2026-09-27T16:41:25.959611+00:00,Official War Thunder Wiki RB BR
ussr_t_44_kit_4rank,Т-44 (Будь Готов!),,6.7,,True,https://wiki.warthunder.com/unit/ussr_t_44_kit_4rank,2026-09-27T16:41:28.538691+00:00,Official War Thunder Wiki RB BR
ussr_t_44_po,Т-44(ПМ),,6.3,,True,https://wiki.warthunder.com/unit/ussr_t_44_po,2026-09-27T16:41:30.237881+00:00,Official War Thunder Wiki RB BR
ussr_t_50,T-50,,2.7,,False,https://wiki.warthunder.com/unit/ussr_t_50,2026-09-27T16:41:32.006443+00:00,Official War Thunder Wiki RB BR
ussr_t_54_1947,T-54 (1947),,7.7,,False,https://wiki.warthunder.com/unit/ussr_t_54_1947,2026-09-27T16:41:33.684149+00:00,Official War Thunder Wiki RB BR
ussr_t_54_1949,T-54 (1949),,8.0,,False,https://wiki.warthunder.com/unit/ussr_t_54_1949,2026-09-27T16:41:35.712963+00:00,Official War Thunder Wiki RB BR
ussr_t_54_1951,T-54 (1951),,8.0,,False,https://wiki.warthunder.com/unit/ussr_t_54_1951,2026-09-27T16:41:37.796181+00:00,Official War Thunder Wiki RB BR
ussr_t_55_am,T-55AM-1,,9.0,,True,https://wiki.warthunder.com/unit/ussr_t_55_am,2026-09-27T16:41:39.766457+00:00,Official War Thunder Wiki RB BR
ussr_t_55_amd_1,T-55AMD-1,,9.0,,False,https://wiki.warthunder.com/unit/ussr_t_55_amd_1,2026-09-27T16:41:42.021301+00:00,Official War Thunder Wiki RB BR
ussr_t_55a,T-55A,,8.3,,False,https://wiki.warthunder.com/unit/ussr_t_55a,2026-09-27T16:41:44.506292+00:00,Official War Thunder Wiki RB BR
ussr_t_60_1941,T-60,,1.0,,False,https://wiki.warthunder.com/unit/ussr_t_60_1941,2026-09-27T16:41:46.940994+00:00,Official War Thunder Wiki RB BR
ussr_t_62,T-62,,8.7,,False,https://wiki.warthunder.com/unit/ussr_t_62,2026-09-27T16:41:49.124112+00:00,Official War Thunder Wiki RB BR
ussr_t_62m1,T-62M-1,,9.0,,False,https://wiki.warthunder.com/unit/ussr_t_62m1,2026-09-27T16:41:51.127272+00:00,Official War Thunder Wiki RB BR
ussr_t_64_b_1984,T-64B,,10.3,,False,https://wiki.warthunder.com/unit/ussr_t_64_b_1984,2026-09-27T16:41:53.724154+00:00,Official War Thunder Wiki RB BR
ussr_t_64a_1971,T-64A (1971),,9.3,,False,https://wiki.warthunder.com/unit/ussr_t_64a_1971,2026-09-27T16:41:55.683098+00:00,Official War Thunder Wiki RB BR
ussr_t_70_1942,T-70,,2.0,,False,https://wiki.warthunder.com/unit/ussr_t_70_1942,2026-09-27T16:41:57.349027+00:00,Official War Thunder Wiki RB BR
ussr_t_72a,T-72A,,9.3,,False,https://wiki.warthunder.com/unit/ussr_t_72a,2026-09-27T16:41:59.465007+00:00,Official War Thunder Wiki RB BR
ussr_t_72av_turms,T-72AV (TURMS-T),,10.3,,True,https://wiki.warthunder.com/unit/ussr_t_72av_turms,2026-09-27T16:42:01.409961+00:00,Official War Thunder Wiki RB BR
ussr_t_72b,T-72B,,10.3,,False,https://wiki.warthunder.com/unit/ussr_t_72b,2026-09-27T16:42:03.223568+00:00,Official War Thunder Wiki RB BR
ussr_t_72b3_2011,T-72B3,,11.3,,False,https://wiki.warthunder.com/unit/ussr_t_72b3_2011,2026-09-27T16:42:05.484727+00:00,Official War Thunder Wiki RB BR
ussr_t_72b3_arena,"Т-72Б3 ""Арена""",,11.0,,False,https://wiki.warthunder.com/unit/ussr_t_72b3_arena,2026-09-27T16:42:07.036447+00:00,Official War Thunder Wiki RB BR
ussr_t_72b3_arena_m,Т-72Б3А,,12.0,,False,https://wiki.warthunder.com/unit/ussr_t_72b3_arena_m,2026-09-27T16:42:09.258855+00:00,Official War Thunder Wiki RB BR
ussr_t_72b_1989,T-72B (1989),,10.3,,False,https://wiki.warthunder.com/unit/ussr_t_72b_1989,2026-09-27T16:42:11.148876+00:00,Official War Thunder Wiki RB BR
ussr_t_72m2_moderna,T-72M2 Moderna,,10.7,,False,https://wiki.warthunder.com/unit/ussr_t_72m2_moderna,2026-09-27T16:42:13.041268+00:00,Official War Thunder Wiki RB BR
ussr_t_80,T-80,,2.3,,False,https://wiki.warthunder.com/unit/ussr_t_80,2026-09-27T16:42:14.798454+00:00,Official War Thunder Wiki RB BR
ussr_t_80b,T-80B,,10.7,,False,https://wiki.warthunder.com/unit/ussr_t_80b,2026-09-27T16:42:17.080264+00:00,Official War Thunder Wiki RB BR
ussr_t_80bvm,T-80BVM,,12.7,,False,https://wiki.warthunder.com/unit/ussr_t_80bvm,2026-09-27T16:42:19.508243+00:00,Official War Thunder Wiki RB BR
ussr_t_80u,T-80U,,11.7,,False,https://wiki.warthunder.com/unit/ussr_t_80u,2026-09-27T16:42:21.872521+00:00,Official War Thunder Wiki RB BR
ussr_t_80u_yt_cup_2019,␙T-80U,,11.7,,False,https://wiki.warthunder.com/unit/ussr_t_80u_yt_cup_2019,2026-09-27T16:42:23.958512+00:00,Official War Thunder Wiki RB BR
ussr_t_80ud,T-80UD,,10.7,,True,https://wiki.warthunder.com/unit/ussr_t_80ud,2026-09-27T16:42:26.081478+00:00,Official War Thunder Wiki RB BR
ussr_t_80ue1,Т-80U-Е1,,12.0,,True,https://wiki.warthunder.com/unit/ussr_t_80ue1,2026-09-27T16:42:28.155828+00:00,Official War Thunder Wiki RB BR
ussr_t_80ue1_sm,◍Т-80У-Е1,,12.0,,True,https://wiki.warthunder.com/unit/ussr_t_80ue1_sm,2026-09-27T16:42:30.548902+00:00,Official War Thunder Wiki RB BR
ussr_t_80uk,T-80UK,,11.7,,False,https://wiki.warthunder.com/unit/ussr_t_80uk,2026-09-27T16:42:32.834831+00:00,Official War Thunder Wiki RB BR
ussr_t_80um2,T-80UM2,,11.7,,False,https://wiki.warthunder.com/unit/ussr_t_80um2,2026-09-27T16:42:35.071673+00:00,Official War Thunder Wiki RB BR
ussr_t_90a,Т-90А,,11.0,,False,https://wiki.warthunder.com/unit/ussr_t_90a,2026-09-27T16:42:37.740594+00:00,Official War Thunder Wiki RB BR
ussr_t_90m_2020,T-90M,,12.7,,False,https://wiki.warthunder.com/unit/ussr_t_90m_2020,2026-09-27T16:42:39.904056+00:00,Official War Thunder Wiki RB BR
ussr_t_90m_arena_m,Т-90М (Арена-М),,12.7,,False,https://wiki.warthunder.com/unit/ussr_t_90m_arena_m,2026-09-27T16:42:42.598239+00:00,Official War Thunder Wiki RB BR
ussr_to_55,TO-55,,8.0,,True,https://wiki.warthunder.com/unit/ussr_to_55,2026-09-27T16:42:44.968193+00:00,Official War Thunder Wiki RB BR
ussr_tor_m1,Toр-M1,,11.3,,False,https://wiki.warthunder.com/unit/ussr_tor_m1,2026-09-27T16:42:47.124940+00:00,Official War Thunder Wiki RB BR
ussr_type_62,Type 62,,6.7,,False,https://wiki.warthunder.com/unit/ussr_type_62,2026-09-27T16:42:49.022770+00:00,Official War Thunder Wiki RB BR
ussr_type_65_aa,Phòng không T-34,,5.0,,True,https://wiki.warthunder.com/unit/ussr_type_65_aa,2026-09-27T16:42:51.582037+00:00,Official War Thunder Wiki RB BR
ussr_valentine_mk_9,"МК-IX ""Valentine""",,3.0,,True,https://wiki.warthunder.com/unit/ussr_valentine_mk_9,2026-09-27T16:42:54.205944+00:00,Official War Thunder Wiki RB BR
ussr_zis_12_94KM_1945,ZiS-12 (94-KM),,3.3,,False,https://wiki.warthunder.com/unit/ussr_zis_12_94KM_1945,2026-09-27T16:42:56.746779+00:00,Official War Thunder Wiki RB BR
ussr_zis_30,ZiS-30,,2.3,,False,https://wiki.warthunder.com/unit/ussr_zis_30,2026-09-27T16:42:58.706148+00:00,Official War Thunder Wiki RB BR
ussr_zis_43,ZiS-43,,3.0,,False,https://wiki.warthunder.com/unit/ussr_zis_43,2026-09-27T16:43:01.011169+00:00,Official War Thunder Wiki RB BR
ussr_zprk_2s6,2S6,,11.0,,False,https://wiki.warthunder.com/unit/ussr_zprk_2s6,2026-09-27T16:43:02.767070+00:00,Official War Thunder Wiki RB BR
ussr_zsu_23_4,ZSU-23-4,,8.0,,False,https://wiki.warthunder.com/unit/ussr_zsu_23_4,2026-09-27T16:43:05.287482+00:00,Official War Thunder Wiki RB BR
ussr_zsu_23_4m2,ЗСУ-23-4М2,,7.3,,False,https://wiki.warthunder.com/unit/ussr_zsu_23_4m2,2026-09-27T16:43:07.206222+00:00,Official War Thunder Wiki RB BR
ussr_zsu_23_4m4,ZSU-23-4M4,,9.3,,False,https://wiki.warthunder.com/unit/ussr_zsu_23_4m4,2026-09-27T16:43:09.035084+00:00,Official War Thunder Wiki RB BR
ussr_zsu_29k,YaG-10 (29-K),,3.3,,False,https://wiki.warthunder.com/unit/ussr_zsu_29k,2026-09-27T16:43:11.589685+00:00,Official War Thunder Wiki RB BR
ussr_zsu_37,ZSU-37,,3.3,,False,https://wiki.warthunder.com/unit/ussr_zsu_37,2026-09-27T16:43:13.317948+00:00,Official War Thunder Wiki RB BR
ussr_zsu_37_2,ZSU-37-2,,7.7,,False,https://wiki.warthunder.com/unit/ussr_zsu_37_2,2026-09-27T16:43:15.662525+00:00,Official War Thunder Wiki RB BR
ussr_zsu_57_2,ZSU-57-2,,7.0,,False,https://wiki.warthunder.com/unit/ussr_zsu_57_2,2026-09-27T16:43:18.224511+00:00,Official War Thunder Wiki RB BR
ussr_zut_37,ZUT-37,,2.3,,True,https://wiki.warthunder.com/unit/ussr_zut_37,2026-09-27T16:43:20.301728+00:00,Official War Thunder Wiki RB BR
