vehicle_slug,vehicle_name,wiki_image_url,wiki_url,checked_at,status,error
cn_al_khalid_1,Al-Khalid-I,https://static.encyclopedia.warthunder.com/images/cn_al_khalid_1.png,https://wiki.warthunder.com/unit/cn_al_khalid_1,2026-07-02T18:29:39.320647+00:00,ok,
cn_antelope_tc_1l_ads,Antelope,https://static.encyclopedia.warthunder.com/images/cn_antelope_tc_1l_ads.png,https://wiki.warthunder.com/unit/cn_antelope_tc_1l_ads,2026-07-02T18:29:42.015672+00:00,ok,
cn_cm11,CM11,https://static.encyclopedia.warthunder.com/images/cn_cm11.png,https://wiki.warthunder.com/unit/cn_cm11,2026-07-02T18:29:44.448843+00:00,ok,
cn_cm_25,CM25,https://static.encyclopedia.warthunder.com/images/cn_cm_25.png,https://wiki.warthunder.com/unit/cn_cm_25,2026-07-02T18:29:46.616076+00:00,ok,
cn_cm_34,CM34,https://static.encyclopedia.warthunder.com/images/cn_cm_34.png,https://wiki.warthunder.com/unit/cn_cm_34,2026-07-02T18:29:49.363636+00:00,ok,
cn_gmc_cckw_353_m45_quad,CCKW 353 (M45),https://static.encyclopedia.warthunder.com/images/cn_gmc_cckw_353_m45_quad.png,https://wiki.warthunder.com/unit/cn_gmc_cckw_353_m45_quad,2026-07-02T18:29:51.468883+00:00,ok,
cn_hj_9,AFT09,https://static.encyclopedia.warthunder.com/images/cn_hj_9.png,https://wiki.warthunder.com/unit/cn_hj_9,2026-07-02T18:29:53.777599+00:00,ok,
cn_hq_11,HQ11,https://static.encyclopedia.warthunder.com/images/cn_hq_11.png,https://wiki.warthunder.com/unit/cn_hq_11,2026-07-02T18:29:56.073972+00:00,ok,
cn_hq_17,HQ17,https://static.encyclopedia.warthunder.com/images/cn_hq_17.png,https://wiki.warthunder.com/unit/cn_hq_17,2026-07-02T18:29:58.344502+00:00,ok,
cn_is_2_1943,␗IS-2,https://static.encyclopedia.warthunder.com/images/cn_is_2_1943.png,https://wiki.warthunder.com/unit/cn_is_2_1943,2026-07-02T18:30:00.624766+00:00,ok,
cn_is_2_1943_no402,IS-2 No.402,https://static.encyclopedia.warthunder.com/images/cn_is_2_1943_no402.png,https://wiki.warthunder.com/unit/cn_is_2_1943_no402,2026-07-02T18:30:02.776927+00:00,ok,
cn_is_2_1944,␗IS-2 (1944),https://static.encyclopedia.warthunder.com/images/cn_is_2_1944.png,https://wiki.warthunder.com/unit/cn_is_2_1944,2026-07-02T18:30:05.272777+00:00,ok,
cn_isu_122,␗ISU-122,https://static.encyclopedia.warthunder.com/images/cn_isu_122.png,https://wiki.warthunder.com/unit/cn_isu_122,2026-07-02T18:30:07.421063+00:00,ok,
cn_isu_152,␗ISU-152,https://static.encyclopedia.warthunder.com/images/cn_isu_152.png,https://wiki.warthunder.com/unit/cn_isu_152,2026-07-02T18:30:09.442418+00:00,ok,
cn_lvt_4_zis_2,LVT(A)(4) (ZiS-2),https://static.encyclopedia.warthunder.com/images/cn_lvt_4_zis_2.png,https://wiki.warthunder.com/unit/cn_lvt_4_zis_2,2026-07-02T18:30:11.422692+00:00,ok,
cn_m10,␗M10 GMC,https://static.encyclopedia.warthunder.com/images/cn_m10.png,https://wiki.warthunder.com/unit/cn_m10,2026-07-02T18:30:13.759863+00:00,ok,
cn_m113a1_tow,␗M113A1 (TOW),https://static.encyclopedia.warthunder.com/images/cn_m113a1_tow.png,https://wiki.warthunder.com/unit/cn_m113a1_tow,2026-07-02T18:30:16.453286+00:00,ok,
cn_m18_hellcat,␗M18 GMC,https://static.encyclopedia.warthunder.com/images/cn_m18_hellcat.png,https://wiki.warthunder.com/unit/cn_m18_hellcat,2026-07-02T18:30:18.298337+00:00,ok,
cn_m1a2t,M1A2T,https://static.encyclopedia.warthunder.com/images/cn_m1a2t.png,https://wiki.warthunder.com/unit/cn_m1a2t,2026-07-02T18:30:20.322199+00:00,ok,
cn_m24_chaffee,␗M24,https://static.encyclopedia.warthunder.com/images/cn_m24_chaffee.png,https://wiki.warthunder.com/unit/cn_m24_chaffee,2026-07-02T18:30:22.940700+00:00,ok,
cn_m36,␗M36 GMC,https://static.encyclopedia.warthunder.com/images/cn_m36.png,https://wiki.warthunder.com/unit/cn_m36,2026-07-02T18:30:25.315541+00:00,ok,
cn_m3a3_stuart,␗M3A3 Stuart,https://static.encyclopedia.warthunder.com/images/cn_m3a3_stuart.png,https://wiki.warthunder.com/unit/cn_m3a3_stuart,2026-07-02T18:30:27.883943+00:00,ok,
cn_m3a3_stuart_1st_ptg,␗M3A3 (1st PTG),https://static.encyclopedia.warthunder.com/images/cn_m3a3_stuart_1st_ptg.png,https://wiki.warthunder.com/unit/cn_m3a3_stuart_1st_ptg,2026-07-02T18:30:30.414786+00:00,ok,
cn_m41_a3_walker_bulldog,␗M41A3,https://static.encyclopedia.warthunder.com/images/cn_m41_a3_walker_bulldog.png,https://wiki.warthunder.com/unit/cn_m41_a3_walker_bulldog,2026-07-02T18:30:33.032696+00:00,ok,
cn_m42_duster,␗M42,https://static.encyclopedia.warthunder.com/images/cn_m42_duster.png,https://wiki.warthunder.com/unit/cn_m42_duster,2026-07-02T18:30:34.951705+00:00,ok,
cn_m48a1_patton_III,␗M48A1,https://static.encyclopedia.warthunder.com/images/cn_m48a1_patton_iii.png,https://wiki.warthunder.com/unit/cn_m48a1_patton_III,2026-07-02T18:30:37.410686+00:00,ok,
cn_m4a1_76w_sherman,␗M4A1 (75) W,https://static.encyclopedia.warthunder.com/images/cn_m4a1_76w_sherman.png,https://wiki.warthunder.com/unit/cn_m4a1_76w_sherman,2026-07-02T18:30:39.572371+00:00,ok,
cn_m4a4_sherman,␗M4A4,https://static.encyclopedia.warthunder.com/images/cn_m4a4_sherman.png,https://wiki.warthunder.com/unit/cn_m4a4_sherman,2026-07-02T18:30:41.478463+00:00,ok,
cn_m4a4_sherman_1st_ptg,␗M4A4 (1st PTG),https://static.encyclopedia.warthunder.com/images/cn_m4a4_sherman_1st_ptg.png,https://wiki.warthunder.com/unit/cn_m4a4_sherman_1st_ptg,2026-07-02T18:30:43.355478+00:00,ok,
cn_m55,␗M55,https://static.encyclopedia.warthunder.com/images/cn_m55.png,https://wiki.warthunder.com/unit/cn_m55,2026-07-02T18:30:45.320831+00:00,ok,
cn_m5a1_stuart,␗M5A1,https://static.encyclopedia.warthunder.com/images/cn_m5a1_stuart.png,https://wiki.warthunder.com/unit/cn_m5a1_stuart,2026-07-02T18:30:47.900429+00:00,ok,
cn_m60a3_tts,␗M60A3 TTS,https://static.encyclopedia.warthunder.com/images/cn_m60a3_tts.png,https://wiki.warthunder.com/unit/cn_m60a3_tts,2026-07-02T18:30:49.859813+00:00,ok,
cn_m8_greyhound,␗M8 LAC,https://static.encyclopedia.warthunder.com/images/cn_m8_greyhound.png,https://wiki.warthunder.com/unit/cn_m8_greyhound,2026-07-02T18:30:52.388114+00:00,ok,
cn_m8_scott,␗M8 HMC,https://static.encyclopedia.warthunder.com/images/cn_m8_scott.png,https://wiki.warthunder.com/unit/cn_m8_scott,2026-07-02T18:30:54.599256+00:00,ok,
cn_m_41d,M41D,https://static.encyclopedia.warthunder.com/images/cn_m_41d.png,https://wiki.warthunder.com/unit/cn_m_41d,2026-07-02T18:30:56.960587+00:00,ok,
cn_mbt2000,MBT-2000,https://static.encyclopedia.warthunder.com/images/cn_mbt2000.png,https://wiki.warthunder.com/unit/cn_mbt2000,2026-07-02T18:30:59.569118+00:00,ok,
cn_mbt2000_sm,◍MBT-2000,https://static.encyclopedia.warthunder.com/images/cn_mbt2000_sm.png,https://wiki.warthunder.com/unit/cn_mbt2000_sm,2026-07-02T18:31:01.569150+00:00,ok,
cn_object_122tm,"Object 122MT ""MC""",https://static.encyclopedia.warthunder.com/images/cn_object_122tm.png,https://wiki.warthunder.com/unit/cn_object_122tm,2026-07-02T18:31:03.635033+00:00,ok,
cn_object_211,Object 211,https://static.encyclopedia.warthunder.com/images/cn_object_211.png,https://wiki.warthunder.com/unit/cn_object_211,2026-07-02T18:31:06.067713+00:00,ok,
cn_oplot_t,Oplot-M,https://static.encyclopedia.warthunder.com/images/cn_oplot_t.png,https://wiki.warthunder.com/unit/cn_oplot_t,2026-07-02T18:31:08.639347+00:00,ok,
cn_pgz_04a,PGZ04A,https://static.encyclopedia.warthunder.com/images/cn_pgz_04a.png,https://wiki.warthunder.com/unit/cn_pgz_04a,2026-07-02T18:31:10.881428+00:00,ok,
cn_pgz_09,PGZ09,https://static.encyclopedia.warthunder.com/images/cn_pgz_09.png,https://wiki.warthunder.com/unit/cn_pgz_09,2026-07-02T18:31:12.856198+00:00,ok,
cn_pgz_625_fb10,CS/SA5,https://static.encyclopedia.warthunder.com/images/cn_pgz_625_fb10.png,https://wiki.warthunder.com/unit/cn_pgz_625_fb10,2026-07-02T18:31:15.592753+00:00,ok,
cn_plz_05,PLZ05,https://static.encyclopedia.warthunder.com/images/cn_plz_05.png,https://wiki.warthunder.com/unit/cn_plz_05,2026-07-02T18:31:18.032106+00:00,ok,
cn_plz_83,PLZ83,https://static.encyclopedia.warthunder.com/images/cn_plz_83.png,https://wiki.warthunder.com/unit/cn_plz_83,2026-07-02T18:31:20.633534+00:00,ok,
cn_plz_83_130,PLZ83-130,https://static.encyclopedia.warthunder.com/images/cn_plz_83_130.png,https://wiki.warthunder.com/unit/cn_plz_83_130,2026-07-02T18:31:23.285844+00:00,ok,
cn_pt_76,␗PT-76,https://static.encyclopedia.warthunder.com/images/cn_pt_76.png,https://wiki.warthunder.com/unit/cn_pt_76,2026-07-02T18:31:25.579439+00:00,ok,
cn_ptl_02,PTL02,https://static.encyclopedia.warthunder.com/images/cn_ptl_02.png,https://wiki.warthunder.com/unit/cn_ptl_02,2026-07-02T18:31:27.690628+00:00,ok,
cn_ptz_89,PTZ89,https://static.encyclopedia.warthunder.com/images/cn_ptz_89.png,https://wiki.warthunder.com/unit/cn_ptz_89,2026-07-02T18:31:30.134320+00:00,ok,
cn_qn506,QN506,https://static.encyclopedia.warthunder.com/images/cn_qn506.png,https://wiki.warthunder.com/unit/cn_qn506,2026-07-02T18:31:32.808165+00:00,ok,
cn_sdkfz_222_early,␗Sd.Kfz.222,https://static.encyclopedia.warthunder.com/images/cn_sdkfz_222_early.png,https://wiki.warthunder.com/unit/cn_sdkfz_222_early,2026-07-02T18:31:35.384769+00:00,ok,
cn_su_100_1945,␗SU-100,https://static.encyclopedia.warthunder.com/images/cn_su_100_1945.png,https://wiki.warthunder.com/unit/cn_su_100_1945,2026-07-02T18:31:37.320039+00:00,ok,
cn_su_76m_1943,␗SU-76M,https://static.encyclopedia.warthunder.com/images/cn_su_76m_1943.png,https://wiki.warthunder.com/unit/cn_su_76m_1943,2026-07-02T18:31:39.352581+00:00,ok,
cn_t_26_1940,␗T-26,https://static.encyclopedia.warthunder.com/images/cn_t_26_1940.png,https://wiki.warthunder.com/unit/cn_t_26_1940,2026-07-02T18:31:41.716978+00:00,ok,
cn_t_26_no531,T-26 No.531,https://static.encyclopedia.warthunder.com/images/cn_t_26_no531.png,https://wiki.warthunder.com/unit/cn_t_26_no531,2026-07-02T18:31:44.104438+00:00,ok,
cn_t_34_1942,␗T-34 (1943),https://static.encyclopedia.warthunder.com/images/cn_t_34_1942.png,https://wiki.warthunder.com/unit/cn_t_34_1942,2026-07-02T18:31:46.833241+00:00,ok,
cn_t_34_85_d_5t,␗Т-34-85 (S-53),https://static.encyclopedia.warthunder.com/images/cn_t_34_85_d_5t.png,https://wiki.warthunder.com/unit/cn_t_34_85_d_5t,2026-07-02T18:31:49.257319+00:00,ok,
cn_t_34_85_zis_53_no215,T-34-85 No.215,https://static.encyclopedia.warthunder.com/images/cn_t_34_85_zis_53_no215.png,https://wiki.warthunder.com/unit/cn_t_34_85_zis_53_no215,2026-07-02T18:31:51.717239+00:00,ok,
cn_t_62,Т-62 №545,https://static.encyclopedia.warthunder.com/images/cn_t_62.png,https://wiki.warthunder.com/unit/cn_t_62,2026-07-02T18:31:54.118575+00:00,ok,
cn_t_80ud_478be,T-80UD/BE,https://static.encyclopedia.warthunder.com/images/cn_t_80ud_478be.png,https://wiki.warthunder.com/unit/cn_t_80ud_478be,2026-07-02T18:31:56.158542+00:00,ok,
cn_tor_m1,Tor-M1,https://static.encyclopedia.warthunder.com/images/cn_tor_m1.png,https://wiki.warthunder.com/unit/cn_tor_m1,2026-07-02T18:31:58.769670+00:00,ok,
cn_type_58,Т-34-85 Gai,https://static.encyclopedia.warthunder.com/images/cn_type_58.png,https://wiki.warthunder.com/unit/cn_type_58,2026-07-02T18:32:01.045630+00:00,ok,
cn_type_59,Type 59,https://static.encyclopedia.warthunder.com/images/cn_type_59.png,https://wiki.warthunder.com/unit/cn_type_59,2026-07-02T18:32:02.694727+00:00,ok,
cn_type_59d,ZTZ59D1,https://static.encyclopedia.warthunder.com/images/cn_type_59d.png,https://wiki.warthunder.com/unit/cn_type_59d,2026-07-02T18:32:05.003044+00:00,ok,
cn_type_62,Type 62,https://static.encyclopedia.warthunder.com/images/cn_type_62.png,https://wiki.warthunder.com/unit/cn_type_62,2026-07-02T18:32:06.985611+00:00,ok,
cn_type_63_I,Type 63-I,https://static.encyclopedia.warthunder.com/images/cn_type_63_i.png,https://wiki.warthunder.com/unit/cn_type_63_I,2026-07-02T18:32:09.381476+00:00,ok,
cn_type_64,M64,https://static.encyclopedia.warthunder.com/images/cn_type_64.png,https://wiki.warthunder.com/unit/cn_type_64,2026-07-02T18:32:11.928061+00:00,ok,
cn_type_65_aa,Phòng không T-34,https://static.encyclopedia.warthunder.com/images/cn_type_65_aa.png,https://wiki.warthunder.com/unit/cn_type_65_aa,2026-07-02T18:32:14.178988+00:00,ok,
cn_type_69,Type 69,https://static.encyclopedia.warthunder.com/images/cn_type_69.png,https://wiki.warthunder.com/unit/cn_type_69,2026-07-02T18:32:16.744511+00:00,ok,
cn_type_69_2a,Type 69-IIa,https://static.encyclopedia.warthunder.com/images/cn_type_69_2a.png,https://wiki.warthunder.com/unit/cn_type_69_2a,2026-07-02T18:32:18.784430+00:00,ok,
cn_type_69_2g,T-69 II G,https://static.encyclopedia.warthunder.com/images/cn_type_69_2g.png,https://wiki.warthunder.com/unit/cn_type_69_2g,2026-07-02T18:32:21.653028+00:00,ok,
cn_type_86,ZBD86,https://static.encyclopedia.warthunder.com/images/cn_type_86.png,https://wiki.warthunder.com/unit/cn_type_86,2026-07-02T18:32:24.341448+00:00,ok,
cn_type_97_chi_ha,␗Chi-Ha,https://static.encyclopedia.warthunder.com/images/cn_type_97_chi_ha.png,https://wiki.warthunder.com/unit/cn_type_97_chi_ha,2026-07-02T18:32:26.947126+00:00,ok,
cn_type_97_kai,␗Chi-Ha Kai,https://static.encyclopedia.warthunder.com/images/cn_type_97_kai.png,https://wiki.warthunder.com/unit/cn_type_97_kai,2026-07-02T18:32:29.154279+00:00,ok,
cn_vt_4,VT4,https://static.encyclopedia.warthunder.com/images/cn_vt_4.png,https://wiki.warthunder.com/unit/cn_vt_4,2026-07-02T18:32:31.742093+00:00,ok,
cn_vt_4b,VT4A1,https://static.encyclopedia.warthunder.com/images/cn_vt_4b.png,https://wiki.warthunder.com/unit/cn_vt_4b,2026-07-02T18:32:34.425105+00:00,ok,
cn_vt_5,VT5,https://static.encyclopedia.warthunder.com/images/cn_vt_5.png,https://wiki.warthunder.com/unit/cn_vt_5,2026-07-02T18:32:36.564724+00:00,ok,
cn_wma_301,WMA301,https://static.encyclopedia.warthunder.com/images/cn_wma_301.png,https://wiki.warthunder.com/unit/cn_wma_301,2026-07-02T18:32:39.002334+00:00,ok,
cn_wz_1001,WZ1001(E) LCT,https://static.encyclopedia.warthunder.com/images/cn_wz_1001.png,https://wiki.warthunder.com/unit/cn_wz_1001,2026-07-02T18:32:41.657209+00:00,ok,
cn_wz_141,WZ141-1,https://static.encyclopedia.warthunder.com/images/cn_wz_141.png,https://wiki.warthunder.com/unit/cn_wz_141,2026-07-02T18:32:44.022079+00:00,ok,
cn_wz_305,WZ305,https://static.encyclopedia.warthunder.com/images/cn_wz_305.png,https://wiki.warthunder.com/unit/cn_wz_305,2026-07-02T18:32:46.285047+00:00,ok,
cn_zbd_04a,ZBD04A,https://static.encyclopedia.warthunder.com/images/cn_zbd_04a.png,https://wiki.warthunder.com/unit/cn_zbd_04a,2026-07-02T18:32:49.011021+00:00,ok,
cn_zsd63_pg87,ZSD63/PG87,https://static.encyclopedia.warthunder.com/images/cn_zsd63_pg87.png,https://wiki.warthunder.com/unit/cn_zsd63_pg87,2026-07-02T18:32:51.289830+00:00,ok,
cn_zsl_92,ZSL92,https://static.encyclopedia.warthunder.com/images/cn_zsl_92.png,https://wiki.warthunder.com/unit/cn_zsl_92,2026-07-02T18:32:53.781489+00:00,ok,
cn_ztl_11,ZLT11,https://static.encyclopedia.warthunder.com/images/cn_ztl_11.png,https://wiki.warthunder.com/unit/cn_ztl_11,2026-07-02T18:32:56.375587+00:00,ok,
cn_zts_63_1980,ZTS63,https://static.encyclopedia.warthunder.com/images/cn_zts_63_1980.png,https://wiki.warthunder.com/unit/cn_zts_63_1980,2026-07-02T18:32:58.584153+00:00,ok,
cn_ztz_59a,ZTZ59A,https://static.encyclopedia.warthunder.com/images/cn_ztz_59a.png,https://wiki.warthunder.com/unit/cn_ztz_59a,2026-07-02T18:33:00.858340+00:00,ok,
cn_ztz_88a,ZTZ88A,https://static.encyclopedia.warthunder.com/images/cn_ztz_88a.png,https://wiki.warthunder.com/unit/cn_ztz_88a,2026-07-02T18:33:03.437459+00:00,ok,
cn_ztz_88b,ZTZ88B,https://static.encyclopedia.warthunder.com/images/cn_ztz_88b.png,https://wiki.warthunder.com/unit/cn_ztz_88b,2026-07-02T18:33:06.117650+00:00,ok,
cn_ztz_96,ZTZ96,https://static.encyclopedia.warthunder.com/images/cn_ztz_96.png,https://wiki.warthunder.com/unit/cn_ztz_96,2026-07-02T18:33:08.470645+00:00,ok,
cn_ztz_96a,ZTZ96A,https://static.encyclopedia.warthunder.com/images/cn_ztz_96a.png,https://wiki.warthunder.com/unit/cn_ztz_96a,2026-07-02T18:33:10.828349+00:00,ok,
cn_ztz_96a_prot,ZTZ96A (P),https://static.encyclopedia.warthunder.com/images/cn_ztz_96a_prot.png,https://wiki.warthunder.com/unit/cn_ztz_96a_prot,2026-07-02T18:33:13.311421+00:00,ok,
cn_ztz_96b,ZTZ96B,https://static.encyclopedia.warthunder.com/images/cn_ztz_96b.png,https://wiki.warthunder.com/unit/cn_ztz_96b,2026-07-02T18:33:15.865884+00:00,ok,
cn_ztz_99,ZTZ99-II,https://static.encyclopedia.warthunder.com/images/cn_ztz_99.png,https://wiki.warthunder.com/unit/cn_ztz_99,2026-07-02T18:33:18.059686+00:00,ok,
cn_ztz_99_w,ZTZ99-III,https://static.encyclopedia.warthunder.com/images/cn_ztz_99_w.png,https://wiki.warthunder.com/unit/cn_ztz_99_w,2026-07-02T18:33:20.574096+00:00,ok,
cn_ztz_99a,ZTZ99A,https://static.encyclopedia.warthunder.com/images/cn_ztz_99a.png,https://wiki.warthunder.com/unit/cn_ztz_99a,2026-07-02T18:33:23.200211+00:00,ok,
fr_amc_34,AMC.34 YR,https://static.encyclopedia.warthunder.com/images/fr_amc_34.png,https://wiki.warthunder.com/unit/fr_amc_34,2026-07-02T18:33:25.274857+00:00,ok,
fr_amc_35,AMC.35 (ACG.1),https://static.encyclopedia.warthunder.com/images/fr_amc_35.png,https://wiki.warthunder.com/unit/fr_amc_35,2026-07-02T18:33:27.424569+00:00,ok,
fr_amd_35,AMD.35,https://static.encyclopedia.warthunder.com/images/fr_amd_35.png,https://wiki.warthunder.com/unit/fr_amd_35,2026-07-02T18:33:30.318448+00:00,ok,
fr_amd_35_kwk39,AMD.35 (PaK),https://static.encyclopedia.warthunder.com/images/fr_amd_35_kwk39.png,https://wiki.warthunder.com/unit/fr_amd_35_kwk39,2026-07-02T18:33:32.928797+00:00,ok,
fr_amd_35_sa35,AMD.35 (SA35),https://static.encyclopedia.warthunder.com/images/fr_amd_35_sa35.png,https://wiki.warthunder.com/unit/fr_amd_35_sa35,2026-07-02T18:33:35.748737+00:00,ok,
fr_aml_90,AML-90,https://static.encyclopedia.warthunder.com/images/fr_aml_90.png,https://wiki.warthunder.com/unit/fr_aml_90,2026-07-02T18:33:37.774681+00:00,ok,
fr_amr_35_zt3,AMR.35 ZT3,https://static.encyclopedia.warthunder.com/images/fr_amr_35_zt3.png,https://wiki.warthunder.com/unit/fr_amr_35_zt3,2026-07-02T18:33:39.829172+00:00,ok,
fr_amx_10m_acra,AMX-10M,https://static.encyclopedia.warthunder.com/images/fr_amx_10m_acra.png,https://wiki.warthunder.com/unit/fr_amx_10m_acra,2026-07-02T18:33:42.328763+00:00,ok,
fr_amx_10p,AMX-10P,https://static.encyclopedia.warthunder.com/images/fr_amx_10p.png,https://wiki.warthunder.com/unit/fr_amx_10p,2026-07-02T18:33:44.241282+00:00,ok,
fr_amx_10rc,AMX-10RC,https://static.encyclopedia.warthunder.com/images/fr_amx_10rc.png,https://wiki.warthunder.com/unit/fr_amx_10rc,2026-07-02T18:33:46.955351+00:00,ok,
fr_amx_13_75,AMX-13,https://static.encyclopedia.warthunder.com/images/fr_amx_13_75.png,https://wiki.warthunder.com/unit/fr_amx_13_75,2026-07-02T18:33:49.513204+00:00,ok,
fr_amx_13_75_ss11,AMX-13 (SS.11),https://static.encyclopedia.warthunder.com/images/fr_amx_13_75_ss11.png,https://wiki.warthunder.com/unit/fr_amx_13_75_ss11,2026-07-02T18:33:52.075805+00:00,ok,
fr_amx_13_90,AMX-13-90,https://static.encyclopedia.warthunder.com/images/fr_amx_13_90.png,https://wiki.warthunder.com/unit/fr_amx_13_90,2026-07-02T18:33:54.056393+00:00,ok,
fr_amx_13_chaffee,AMX-13-M24,https://static.encyclopedia.warthunder.com/images/fr_amx_13_chaffee.png,https://wiki.warthunder.com/unit/fr_amx_13_chaffee,2026-07-02T18:33:56.647627+00:00,ok,
fr_amx_13_dca_40,AMX-13 DCA 40,https://static.encyclopedia.warthunder.com/images/fr_amx_13_dca_40.png,https://wiki.warthunder.com/unit/fr_amx_13_dca_40,2026-07-02T18:33:58.894393+00:00,ok,
fr_amx_13_fl_11,AMX-13 (FL11),https://static.encyclopedia.warthunder.com/images/fr_amx_13_fl_11.png,https://wiki.warthunder.com/unit/fr_amx_13_fl_11,2026-07-02T18:34:01.490965+00:00,ok,
fr_amx_13_hot,AMX-13 (HOT),https://static.encyclopedia.warthunder.com/images/fr_amx_13_hot.png,https://wiki.warthunder.com/unit/fr_amx_13_hot,2026-07-02T18:34:03.817534+00:00,ok,
fr_amx_30,AMX-30,https://static.encyclopedia.warthunder.com/images/fr_amx_30.png,https://wiki.warthunder.com/unit/fr_amx_30,2026-07-02T18:34:05.914859+00:00,ok,
fr_amx_30_1972,AMX-30 (1972),https://static.encyclopedia.warthunder.com/images/fr_amx_30_1972.png,https://wiki.warthunder.com/unit/fr_amx_30_1972,2026-07-02T18:34:08.027703+00:00,ok,
fr_amx_30_ACRA,AMX-30 ACRA,https://static.encyclopedia.warthunder.com/images/fr_amx_30_acra.png,https://wiki.warthunder.com/unit/fr_amx_30_ACRA,2026-07-02T18:34:10.630494+00:00,ok,
fr_amx_30_auf_1,AuF1,https://static.encyclopedia.warthunder.com/images/fr_amx_30_auf_1.png,https://wiki.warthunder.com/unit/fr_amx_30_auf_1,2026-07-02T18:34:13.122736+00:00,ok,
fr_amx_30_b2,AMX-30B2,https://static.encyclopedia.warthunder.com/images/fr_amx_30_b2.png,https://wiki.warthunder.com/unit/fr_amx_30_b2,2026-07-02T18:34:15.703811+00:00,ok,
fr_amx_30_b2_brenus,AMX-30B2 BRENUS,https://static.encyclopedia.warthunder.com/images/fr_amx_30_b2_brenus.png,https://wiki.warthunder.com/unit/fr_amx_30_b2_brenus,2026-07-02T18:34:18.374207+00:00,ok,
fr_amx_30_dca,AMX-30 DCA,https://static.encyclopedia.warthunder.com/images/fr_amx_30_dca.png,https://wiki.warthunder.com/unit/fr_amx_30_dca,2026-07-02T18:34:20.454209+00:00,ok,
fr_amx_30_roland,Roland 1,https://static.encyclopedia.warthunder.com/images/fr_amx_30_roland.png,https://wiki.warthunder.com/unit/fr_amx_30_roland,2026-07-02T18:34:22.684057+00:00,ok,
fr_amx_30_super,AMX-30 Super,https://static.encyclopedia.warthunder.com/images/fr_amx_30_super.png,https://wiki.warthunder.com/unit/fr_amx_30_super,2026-07-02T18:34:25.133561+00:00,ok,
fr_amx_32,AMX-32,https://static.encyclopedia.warthunder.com/images/fr_amx_32.png,https://wiki.warthunder.com/unit/fr_amx_32,2026-07-02T18:34:27.512756+00:00,ok,
fr_amx_32_105,AMX-32 (105),https://static.encyclopedia.warthunder.com/images/fr_amx_32_105.png,https://wiki.warthunder.com/unit/fr_amx_32_105,2026-07-02T18:34:29.537358+00:00,ok,
fr_amx_40,AMX-40,https://static.encyclopedia.warthunder.com/images/fr_amx_40.png,https://wiki.warthunder.com/unit/fr_amx_40,2026-07-02T18:34:31.806911+00:00,ok,
fr_amx_50,AMX-50 (TOA100),https://static.encyclopedia.warthunder.com/images/fr_amx_50.png,https://wiki.warthunder.com/unit/fr_amx_50,2026-07-02T18:34:33.948814+00:00,ok,
fr_amx_50_1950,AMX-50 (TO90/930),https://static.encyclopedia.warthunder.com/images/fr_amx_50_1950.png,https://wiki.warthunder.com/unit/fr_amx_50_1950,2026-07-02T18:34:35.948887+00:00,ok,
fr_amx_50_foch,AMX-50 Foch,https://static.encyclopedia.warthunder.com/images/fr_amx_50_foch.png,https://wiki.warthunder.com/unit/fr_amx_50_foch,2026-07-02T18:34:38.361258+00:00,ok,
fr_amx_50_surbaisse,AMX-50 Surbaissé,https://static.encyclopedia.warthunder.com/images/fr_amx_50_surbaisse.png,https://wiki.warthunder.com/unit/fr_amx_50_surbaisse,2026-07-02T18:34:40.690225+00:00,ok,
fr_amx_50_surblinde,AMX-50 Surblindé,https://static.encyclopedia.warthunder.com/images/fr_amx_50_surblinde.png,https://wiki.warthunder.com/unit/fr_amx_50_surblinde,2026-07-02T18:34:43.209750+00:00,ok,
fr_amx_elc_901,ELC 901,https://static.encyclopedia.warthunder.com/images/fr_amx_elc_901.png,https://wiki.warthunder.com/unit/fr_amx_elc_901,2026-07-02T18:34:45.279512+00:00,ok,
fr_amx_elc_bis,ELC bis,https://static.encyclopedia.warthunder.com/images/fr_amx_elc_bis.png,https://wiki.warthunder.com/unit/fr_amx_elc_bis,2026-07-02T18:34:47.170719+00:00,ok,
fr_amx_m4,AMX M4,https://static.encyclopedia.warthunder.com/images/fr_amx_m4.png,https://wiki.warthunder.com/unit/fr_amx_m4,2026-07-02T18:34:49.098258+00:00,ok,
fr_amx_vtt_dca,VTT DCA,https://static.encyclopedia.warthunder.com/images/fr_amx_vtt_dca.png,https://wiki.warthunder.com/unit/fr_amx_vtt_dca,2026-07-02T18:34:51.035065+00:00,ok,
fr_arl_44,ARL-44,https://static.encyclopedia.warthunder.com/images/fr_arl_44.png,https://wiki.warthunder.com/unit/fr_arl_44,2026-07-02T18:34:52.887744+00:00,ok,
fr_arl_44_acl1,ARL-44 (ACL-1),https://static.encyclopedia.warthunder.com/images/fr_arl_44_acl1.png,https://wiki.warthunder.com/unit/fr_arl_44_acl1,2026-07-02T18:34:54.967453+00:00,ok,
fr_b1_bis,B1 bis,https://static.encyclopedia.warthunder.com/images/fr_b1_bis.png,https://wiki.warthunder.com/unit/fr_b1_bis,2026-07-02T18:34:57.030080+00:00,ok,
fr_b1_ter,B1 ter,https://static.encyclopedia.warthunder.com/images/fr_b1_ter.png,https://wiki.warthunder.com/unit/fr_b1_ter,2026-07-02T18:34:59.415267+00:00,ok,
fr_bat_chat_25t,Char 25t,https://static.encyclopedia.warthunder.com/images/fr_bat_chat_25t.png,https://wiki.warthunder.com/unit/fr_bat_chat_25t,2026-07-02T18:35:01.775327+00:00,ok,
fr_cckw_353_bofors,CCKW 353 AA,https://static.encyclopedia.warthunder.com/images/fr_cckw_353_bofors.png,https://wiki.warthunder.com/unit/fr_cckw_353_bofors,2026-07-02T18:35:03.895753+00:00,ok,
fr_char_2c,2C,https://static.encyclopedia.warthunder.com/images/fr_char_2c.png,https://wiki.warthunder.com/unit/fr_char_2c,2026-07-02T18:35:05.827540+00:00,ok,
fr_char_2c_bis,2C bis,https://static.encyclopedia.warthunder.com/images/fr_char_2c_bis.png,https://wiki.warthunder.com/unit/fr_char_2c_bis,2026-07-02T18:35:07.810429+00:00,ok,
fr_citroen_kegresse_p4t,P.7.T AA,https://static.encyclopedia.warthunder.com/images/fr_citroen_kegresse_p4t.png,https://wiki.warthunder.com/unit/fr_citroen_kegresse_p4t,2026-07-02T18:35:09.815447+00:00,ok,
fr_crotale_ng,ItO 90M,https://static.encyclopedia.warthunder.com/images/fr_crotale_ng.png,https://wiki.warthunder.com/unit/fr_crotale_ng,2026-07-02T18:35:12.396684+00:00,ok,
fr_crusader_mk_2,Crusader Mk.II,https://static.encyclopedia.warthunder.com/images/fr_crusader_mk_2.png,https://wiki.warthunder.com/unit/fr_crusader_mk_2,2026-07-02T18:35:14.217045+00:00,ok,
fr_cv_9035_nl,CV 9035NL,https://static.encyclopedia.warthunder.com/images/fr_cv_9035_nl.png,https://wiki.warthunder.com/unit/fr_cv_9035_nl,2026-07-02T18:35:16.561944+00:00,ok,
fr_fcm_36,FCM.36,https://static.encyclopedia.warthunder.com/images/fr_fcm_36.png,https://wiki.warthunder.com/unit/fr_fcm_36,2026-07-02T18:35:18.942041+00:00,ok,
fr_hotchkiss_h35,H.35,https://static.encyclopedia.warthunder.com/images/fr_hotchkiss_h35.png,https://wiki.warthunder.com/unit/fr_hotchkiss_h35,2026-07-02T18:35:21.000432+00:00,ok,
fr_hotchkiss_h39,H.39,https://static.encyclopedia.warthunder.com/images/fr_hotchkiss_h39.png,https://wiki.warthunder.com/unit/fr_hotchkiss_h39,2026-07-02T18:35:23.535124+00:00,ok,
fr_hotchkiss_h39_cambronne,"H.39 ""Cambronne""",https://static.encyclopedia.warthunder.com/images/fr_hotchkiss_h39_cambronne.png,https://wiki.warthunder.com/unit/fr_hotchkiss_h39_cambronne,2026-07-02T18:35:25.585297+00:00,ok,
fr_jaguar_ebrc,EBRC Jaguar,https://static.encyclopedia.warthunder.com/images/fr_jaguar_ebrc.png,https://wiki.warthunder.com/unit/fr_jaguar_ebrc,2026-07-02T18:35:27.915835+00:00,ok,
fr_leclerc_azur,Leclerc AZUR,https://static.encyclopedia.warthunder.com/images/fr_leclerc_azur.png,https://wiki.warthunder.com/unit/fr_leclerc_azur,2026-07-02T18:35:30.005777+00:00,ok,
fr_leclerc_s1,Leclerc,https://static.encyclopedia.warthunder.com/images/fr_leclerc_s1.png,https://wiki.warthunder.com/unit/fr_leclerc_s1,2026-07-02T18:35:32.441858+00:00,ok,
fr_leclerc_s2,Leclerc S2,https://static.encyclopedia.warthunder.com/images/fr_leclerc_s2.png,https://wiki.warthunder.com/unit/fr_leclerc_s2,2026-07-02T18:35:34.860897+00:00,ok,
fr_leclerc_sxxi,Leclerc SXXI,https://static.encyclopedia.warthunder.com/images/fr_leclerc_sxxi.png,https://wiki.warthunder.com/unit/fr_leclerc_sxxi,2026-07-02T18:35:37.283699+00:00,ok,
fr_leopard_2a4nl,Leopard 2A4NL,https://static.encyclopedia.warthunder.com/images/fr_leopard_2a4nl.png,https://wiki.warthunder.com/unit/fr_leopard_2a4nl,2026-07-02T18:35:39.689740+00:00,ok,
fr_leopard_2a4nl_les,Leopard 2 (OTCo),https://static.encyclopedia.warthunder.com/images/fr_leopard_2a4nl_les.png,https://wiki.warthunder.com/unit/fr_leopard_2a4nl_les,2026-07-02T18:35:42.223485+00:00,ok,
fr_leopard_2a5nl,Leopard 2A5NL,https://static.encyclopedia.warthunder.com/images/fr_leopard_2a5nl.png,https://wiki.warthunder.com/unit/fr_leopard_2a5nl,2026-07-02T18:35:44.283448+00:00,ok,
fr_leopard_2a6nl,Leopard 2A6NL,https://static.encyclopedia.warthunder.com/images/fr_leopard_2a6nl.png,https://wiki.warthunder.com/unit/fr_leopard_2a6nl,2026-07-02T18:35:46.426899+00:00,ok,
fr_lorraine_100,CA Lorraine,https://static.encyclopedia.warthunder.com/images/fr_lorraine_100.png,https://wiki.warthunder.com/unit/fr_lorraine_100,2026-07-02T18:35:49.011680+00:00,ok,
fr_lorraine_155,Lorraine 155 Mle.50,https://static.encyclopedia.warthunder.com/images/fr_lorraine_155.png,https://wiki.warthunder.com/unit/fr_lorraine_155,2026-07-02T18:35:51.338760+00:00,ok,
fr_lorraine_37l,Lorraine 37L,https://static.encyclopedia.warthunder.com/images/fr_lorraine_37l.png,https://wiki.warthunder.com/unit/fr_lorraine_37l,2026-07-02T18:35:53.433647+00:00,ok,
fr_lorraine_40t,Lorraine 40t,https://static.encyclopedia.warthunder.com/images/fr_lorraine_40t.png,https://wiki.warthunder.com/unit/fr_lorraine_40t,2026-07-02T18:35:56.038023+00:00,ok,
fr_lvt_bofors,LVT-4/40,https://static.encyclopedia.warthunder.com/images/fr_lvt_bofors.png,https://wiki.warthunder.com/unit/fr_lvt_bofors,2026-07-02T18:35:58.148255+00:00,ok,
fr_m10,M10 GMC,https://static.encyclopedia.warthunder.com/images/fr_m10.png,https://wiki.warthunder.com/unit/fr_m10,2026-07-02T18:36:00.157964+00:00,ok,
fr_m26_pershing,M26,https://static.encyclopedia.warthunder.com/images/fr_m26_pershing.png,https://wiki.warthunder.com/unit/fr_m26_pershing,2026-07-02T18:36:02.460817+00:00,ok,
fr_m36b2_cefeo,M36B2,https://static.encyclopedia.warthunder.com/images/fr_m36b2_cefeo.png,https://wiki.warthunder.com/unit/fr_m36b2_cefeo,2026-07-02T18:36:05.041386+00:00,ok,
fr_m3a3_stuart,M3A3 Stuart,https://static.encyclopedia.warthunder.com/images/fr_m3a3_stuart.png,https://wiki.warthunder.com/unit/fr_m3a3_stuart,2026-07-02T18:36:07.758577+00:00,ok,
fr_m44,M44,https://static.encyclopedia.warthunder.com/images/fr_m44.png,https://wiki.warthunder.com/unit/fr_m44,2026-07-02T18:36:10.310131+00:00,ok,
fr_m46_patton,M46,https://static.encyclopedia.warthunder.com/images/fr_m46_patton.png,https://wiki.warthunder.com/unit/fr_m46_patton,2026-07-02T18:36:12.494115+00:00,ok,
fr_m4a1_sherman,M4A1,https://static.encyclopedia.warthunder.com/images/fr_m4a1_sherman.png,https://wiki.warthunder.com/unit/fr_m4a1_sherman,2026-07-02T18:36:14.320690+00:00,ok,
fr_m4a1_sherman_fl_10,M4A1 (FL10),https://static.encyclopedia.warthunder.com/images/fr_m4a1_sherman_fl_10.png,https://wiki.warthunder.com/unit/fr_m4a1_sherman_fl_10,2026-07-02T18:36:16.810015+00:00,ok,
fr_m4a3_105_sherman,M4A3 (105),https://static.encyclopedia.warthunder.com/images/fr_m4a3_105_sherman.png,https://wiki.warthunder.com/unit/fr_m4a3_105_sherman,2026-07-02T18:36:18.963600+00:00,ok,
fr_m4a3e2_sherman_jumbo,M4A3E2,https://static.encyclopedia.warthunder.com/images/fr_m4a3e2_sherman_jumbo.png,https://wiki.warthunder.com/unit/fr_m4a3e2_sherman_jumbo,2026-07-02T18:36:20.939580+00:00,ok,
fr_m4a4_cn_75_50,M4A4 (SA50),https://static.encyclopedia.warthunder.com/images/fr_m4a4_cn_75_50.png,https://wiki.warthunder.com/unit/fr_m4a4_cn_75_50,2026-07-02T18:36:22.838503+00:00,ok,
fr_m4a4_sherman,M4A4,https://static.encyclopedia.warthunder.com/images/fr_m4a4_sherman.png,https://wiki.warthunder.com/unit/fr_m4a4_sherman,2026-07-02T18:36:24.908094+00:00,ok,
fr_m55,M55,https://static.encyclopedia.warthunder.com/images/fr_m55.png,https://wiki.warthunder.com/unit/fr_m55,2026-07-02T18:36:26.872803+00:00,ok,
fr_marder_clovis,CLOVIS,https://static.encyclopedia.warthunder.com/images/fr_marder_clovis.png,https://wiki.warthunder.com/unit/fr_marder_clovis,2026-07-02T18:36:29.505279+00:00,ok,
fr_marder_df_105,DF105,https://static.encyclopedia.warthunder.com/images/fr_marder_df_105.png,https://wiki.warthunder.com/unit/fr_marder_df_105,2026-07-02T18:36:31.553450+00:00,ok,
fr_mars_15,MARS 15,https://static.encyclopedia.warthunder.com/images/fr_mars_15.png,https://wiki.warthunder.com/unit/fr_mars_15,2026-07-02T18:36:33.913581+00:00,ok,
fr_msc,MSC,https://static.encyclopedia.warthunder.com/images/fr_msc.png,https://wiki.warthunder.com/unit/fr_msc,2026-07-02T18:36:36.637956+00:00,ok,
fr_panhard_ebr_1951,E.B.R. (1951),https://static.encyclopedia.warthunder.com/images/fr_panhard_ebr_1951.png,https://wiki.warthunder.com/unit/fr_panhard_ebr_1951,2026-07-02T18:36:38.934375+00:00,ok,
fr_panhard_ebr_1954,E.B.R. (1954),https://static.encyclopedia.warthunder.com/images/fr_panhard_ebr_1954.png,https://wiki.warthunder.com/unit/fr_panhard_ebr_1954,2026-07-02T18:36:41.394539+00:00,ok,
fr_panhard_ebr_1963,E.B.R. (1963),https://static.encyclopedia.warthunder.com/images/fr_panhard_ebr_1963.png,https://wiki.warthunder.com/unit/fr_panhard_ebr_1963,2026-07-02T18:36:43.571920+00:00,ok,
fr_pzkpfw_V_panther_dauphine,Panther «Dauphine»,https://static.encyclopedia.warthunder.com/images/fr_pzkpfw_v_panther_dauphine.png,https://wiki.warthunder.com/unit/fr_pzkpfw_V_panther_dauphine,2026-07-02T18:36:45.729257+00:00,ok,
fr_renault_d2,D2,https://static.encyclopedia.warthunder.com/images/fr_renault_d2.png,https://wiki.warthunder.com/unit/fr_renault_d2,2026-07-02T18:36:48.211303+00:00,ok,
fr_renault_r39,R.35 (SA38),https://static.encyclopedia.warthunder.com/images/fr_renault_r39.png,https://wiki.warthunder.com/unit/fr_renault_r39,2026-07-02T18:36:50.619911+00:00,ok,
fr_saint_chamond,St-Chamond,https://static.encyclopedia.warthunder.com/images/fr_saint_chamond.png,https://wiki.warthunder.com/unit/fr_saint_chamond,2026-07-02T18:36:53.302763+00:00,ok,
fr_samp_t_fcs,FSAF SAMP/T (Mamba) (СОЦ),https://static.encyclopedia.warthunder.com/images/fr_samp_t_fcs.png,https://wiki.warthunder.com/unit/fr_samp_t_fcs,2026-07-02T18:36:55.727774+00:00,ok,
fr_samp_t_launcher,FSAF SAMP/T (Mamba) (СОУ),https://static.encyclopedia.warthunder.com/images/fr_samp_t_launcher.png,https://wiki.warthunder.com/unit/fr_samp_t_launcher,2026-07-02T18:36:58.274723+00:00,ok,
fr_sk105_a2,SK-105A2,https://static.encyclopedia.warthunder.com/images/fr_sk105_a2.png,https://wiki.warthunder.com/unit/fr_sk105_a2,2026-07-02T18:37:00.407495+00:00,ok,
fr_somua_s35,S.35,https://static.encyclopedia.warthunder.com/images/fr_somua_s35.png,https://wiki.warthunder.com/unit/fr_somua_s35,2026-07-02T18:37:02.506910+00:00,ok,
fr_somua_sau40,SAu 40,https://static.encyclopedia.warthunder.com/images/fr_somua_sau40.png,https://wiki.warthunder.com/unit/fr_somua_sau40,2026-07-02T18:37:04.714966+00:00,ok,
fr_somua_sm,Somua SM,https://static.encyclopedia.warthunder.com/images/fr_somua_sm.png,https://wiki.warthunder.com/unit/fr_somua_sm,2026-07-02T18:37:06.819850+00:00,ok,
fr_tpk_641_vpc,TPK 6.41,https://static.encyclopedia.warthunder.com/images/fr_tpk_641_vpc.png,https://wiki.warthunder.com/unit/fr_tpk_641_vpc,2026-07-02T18:37:09.543832+00:00,ok,
fr_vab_santal,SANTAL,https://static.encyclopedia.warthunder.com/images/fr_vab_santal.png,https://wiki.warthunder.com/unit/fr_vab_santal,2026-07-02T18:37:12.006109+00:00,ok,
fr_vbci,VBCI,https://static.encyclopedia.warthunder.com/images/fr_vbci.png,https://wiki.warthunder.com/unit/fr_vbci,2026-07-02T18:37:14.795256+00:00,ok,
fr_vbci2_mct30,VBCI-2 (MCT30),https://static.encyclopedia.warthunder.com/images/fr_vbci2_mct30.png,https://wiki.warthunder.com/unit/fr_vbci2_mct30,2026-07-02T18:37:16.881967+00:00,ok,
fr_vcac_mephisto,MEPHISTO,https://static.encyclopedia.warthunder.com/images/fr_vcac_mephisto.png,https://wiki.warthunder.com/unit/fr_vcac_mephisto,2026-07-02T18:37:19.153502+00:00,ok,
fr_vextra_105,Vextra 105,https://static.encyclopedia.warthunder.com/images/fr_vextra_105.png,https://wiki.warthunder.com/unit/fr_vextra_105,2026-07-02T18:37:21.337137+00:00,ok,
germ_9a33bm3,◊Osa-AK,https://static.encyclopedia.warthunder.com/images/germ_9a33bm3.png,https://wiki.warthunder.com/unit/germ_9a33bm3,2026-07-02T18:37:23.440335+00:00,ok,
germ_9a35_m,Стрела-10М,https://static.encyclopedia.warthunder.com/images/germ_9a35_m.png,https://wiki.warthunder.com/unit/germ_9a35_m,2026-07-02T18:37:25.455693+00:00,ok,
germ_a7v,A7V,https://static.encyclopedia.warthunder.com/images/germ_a7v.png,https://wiki.warthunder.com/unit/germ_a7v,2026-07-02T18:37:27.574070+00:00,ok,
germ_amd_35_kwk,Pz.Sp.Wg.P204(f) KwK,https://static.encyclopedia.warthunder.com/images/germ_amd_35_kwk.png,https://wiki.warthunder.com/unit/germ_amd_35_kwk,2026-07-02T18:37:29.426864+00:00,ok,
germ_amd_35_kwk39,Pz.Sp.Wg.P204(f) PaK,https://static.encyclopedia.warthunder.com/images/germ_amd_35_kwk39.png,https://wiki.warthunder.com/unit/germ_amd_35_kwk39,2026-07-02T18:37:31.570134+00:00,ok,
germ_begleitpanzer_57,Begleitpanzer 57,https://static.encyclopedia.warthunder.com/images/germ_begleitpanzer_57.png,https://wiki.warthunder.com/unit/germ_begleitpanzer_57,2026-07-02T18:37:34.227708+00:00,ok,
germ_beutepanzer_mk_iv,Beutepanzer IV,https://static.encyclopedia.warthunder.com/images/germ_beutepanzer_mk_iv.png,https://wiki.warthunder.com/unit/germ_beutepanzer_mk_iv,2026-07-02T18:37:36.038762+00:00,ok,
germ_bmp_1_ddr,SPz BMP-1,https://static.encyclopedia.warthunder.com/images/germ_bmp_1_ddr.png,https://wiki.warthunder.com/unit/germ_bmp_1_ddr,2026-07-02T18:37:38.373629+00:00,ok,
germ_boxer_3105,Boxer MGS,https://static.encyclopedia.warthunder.com/images/germ_boxer_3105.png,https://wiki.warthunder.com/unit/germ_boxer_3105,2026-07-02T18:37:40.531537+00:00,ok,
germ_boxer_swatrinf,sWaTrgInf,https://static.encyclopedia.warthunder.com/images/germ_boxer_swatrinf.png,https://wiki.warthunder.com/unit/germ_boxer_swatrinf,2026-07-02T18:37:43.278553+00:00,ok,
germ_erprobungstrager_3_achs_turm,Turm III,https://static.encyclopedia.warthunder.com/images/germ_erprobungstrager_3_achs_turm.png,https://wiki.warthunder.com/unit/germ_erprobungstrager_3_achs_turm,2026-07-02T18:37:45.107365+00:00,ok,
germ_flakpanzer_38t_Gepard,Flakpanzer 38,https://static.encyclopedia.warthunder.com/images/germ_flakpanzer_38t_gepard.png,https://wiki.warthunder.com/unit/germ_flakpanzer_38t_Gepard,2026-07-02T18:37:47.555728+00:00,ok,
germ_flakpanzer_IV_Kugelblitz,Kugelblitz,https://static.encyclopedia.warthunder.com/images/germ_flakpanzer_iv_kugelblitz.png,https://wiki.warthunder.com/unit/germ_flakpanzer_IV_Kugelblitz,2026-07-02T18:37:50.267862+00:00,ok,
germ_flakpanzer_IV_Ostwind,Ostwind,https://static.encyclopedia.warthunder.com/images/germ_flakpanzer_iv_ostwind.png,https://wiki.warthunder.com/unit/germ_flakpanzer_IV_Ostwind,2026-07-02T18:37:52.393882+00:00,ok,
germ_flakpanzer_IV_Ostwind_2,Ostwind II,https://static.encyclopedia.warthunder.com/images/germ_flakpanzer_iv_ostwind_2.png,https://wiki.warthunder.com/unit/germ_flakpanzer_IV_Ostwind_2,2026-07-02T18:37:54.294117+00:00,ok,
germ_flakpanzer_IV_Ostwind_2_net,Ostwind Ost,https://static.encyclopedia.warthunder.com/images/germ_flakpanzer_iv_ostwind_2_net.png,https://wiki.warthunder.com/unit/germ_flakpanzer_IV_Ostwind_2_net,2026-07-02T18:37:56.722186+00:00,ok,
germ_flakpanzer_IV_Wirbelwind,Wirbelwind,https://static.encyclopedia.warthunder.com/images/germ_flakpanzer_iv_wirbelwind.png,https://wiki.warthunder.com/unit/germ_flakpanzer_IV_Wirbelwind,2026-07-02T18:37:59.203836+00:00,ok,
germ_flakpanzer_I_ausf_A,Flakpanzer I,https://static.encyclopedia.warthunder.com/images/germ_flakpanzer_i_ausf_a.png,https://wiki.warthunder.com/unit/germ_flakpanzer_I_ausf_A,2026-07-02T18:38:01.117522+00:00,ok,
germ_flakpanzer_V_Coelian,Flakpanzer 341,https://static.encyclopedia.warthunder.com/images/germ_flakpanzer_v_coelian.png,https://wiki.warthunder.com/unit/germ_flakpanzer_V_Coelian,2026-07-02T18:38:03.130561+00:00,ok,
germ_flakpanzer_zerstorer_45,Zerstörer 45,https://static.encyclopedia.warthunder.com/images/germ_flakpanzer_zerstorer_45.png,https://wiki.warthunder.com/unit/germ_flakpanzer_zerstorer_45,2026-07-02T18:38:04.942134+00:00,ok,
germ_flakpz_1a2_Gepard,Gepard 1A2,https://static.encyclopedia.warthunder.com/images/germ_flakpz_1a2_gepard.png,https://wiki.warthunder.com/unit/germ_flakpz_1a2_Gepard,2026-07-02T18:38:07.159260+00:00,ok,
germ_flakpz_I_Gepard,Gepard,https://static.encyclopedia.warthunder.com/images/germ_flakpz_i_gepard.png,https://wiki.warthunder.com/unit/germ_flakpz_I_Gepard,2026-07-02T18:38:09.367058+00:00,ok,
germ_flarakpz_1,FlaRakPz 1,https://static.encyclopedia.warthunder.com/images/germ_flarakpz_1.png,https://wiki.warthunder.com/unit/germ_flarakpz_1,2026-07-02T18:38:11.242362+00:00,ok,
germ_flarakrad,FlaRakRad,https://static.encyclopedia.warthunder.com/images/germ_flarakrad.png,https://wiki.warthunder.com/unit/germ_flarakrad,2026-07-02T18:38:13.289423+00:00,ok,
germ_garford_putilov,Garford-Beute,https://static.encyclopedia.warthunder.com/images/germ_garford_putilov.png,https://wiki.warthunder.com/unit/germ_garford_putilov,2026-07-02T18:38:15.270927+00:00,ok,
germ_infanterie_kampfpanzer_churchill,Pz.Kpfw. Churchill,https://static.encyclopedia.warthunder.com/images/germ_infanterie_kampfpanzer_churchill.png,https://wiki.warthunder.com/unit/germ_infanterie_kampfpanzer_churchill,2026-07-02T18:38:17.763737+00:00,ok,
germ_iris_slm_fcs,IRIS-T SLM (СОЦ),https://static.encyclopedia.warthunder.com/images/germ_iris_slm_fcs.png,https://wiki.warthunder.com/unit/germ_iris_slm_fcs,2026-07-02T18:38:19.872965+00:00,ok,
germ_iris_slm_launcher,IRIS-T SLM (СОУ),https://static.encyclopedia.warthunder.com/images/germ_iris_slm_launcher.png,https://wiki.warthunder.com/unit/germ_iris_slm_launcher,2026-07-02T18:38:22.066909+00:00,ok,
germ_jaguar_2,Jaguar 2,https://static.encyclopedia.warthunder.com/images/germ_jaguar_2.png,https://wiki.warthunder.com/unit/germ_jaguar_2,2026-07-02T18:38:24.320905+00:00,ok,
germ_jgdpz_38t,Jagdpanzer 38(t),https://static.encyclopedia.warthunder.com/images/germ_jgdpz_38t.png,https://wiki.warthunder.com/unit/germ_jgdpz_38t,2026-07-02T18:38:26.459625+00:00,ok,
germ_jgdpz_IV_L48,Jagdpanzer IV,https://static.encyclopedia.warthunder.com/images/germ_jgdpz_iv_l48.png,https://wiki.warthunder.com/unit/germ_jgdpz_IV_L48,2026-07-02T18:38:28.863344+00:00,ok,
germ_kanonenjagdpanzer,JPz 4-5,https://static.encyclopedia.warthunder.com/images/germ_kanonenjagdpanzer.png,https://wiki.warthunder.com/unit/germ_kanonenjagdpanzer,2026-07-02T18:38:31.234101+00:00,ok,
germ_kpz_70,KPz-70,https://static.encyclopedia.warthunder.com/images/germ_kpz_70.png,https://wiki.warthunder.com/unit/germ_kpz_70,2026-07-02T18:38:33.661253+00:00,ok,
germ_kpz_t72m1,◊T-72M1,https://static.encyclopedia.warthunder.com/images/germ_kpz_t72m1.png,https://wiki.warthunder.com/unit/germ_kpz_t72m1,2026-07-02T18:38:36.136740+00:00,ok,
germ_kv_1B_finland,KV-IB,https://static.encyclopedia.warthunder.com/images/germ_kv_1b_finland.png,https://wiki.warthunder.com/unit/germ_kv_1B_finland,2026-07-02T18:38:38.277039+00:00,ok,
germ_kv_1_kwk_40,KW I C 756 (r),https://static.encyclopedia.warthunder.com/images/germ_kv_1_kwk_40.png,https://wiki.warthunder.com/unit/germ_kv_1_kwk_40,2026-07-02T18:38:41.026994+00:00,ok,
germ_kv_2_754r,KW II 754 (r),https://static.encyclopedia.warthunder.com/images/germ_kv_2_754r.png,https://wiki.warthunder.com/unit/germ_kv_2_754r,2026-07-02T18:38:43.176033+00:00,ok,
germ_le_kpz_m41,leKPz M41,https://static.encyclopedia.warthunder.com/images/germ_le_kpz_m41.png,https://wiki.warthunder.com/unit/germ_le_kpz_m41,2026-07-02T18:38:45.124719+00:00,ok,
germ_leopard_1a5,Leopard 1A5,https://static.encyclopedia.warthunder.com/images/germ_leopard_1a5.png,https://wiki.warthunder.com/unit/germ_leopard_1a5,2026-07-02T18:38:47.449816+00:00,ok,
germ_leopard_2_pt14,PT-16/T14 mod.,https://static.encyclopedia.warthunder.com/images/germ_leopard_2_pt14.png,https://wiki.warthunder.com/unit/germ_leopard_2_pt14,2026-07-02T18:38:49.533440+00:00,ok,
germ_leopard_2a4,Leopard 2A4,https://static.encyclopedia.warthunder.com/images/germ_leopard_2a4.png,https://wiki.warthunder.com/unit/germ_leopard_2a4,2026-07-02T18:38:52.188721+00:00,ok,
germ_leopard_2a4_pzbtl_123,Leopard 2 (PzBtl 123),https://static.encyclopedia.warthunder.com/images/germ_leopard_2a4_pzbtl_123.png,https://wiki.warthunder.com/unit/germ_leopard_2a4_pzbtl_123,2026-07-02T18:38:54.162556+00:00,ok,
germ_leopard_2a4m_can,Leopard 2A4M,https://static.encyclopedia.warthunder.com/images/germ_leopard_2a4m_can.png,https://wiki.warthunder.com/unit/germ_leopard_2a4m_can,2026-07-02T18:38:56.911299+00:00,ok,
germ_leopard_2a4m_can_sm,◍Leopard 2A4M,https://static.encyclopedia.warthunder.com/images/germ_leopard_2a4m_can_sm.png,https://wiki.warthunder.com/unit/germ_leopard_2a4m_can_sm,2026-07-02T18:38:59.156114+00:00,ok,
germ_leopard_2a5,Leopard 2A5,https://static.encyclopedia.warthunder.com/images/germ_leopard_2a5.png,https://wiki.warthunder.com/unit/germ_leopard_2a5,2026-07-02T18:39:01.820293+00:00,ok,
germ_leopard_2a5_pso,Leopard 2 PSO,https://static.encyclopedia.warthunder.com/images/germ_leopard_2a5_pso.png,https://wiki.warthunder.com/unit/germ_leopard_2a5_pso,2026-07-02T18:39:04.008917+00:00,ok,
germ_leopard_2a5_yt_cup_2019,␙Leopard 2A5,https://static.encyclopedia.warthunder.com/images/germ_leopard_2a5_yt_cup_2019.png,https://wiki.warthunder.com/unit/germ_leopard_2a5_yt_cup_2019,2026-07-02T18:39:06.621643+00:00,ok,
germ_leopard_2a6,Leopard 2A6,https://static.encyclopedia.warthunder.com/images/germ_leopard_2a6.png,https://wiki.warthunder.com/unit/germ_leopard_2a6,2026-07-02T18:39:09.359258+00:00,ok,
germ_leopard_2a7v,Leopard 2A7V,https://static.encyclopedia.warthunder.com/images/germ_leopard_2a7v.png,https://wiki.warthunder.com/unit/germ_leopard_2a7v,2026-07-02T18:39:11.801593+00:00,ok,
germ_leopard_2av,Leopard 2AV,https://static.encyclopedia.warthunder.com/images/germ_leopard_2av.png,https://wiki.warthunder.com/unit/germ_leopard_2av,2026-07-02T18:39:13.751848+00:00,ok,
germ_leopard_2k,Leopard 2K,https://static.encyclopedia.warthunder.com/images/germ_leopard_2k.png,https://wiki.warthunder.com/unit/germ_leopard_2k,2026-07-02T18:39:15.509493+00:00,ok,
germ_leopard_2pl,Leopard 2 PL,https://static.encyclopedia.warthunder.com/images/germ_leopard_2pl.png,https://wiki.warthunder.com/unit/germ_leopard_2pl,2026-07-02T18:39:18.256630+00:00,ok,
germ_leopard_I,Leopard I,https://static.encyclopedia.warthunder.com/images/germ_leopard_i.png,https://wiki.warthunder.com/unit/germ_leopard_I,2026-07-02T18:39:20.329770+00:00,ok,
germ_leopard_I_a1,Leopard A1A1,https://static.encyclopedia.warthunder.com/images/germ_leopard_i_a1.png,https://wiki.warthunder.com/unit/germ_leopard_I_a1,2026-07-02T18:39:23.014984+00:00,ok,
germ_leopard_a1a1_120,Leopard A1A1 (L/44),https://static.encyclopedia.warthunder.com/images/germ_leopard_a1a1_120.png,https://wiki.warthunder.com/unit/germ_leopard_a1a1_120,2026-07-02T18:39:25.609205+00:00,ok,
germ_leopard_c2_mexas,C2A1,https://static.encyclopedia.warthunder.com/images/germ_leopard_c2_mexas.png,https://wiki.warthunder.com/unit/germ_leopard_c2_mexas,2026-07-02T18:39:28.082218+00:00,ok,
germ_m109g,M109G,https://static.encyclopedia.warthunder.com/images/germ_m109g.png,https://wiki.warthunder.com/unit/germ_m109g,2026-07-02T18:39:30.423844+00:00,ok,
germ_m44,M44,https://static.encyclopedia.warthunder.com/images/germ_m44.png,https://wiki.warthunder.com/unit/germ_m44,2026-07-02T18:39:32.656188+00:00,ok,
germ_m55,◄M55,https://static.encyclopedia.warthunder.com/images/germ_m55.png,https://wiki.warthunder.com/unit/germ_m55,2026-07-02T18:39:34.916655+00:00,ok,
germ_marder_1a1,Marder A1-,https://static.encyclopedia.warthunder.com/images/germ_marder_1a1.png,https://wiki.warthunder.com/unit/germ_marder_1a1,2026-07-02T18:39:37.627573+00:00,ok,
germ_marder_1a3,Marder 1A3,https://static.encyclopedia.warthunder.com/images/germ_marder_1a3.png,https://wiki.warthunder.com/unit/germ_marder_1a3,2026-07-02T18:39:39.720502+00:00,ok,
germ_marder_clovis,CLOVIS,https://static.encyclopedia.warthunder.com/images/germ_marder_clovis.png,https://wiki.warthunder.com/unit/germ_marder_clovis,2026-07-02T18:39:42.302268+00:00,ok,
germ_marder_df_105,DF105,https://static.encyclopedia.warthunder.com/images/germ_marder_df_105.png,https://wiki.warthunder.com/unit/germ_marder_df_105,2026-07-02T18:39:44.832657+00:00,ok,
germ_mkpz_m47,mKPz M47 G,https://static.encyclopedia.warthunder.com/images/germ_mkpz_m47.png,https://wiki.warthunder.com/unit/germ_mkpz_m47,2026-07-02T18:39:46.845255+00:00,ok,
germ_mkpz_m48a2c,M48A2 C,https://static.encyclopedia.warthunder.com/images/germ_mkpz_m48a2c.png,https://wiki.warthunder.com/unit/germ_mkpz_m48a2c,2026-07-02T18:39:49.519558+00:00,ok,
germ_mkpz_m48a2ga2,M48A2 G A2,https://static.encyclopedia.warthunder.com/images/germ_mkpz_m48a2ga2.png,https://wiki.warthunder.com/unit/germ_mkpz_m48a2ga2,2026-07-02T18:39:52.100379+00:00,ok,
germ_mkpz_super_m48,M48 Super,https://static.encyclopedia.warthunder.com/images/germ_mkpz_super_m48.png,https://wiki.warthunder.com/unit/germ_mkpz_super_m48,2026-07-02T18:39:54.670355+00:00,ok,
germ_nbfz_VI,Nb.Fz.,https://static.encyclopedia.warthunder.com/images/germ_nbfz_vi.png,https://wiki.warthunder.com/unit/germ_nbfz_VI,2026-07-02T18:39:56.572106+00:00,ok,
germ_panther_II,Panther II,https://static.encyclopedia.warthunder.com/images/germ_panther_ii.png,https://wiki.warthunder.com/unit/germ_panther_II,2026-07-02T18:39:58.932581+00:00,ok,
germ_panzerbefelhswagen_IV_ausf_J,Pz.Bfw.IV,https://static.encyclopedia.warthunder.com/images/germ_panzerbefelhswagen_iv_ausf_j.png,https://wiki.warthunder.com/unit/germ_panzerbefelhswagen_IV_ausf_J,2026-07-02T18:40:00.924437+00:00,ok,
germ_panzerbefelhswagen_VI_P,Pz.Bfw.VI (P),https://static.encyclopedia.warthunder.com/images/germ_panzerbefelhswagen_vi_p.png,https://wiki.warthunder.com/unit/germ_panzerbefelhswagen_VI_P,2026-07-02T18:40:03.420840+00:00,ok,
germ_panzerbefelhswagen_jagdpanther,Bfw. Jagdpanther G1,https://static.encyclopedia.warthunder.com/images/germ_panzerbefelhswagen_jagdpanther.png,https://wiki.warthunder.com/unit/germ_panzerbefelhswagen_jagdpanther,2026-07-02T18:40:05.628254+00:00,ok,
germ_panzerjager_1,Panzerjäger I,https://static.encyclopedia.warthunder.com/images/germ_panzerjager_1.png,https://wiki.warthunder.com/unit/germ_panzerjager_1,2026-07-02T18:40:08.366775+00:00,ok,
germ_panzerjager_nashorn,Nashorn,https://static.encyclopedia.warthunder.com/images/germ_panzerjager_nashorn.png,https://wiki.warthunder.com/unit/germ_panzerjager_nashorn,2026-07-02T18:40:10.860068+00:00,ok,
germ_panzerjager_panther,Jagdpanther G1,https://static.encyclopedia.warthunder.com/images/germ_panzerjager_panther.png,https://wiki.warthunder.com/unit/germ_panzerjager_panther,2026-07-02T18:40:12.811117+00:00,ok,
germ_panzerjager_tiger,Jagdtiger,https://static.encyclopedia.warthunder.com/images/germ_panzerjager_tiger.png,https://wiki.warthunder.com/unit/germ_panzerjager_tiger,2026-07-02T18:40:15.078440+00:00,ok,
germ_panzerjager_tiger_P_elefant,Elefant,https://static.encyclopedia.warthunder.com/images/germ_panzerjager_tiger_p_elefant.png,https://wiki.warthunder.com/unit/germ_panzerjager_tiger_P_elefant,2026-07-02T18:40:17.047736+00:00,ok,
germ_panzerjager_tiger_P_ferdinand,Ferdinand,https://static.encyclopedia.warthunder.com/images/germ_panzerjager_tiger_p_ferdinand.png,https://wiki.warthunder.com/unit/germ_panzerjager_tiger_P_ferdinand,2026-07-02T18:40:19.331275+00:00,ok,
germ_panzerwerfer_42,15 cm Pz.W.42,https://static.encyclopedia.warthunder.com/images/germ_panzerwerfer_42.png,https://wiki.warthunder.com/unit/germ_panzerwerfer_42,2026-07-02T18:40:21.991841+00:00,ok,
germ_pz_IV_L70,Panzer IV/70(V),https://static.encyclopedia.warthunder.com/images/germ_pz_iv_l70.png,https://wiki.warthunder.com/unit/germ_pz_IV_L70,2026-07-02T18:40:24.298948+00:00,ok,
germ_pz_IV_L70_A,Panzer IV/70(A),https://static.encyclopedia.warthunder.com/images/germ_pz_iv_l70_a.png,https://wiki.warthunder.com/unit/germ_pz_IV_L70_A,2026-07-02T18:40:26.310597+00:00,ok,
germ_pzh_2000,PzH 2000,https://static.encyclopedia.warthunder.com/images/germ_pzh_2000.png,https://wiki.warthunder.com/unit/germ_pzh_2000,2026-07-02T18:40:28.743122+00:00,ok,
germ_pzkpfw_35t,Pz.35(t),https://static.encyclopedia.warthunder.com/images/germ_pzkpfw_35t.png,https://wiki.warthunder.com/unit/germ_pzkpfw_35t,2026-07-02T18:40:30.707767+00:00,ok,
germ_pzkpfw_38t_Aufklarungspanzer,Sd.Kfz. 140/1,https://static.encyclopedia.warthunder.com/images/germ_pzkpfw_38t_aufklarungspanzer.png,https://wiki.warthunder.com/unit/germ_pzkpfw_38t_Aufklarungspanzer,2026-07-02T18:40:32.579864+00:00,ok,
germ_pzkpfw_38t_Marder_III,Marder III,https://static.encyclopedia.warthunder.com/images/germ_pzkpfw_38t_marder_iii.png,https://wiki.warthunder.com/unit/germ_pzkpfw_38t_Marder_III,2026-07-02T18:40:34.496378+00:00,ok,
germ_pzkpfw_38t_Marder_III_ausf_H,Marder III H,https://static.encyclopedia.warthunder.com/images/germ_pzkpfw_38t_marder_iii_ausf_h.png,https://wiki.warthunder.com/unit/germ_pzkpfw_38t_Marder_III_ausf_H,2026-07-02T18:40:36.653834+00:00,ok,
germ_pzkpfw_38t_ausf_A,Pz.38(t) A,https://static.encyclopedia.warthunder.com/images/germ_pzkpfw_38t_ausf_a.png,https://wiki.warthunder.com/unit/germ_pzkpfw_38t_ausf_A,2026-07-02T18:40:39.143493+00:00,ok,
germ_pzkpfw_38t_ausf_F,Pz.38(t) F,https://static.encyclopedia.warthunder.com/images/germ_pzkpfw_38t_ausf_f.png,https://wiki.warthunder.com/unit/germ_pzkpfw_38t_ausf_F,2026-07-02T18:40:41.465661+00:00,ok,
germ_pzkpfw_38t_na,Pz.38(t) n.A.,https://static.encyclopedia.warthunder.com/images/germ_pzkpfw_38t_na.png,https://wiki.warthunder.com/unit/germ_pzkpfw_38t_na,2026-07-02T18:40:43.988880+00:00,ok,
germ_pzkpfw_III_ausf_B,Pz.III B,https://static.encyclopedia.warthunder.com/images/germ_pzkpfw_iii_ausf_b.png,https://wiki.warthunder.com/unit/germ_pzkpfw_III_ausf_B,2026-07-02T18:40:46.084208+00:00,ok,
germ_pzkpfw_III_ausf_E,Pz.III E,https://static.encyclopedia.warthunder.com/images/germ_pzkpfw_iii_ausf_e.png,https://wiki.warthunder.com/unit/germ_pzkpfw_III_ausf_E,2026-07-02T18:40:48.461104+00:00,ok,
germ_pzkpfw_III_ausf_F,Pz.III F,https://static.encyclopedia.warthunder.com/images/germ_pzkpfw_iii_ausf_f.png,https://wiki.warthunder.com/unit/germ_pzkpfw_III_ausf_F,2026-07-02T18:40:50.821002+00:00,ok,
germ_pzkpfw_III_ausf_J,Pz.III J1,https://static.encyclopedia.warthunder.com/images/germ_pzkpfw_iii_ausf_j.png,https://wiki.warthunder.com/unit/germ_pzkpfw_III_ausf_J,2026-07-02T18:40:53.465074+00:00,ok,
germ_pzkpfw_III_ausf_J_L42,Pz.III J,https://static.encyclopedia.warthunder.com/images/germ_pzkpfw_iii_ausf_j_l42.png,https://wiki.warthunder.com/unit/germ_pzkpfw_III_ausf_J_L42,2026-07-02T18:40:56.042830+00:00,ok,
germ_pzkpfw_III_ausf_J_td,Pz.III J1 TD,https://static.encyclopedia.warthunder.com/images/germ_pzkpfw_iii_ausf_j_td.png,https://wiki.warthunder.com/unit/germ_pzkpfw_III_ausf_J_td,2026-07-02T18:40:58.419270+00:00,ok,
germ_pzkpfw_III_ausf_L,Pz.III L,https://static.encyclopedia.warthunder.com/images/germ_pzkpfw_iii_ausf_l.png,https://wiki.warthunder.com/unit/germ_pzkpfw_III_ausf_L,2026-07-02T18:41:00.353331+00:00,ok,
germ_pzkpfw_III_ausf_M,Pz.III M,https://static.encyclopedia.warthunder.com/images/germ_pzkpfw_iii_ausf_m.png,https://wiki.warthunder.com/unit/germ_pzkpfw_III_ausf_M,2026-07-02T18:41:02.508238+00:00,ok,
germ_pzkpfw_III_ausf_N,Pz.III N,https://static.encyclopedia.warthunder.com/images/germ_pzkpfw_iii_ausf_n.png,https://wiki.warthunder.com/unit/germ_pzkpfw_III_ausf_N,2026-07-02T18:41:04.999986+00:00,ok,
germ_pzkpfw_II_ausf_C,Pz.II C,https://static.encyclopedia.warthunder.com/images/germ_pzkpfw_ii_ausf_c.png,https://wiki.warthunder.com/unit/germ_pzkpfw_II_ausf_C,2026-07-02T18:41:08.424658+00:00,ok,
germ_pzkpfw_II_ausf_C_DAK,Pz.II С (DAK),https://static.encyclopedia.warthunder.com/images/germ_pzkpfw_ii_ausf_c_dak.png,https://wiki.warthunder.com/unit/germ_pzkpfw_II_ausf_C_DAK,2026-07-02T18:41:10.717900+00:00,ok,
germ_pzkpfw_II_ausf_C_td,Pz.II C TD,https://static.encyclopedia.warthunder.com/images/germ_pzkpfw_ii_ausf_c_td.png,https://wiki.warthunder.com/unit/germ_pzkpfw_II_ausf_C_td,2026-07-02T18:41:12.663220+00:00,ok,
germ_pzkpfw_II_ausf_F,Pz.II F,https://static.encyclopedia.warthunder.com/images/germ_pzkpfw_ii_ausf_f.png,https://wiki.warthunder.com/unit/germ_pzkpfw_II_ausf_F,2026-07-02T18:41:14.705692+00:00,ok,
germ_pzkpfw_II_ausf_H,Pz.II H,https://static.encyclopedia.warthunder.com/images/germ_pzkpfw_ii_ausf_h.png,https://wiki.warthunder.com/unit/germ_pzkpfw_II_ausf_H,2026-07-02T18:41:17.059760+00:00,ok,
germ_pzkpfw_IV_ausf_C,Pz.IV C,https://static.encyclopedia.warthunder.com/images/germ_pzkpfw_iv_ausf_c.png,https://wiki.warthunder.com/unit/germ_pzkpfw_IV_ausf_C,2026-07-02T18:41:19.606374+00:00,ok,
germ_pzkpfw_IV_ausf_E,Pz.IV E,https://static.encyclopedia.warthunder.com/images/germ_pzkpfw_iv_ausf_e.png,https://wiki.warthunder.com/unit/germ_pzkpfw_IV_ausf_E,2026-07-02T18:41:22.148818+00:00,ok,
germ_pzkpfw_IV_ausf_F,Pz.IV F1,https://static.encyclopedia.warthunder.com/images/germ_pzkpfw_iv_ausf_f.png,https://wiki.warthunder.com/unit/germ_pzkpfw_IV_ausf_F,2026-07-02T18:41:24.740535+00:00,ok,
germ_pzkpfw_IV_ausf_F2,Pz.IV F2,https://static.encyclopedia.warthunder.com/images/germ_pzkpfw_iv_ausf_f2.png,https://wiki.warthunder.com/unit/germ_pzkpfw_IV_ausf_F2,2026-07-02T18:41:26.758564+00:00,ok,
germ_pzkpfw_IV_ausf_G,Pz.IV G,https://static.encyclopedia.warthunder.com/images/germ_pzkpfw_iv_ausf_g.png,https://wiki.warthunder.com/unit/germ_pzkpfw_IV_ausf_G,2026-07-02T18:41:28.692823+00:00,ok,
germ_pzkpfw_IV_ausf_H,Pz.IV H,https://static.encyclopedia.warthunder.com/images/germ_pzkpfw_iv_ausf_h.png,https://wiki.warthunder.com/unit/germ_pzkpfw_IV_ausf_H,2026-07-02T18:41:30.761294+00:00,ok,
germ_pzkpfw_IV_ausf_J,Pz.IV J,https://static.encyclopedia.warthunder.com/images/germ_pzkpfw_iv_ausf_j.png,https://wiki.warthunder.com/unit/germ_pzkpfw_IV_ausf_J,2026-07-02T18:41:33.063087+00:00,ok,
germ_pzkpfw_Maus,Maus,https://static.encyclopedia.warthunder.com/images/germ_pzkpfw_maus.png,https://wiki.warthunder.com/unit/germ_pzkpfw_Maus,2026-07-02T18:41:35.231997+00:00,ok,
germ_pzkpfw_VI_ausf_b_tiger_IIh,Tiger II (H),https://static.encyclopedia.warthunder.com/images/germ_pzkpfw_vi_ausf_b_tiger_iih.png,https://wiki.warthunder.com/unit/germ_pzkpfw_VI_ausf_b_tiger_IIh,2026-07-02T18:41:37.158320+00:00,ok,
germ_pzkpfw_VI_ausf_b_tiger_IIh_kwk46,Tiger II (10.5 cm Kw.K),https://static.encyclopedia.warthunder.com/images/germ_pzkpfw_vi_ausf_b_tiger_iih_kwk46.png,https://wiki.warthunder.com/unit/germ_pzkpfw_VI_ausf_b_tiger_IIh_kwk46,2026-07-02T18:41:39.693972+00:00,ok,
germ_pzkpfw_VI_ausf_b_tiger_IIh_sla,Tiger II (H) Sla.16,https://static.encyclopedia.warthunder.com/images/germ_pzkpfw_vi_ausf_b_tiger_iih_sla.png,https://wiki.warthunder.com/unit/germ_pzkpfw_VI_ausf_b_tiger_IIh_sla,2026-07-02T18:41:42.075046+00:00,ok,
germ_pzkpfw_VI_ausf_b_tiger_IIp,Tiger II (P),https://static.encyclopedia.warthunder.com/images/germ_pzkpfw_vi_ausf_b_tiger_iip.png,https://wiki.warthunder.com/unit/germ_pzkpfw_VI_ausf_b_tiger_IIp,2026-07-02T18:41:44.261731+00:00,ok,
germ_pzkpfw_VI_ausf_e_tiger,Tiger E,https://static.encyclopedia.warthunder.com/images/germ_pzkpfw_vi_ausf_e_tiger.png,https://wiki.warthunder.com/unit/germ_pzkpfw_VI_ausf_e_tiger,2026-07-02T18:41:46.687946+00:00,ok,
germ_pzkpfw_VI_ausf_h1_tiger,Tiger H1,https://static.encyclopedia.warthunder.com/images/germ_pzkpfw_vi_ausf_h1_tiger.png,https://wiki.warthunder.com/unit/germ_pzkpfw_VI_ausf_h1_tiger,2026-07-02T18:41:48.642066+00:00,ok,
germ_pzkpfw_VI_ausf_h1_tiger_animal_version,␠Tiger,https://static.encyclopedia.warthunder.com/images/germ_pzkpfw_vi_ausf_h1_tiger_animal_version.png,https://wiki.warthunder.com/unit/germ_pzkpfw_VI_ausf_h1_tiger_animal_version,2026-07-02T18:41:51.104386+00:00,ok,
germ_pzkpfw_VI_ausf_h1_tiger_east,Tiger Ost,https://static.encyclopedia.warthunder.com/images/germ_pzkpfw_vi_ausf_h1_tiger_east.png,https://wiki.warthunder.com/unit/germ_pzkpfw_VI_ausf_h1_tiger_east,2026-07-02T18:41:53.236034+00:00,ok,
germ_pzkpfw_VI_ausf_h1_tiger_west,Tiger West,https://static.encyclopedia.warthunder.com/images/germ_pzkpfw_vi_ausf_h1_tiger_west.png,https://wiki.warthunder.com/unit/germ_pzkpfw_VI_ausf_h1_tiger_west,2026-07-02T18:41:55.277179+00:00,ok,
germ_pzkpfw_VI_tiger_P,VK 45.01 (P),https://static.encyclopedia.warthunder.com/images/germ_pzkpfw_vi_tiger_p.png,https://wiki.warthunder.com/unit/germ_pzkpfw_VI_tiger_P,2026-07-02T18:41:57.318028+00:00,ok,
germ_pzkpfw_V_ausf_a_panther,Panther A,https://static.encyclopedia.warthunder.com/images/germ_pzkpfw_v_ausf_a_panther.png,https://wiki.warthunder.com/unit/germ_pzkpfw_V_ausf_a_panther,2026-07-02T18:42:00.079610+00:00,ok,
germ_pzkpfw_V_ausf_d_panther,Panther D,https://static.encyclopedia.warthunder.com/images/germ_pzkpfw_v_ausf_d_panther.png,https://wiki.warthunder.com/unit/germ_pzkpfw_V_ausf_d_panther,2026-07-02T18:42:02.583579+00:00,ok,
germ_pzkpfw_V_ausf_f_panther,Panther F,https://static.encyclopedia.warthunder.com/images/germ_pzkpfw_v_ausf_f_panther.png,https://wiki.warthunder.com/unit/germ_pzkpfw_V_ausf_f_panther,2026-07-02T18:42:05.320395+00:00,ok,
germ_pzkpfw_V_ausf_g_panther,Panther G,https://static.encyclopedia.warthunder.com/images/germ_pzkpfw_v_ausf_g_panther.png,https://wiki.warthunder.com/unit/germ_pzkpfw_V_ausf_g_panther,2026-07-02T18:42:07.914631+00:00,ok,
germ_pzkpfw_V_ersatz_m10,Ersatz M10,https://static.encyclopedia.warthunder.com/images/germ_pzkpfw_v_ersatz_m10.png,https://wiki.warthunder.com/unit/germ_pzkpfw_V_ersatz_m10,2026-07-02T18:42:10.577032+00:00,ok,
germ_pzkpfw_e_100,E-100,https://static.encyclopedia.warthunder.com/images/germ_pzkpfw_e_100.png,https://wiki.warthunder.com/unit/germ_pzkpfw_e_100,2026-07-02T18:42:13.092315+00:00,ok,
germ_pzsfl_IVa_dickermax,Dicker Max,https://static.encyclopedia.warthunder.com/images/germ_pzsfl_iva_dickermax.png,https://wiki.warthunder.com/unit/germ_pzsfl_IVa_dickermax,2026-07-02T18:42:15.503496+00:00,ok,
germ_pzsflk40_sturer_emil,Sturer Emil,https://static.encyclopedia.warthunder.com/images/germ_pzsflk40_sturer_emil.png,https://wiki.warthunder.com/unit/germ_pzsflk40_sturer_emil,2026-07-02T18:42:17.812293+00:00,ok,
germ_radpanzer_90,Radkampfwagen 90,https://static.encyclopedia.warthunder.com/images/germ_radpanzer_90.png,https://wiki.warthunder.com/unit/germ_radpanzer_90,2026-07-02T18:42:20.020119+00:00,ok,
germ_raketenjagdpanzer_2,RakJPz 2,https://static.encyclopedia.warthunder.com/images/germ_raketenjagdpanzer_2.png,https://wiki.warthunder.com/unit/germ_raketenjagdpanzer_2,2026-07-02T18:42:21.994178+00:00,ok,
germ_raketenjagdpanzer_2_hot,RakJPz 2 (HOT),https://static.encyclopedia.warthunder.com/images/germ_raketenjagdpanzer_2_hot.png,https://wiki.warthunder.com/unit/germ_raketenjagdpanzer_2_hot,2026-07-02T18:42:24.489153+00:00,ok,
germ_ru251,Ru 251,https://static.encyclopedia.warthunder.com/images/germ_ru251.png,https://wiki.warthunder.com/unit/germ_ru251,2026-07-02T18:42:26.847018+00:00,ok,
germ_schutzenpanzer_puma,PUMA,https://static.encyclopedia.warthunder.com/images/germ_schutzenpanzer_puma.png,https://wiki.warthunder.com/unit/germ_schutzenpanzer_puma,2026-07-02T18:42:28.965586+00:00,ok,
germ_schutzenpanzer_puma_vjtf,PUMA VJTF,https://static.encyclopedia.warthunder.com/images/germ_schutzenpanzer_puma_vjtf.png,https://wiki.warthunder.com/unit/germ_schutzenpanzer_puma_vjtf,2026-07-02T18:42:31.371830+00:00,ok,
germ_sdkfz_221_s_pz_b_41,Sd.Kfz.221 (s.Pz.B.41),https://static.encyclopedia.warthunder.com/images/germ_sdkfz_221_s_pz_b_41.png,https://wiki.warthunder.com/unit/germ_sdkfz_221_s_pz_b_41,2026-07-02T18:42:33.933395+00:00,ok,
germ_sdkfz_222,Sd.Kfz.222,https://static.encyclopedia.warthunder.com/images/germ_sdkfz_222.png,https://wiki.warthunder.com/unit/germ_sdkfz_222,2026-07-02T18:42:36.210809+00:00,ok,
germ_sdkfz_234_1,Sd.Kfz.234/1,https://static.encyclopedia.warthunder.com/images/germ_sdkfz_234_1.png,https://wiki.warthunder.com/unit/germ_sdkfz_234_1,2026-07-02T18:42:38.770677+00:00,ok,
germ_sdkfz_234_2,Sd.Kfz.234/2,https://static.encyclopedia.warthunder.com/images/germ_sdkfz_234_2.png,https://wiki.warthunder.com/unit/germ_sdkfz_234_2,2026-07-02T18:42:40.961302+00:00,ok,
germ_sdkfz_234_2_mod,"Sd.Kfz.234/2 ""Biene""",https://static.encyclopedia.warthunder.com/images/germ_sdkfz_234_2_mod.png,https://wiki.warthunder.com/unit/germ_sdkfz_234_2_mod,2026-07-02T18:42:42.806957+00:00,ok,
germ_sdkfz_234_2_td,Sd.Kfz.234/2 TD,https://static.encyclopedia.warthunder.com/images/germ_sdkfz_234_2_td.png,https://wiki.warthunder.com/unit/germ_sdkfz_234_2_td,2026-07-02T18:42:45.016037+00:00,ok,
germ_sdkfz_234_3,Sd.Kfz.234/3,https://static.encyclopedia.warthunder.com/images/germ_sdkfz_234_3.png,https://wiki.warthunder.com/unit/germ_sdkfz_234_3,2026-07-02T18:42:47.578507+00:00,ok,
germ_sdkfz_234_4,Sd.Kfz.234/4,https://static.encyclopedia.warthunder.com/images/germ_sdkfz_234_4.png,https://wiki.warthunder.com/unit/germ_sdkfz_234_4,2026-07-02T18:42:49.581349+00:00,ok,
germ_sdkfz_251_10,Sd.Kfz.251/10,https://static.encyclopedia.warthunder.com/images/germ_sdkfz_251_10.png,https://wiki.warthunder.com/unit/germ_sdkfz_251_10,2026-07-02T18:42:52.312135+00:00,ok,
germ_sdkfz_251_21,Sd.Kfz.251/21,https://static.encyclopedia.warthunder.com/images/germ_sdkfz_251_21.png,https://wiki.warthunder.com/unit/germ_sdkfz_251_21,2026-07-02T18:42:54.297964+00:00,ok,
germ_sdkfz_251_22,Sd.Kfz.251/22,https://static.encyclopedia.warthunder.com/images/germ_sdkfz_251_22.png,https://wiki.warthunder.com/unit/germ_sdkfz_251_22,2026-07-02T18:42:56.393645+00:00,ok,
germ_sdkfz_251_9,Sd.Kfz.251/9,https://static.encyclopedia.warthunder.com/images/germ_sdkfz_251_9.png,https://wiki.warthunder.com/unit/germ_sdkfz_251_9,2026-07-02T18:42:58.830351+00:00,ok,
germ_sdkfz_6_2_flak36,Sd.Kfz. 6/2,https://static.encyclopedia.warthunder.com/images/germ_sdkfz_6_2_flak36.png,https://wiki.warthunder.com/unit/germ_sdkfz_6_2_flak36,2026-07-02T18:43:00.913075+00:00,ok,
germ_sdkfz_9_flak37,"8,8 cm Flak 37 Sfl.",https://static.encyclopedia.warthunder.com/images/germ_sdkfz_9_flak37.png,https://wiki.warthunder.com/unit/germ_sdkfz_9_flak37,2026-07-02T18:43:03.102758+00:00,ok,
germ_sk105_a2,JaPz.K A2,https://static.encyclopedia.warthunder.com/images/germ_sk105_a2.png,https://wiki.warthunder.com/unit/germ_sk105_a2,2026-07-02T18:43:05.102048+00:00,ok,
germ_sppz2_luchs_a2,Luchs A2,https://static.encyclopedia.warthunder.com/images/germ_sppz2_luchs_a2.png,https://wiki.warthunder.com/unit/germ_sppz2_luchs_a2,2026-07-02T18:43:07.537403+00:00,ok,
germ_spz_12_3,SPz 12-3 LGS,https://static.encyclopedia.warthunder.com/images/germ_spz_12_3.png,https://wiki.warthunder.com/unit/germ_spz_12_3,2026-07-02T18:43:10.118811+00:00,ok,
germ_spz_oerlikon_raketenautomat,Raketenautomat,https://static.encyclopedia.warthunder.com/images/germ_spz_oerlikon_raketenautomat.png,https://wiki.warthunder.com/unit/germ_spz_oerlikon_raketenautomat,2026-07-02T18:43:12.157210+00:00,ok,
germ_stug_III_ausf_A,StuG III A,https://static.encyclopedia.warthunder.com/images/germ_stug_iii_ausf_a.png,https://wiki.warthunder.com/unit/germ_stug_III_ausf_A,2026-07-02T18:43:14.584904+00:00,ok,
germ_stug_III_ausf_F,StuG III F,https://static.encyclopedia.warthunder.com/images/germ_stug_iii_ausf_f.png,https://wiki.warthunder.com/unit/germ_stug_III_ausf_F,2026-07-02T18:43:16.636560+00:00,ok,
germ_stug_III_ausf_G,StuG III G,https://static.encyclopedia.warthunder.com/images/germ_stug_iii_ausf_g.png,https://wiki.warthunder.com/unit/germ_stug_III_ausf_G,2026-07-02T18:43:19.348715+00:00,ok,
germ_stuh_III_ausf_G,StuH 42 G,https://static.encyclopedia.warthunder.com/images/germ_stuh_iii_ausf_g.png,https://wiki.warthunder.com/unit/germ_stuh_III_ausf_G,2026-07-02T18:43:21.312896+00:00,ok,
germ_sturmmorser_sturmtiger,38 cm Sturmmörser,https://static.encyclopedia.warthunder.com/images/germ_sturmmorser_sturmtiger.png,https://wiki.warthunder.com/unit/germ_sturmmorser_sturmtiger,2026-07-02T18:43:23.753979+00:00,ok,
germ_sturmpanzer_II,Sturmpanzer II,https://static.encyclopedia.warthunder.com/images/germ_sturmpanzer_ii.png,https://wiki.warthunder.com/unit/germ_sturmpanzer_II,2026-07-02T18:43:26.026254+00:00,ok,
germ_sturmpanzer_IV_brummbar,Brummbär,https://static.encyclopedia.warthunder.com/images/germ_sturmpanzer_iv_brummbar.png,https://wiki.warthunder.com/unit/germ_sturmpanzer_IV_brummbar,2026-07-02T18:43:28.315645+00:00,ok,
germ_t_34_747,T 34 747 (r),https://static.encyclopedia.warthunder.com/images/germ_t_34_747.png,https://wiki.warthunder.com/unit/germ_t_34_747,2026-07-02T18:43:30.449482+00:00,ok,
germ_th_400,R400,https://static.encyclopedia.warthunder.com/images/germ_th_400.png,https://wiki.warthunder.com/unit/germ_th_400,2026-07-02T18:43:33.048987+00:00,ok,
germ_th_800_bismark,Class 3 (P),https://static.encyclopedia.warthunder.com/images/germ_th_800_bismark.png,https://wiki.warthunder.com/unit/germ_th_800_bismark,2026-07-02T18:43:35.319122+00:00,ok,
germ_thyssen_henschel_tam,TAM,https://static.encyclopedia.warthunder.com/images/germ_thyssen_henschel_tam.png,https://wiki.warthunder.com/unit/germ_thyssen_henschel_tam,2026-07-02T18:43:38.008226+00:00,ok,
germ_thyssen_henschel_tam_2c,TAM 2C,https://static.encyclopedia.warthunder.com/images/germ_thyssen_henschel_tam_2c.png,https://wiki.warthunder.com/unit/germ_thyssen_henschel_tam_2c,2026-07-02T18:43:40.532504+00:00,ok,
germ_thyssen_henschel_tam_2ip,TAM 2IP,https://static.encyclopedia.warthunder.com/images/germ_thyssen_henschel_tam_2ip.png,https://wiki.warthunder.com/unit/germ_thyssen_henschel_tam_2ip,2026-07-02T18:43:43.167962+00:00,ok,
germ_vilkas,Vilkas,https://static.encyclopedia.warthunder.com/images/germ_vilkas.png,https://wiki.warthunder.com/unit/germ_vilkas,2026-07-02T18:43:45.645239+00:00,ok,
germ_vk_3002m,VK 3002 (M),https://static.encyclopedia.warthunder.com/images/germ_vk_3002m.png,https://wiki.warthunder.com/unit/germ_vk_3002m,2026-07-02T18:43:47.877847+00:00,ok,
germ_vsw_flak_41,VFW,https://static.encyclopedia.warthunder.com/images/germ_vsw_flak_41.png,https://wiki.warthunder.com/unit/germ_vsw_flak_41,2026-07-02T18:43:50.221034+00:00,ok,
germ_vt_1_2,VT1-2,https://static.encyclopedia.warthunder.com/images/germ_vt_1_2.png,https://wiki.warthunder.com/unit/germ_vt_1_2,2026-07-02T18:43:52.547572+00:00,ok,
germ_waffentrager_krupp_steyr,Waffenträger,https://static.encyclopedia.warthunder.com/images/germ_waffentrager_krupp_steyr.png,https://wiki.warthunder.com/unit/germ_waffentrager_krupp_steyr,2026-07-02T18:43:54.655337+00:00,ok,
germ_wiesel_1_mk20,Wiesel 1A4,https://static.encyclopedia.warthunder.com/images/germ_wiesel_1_mk20.png,https://wiki.warthunder.com/unit/germ_wiesel_1_mk20,2026-07-02T18:43:57.136713+00:00,ok,
germ_wiesel_1_tow,Wiesel 1A2,https://static.encyclopedia.warthunder.com/images/germ_wiesel_1_tow.png,https://wiki.warthunder.com/unit/germ_wiesel_1_tow,2026-07-02T18:43:59.575816+00:00,ok,
germ_wiesel_2_adwc,Ozelot,https://static.encyclopedia.warthunder.com/images/germ_wiesel_2_adwc.png,https://wiki.warthunder.com/unit/germ_wiesel_2_adwc,2026-07-02T18:44:01.726365+00:00,ok,
il_aml_90,AML-90,https://static.encyclopedia.warthunder.com/images/il_aml_90.png,https://wiki.warthunder.com/unit/il_aml_90,2026-07-02T18:44:04.374749+00:00,ok,
il_amx_13_75,AMX-13,https://static.encyclopedia.warthunder.com/images/il_amx_13_75.png,https://wiki.warthunder.com/unit/il_amx_13_75,2026-07-02T18:44:06.924386+00:00,ok,
il_centurion_mk_5_shot,Sho't,https://static.encyclopedia.warthunder.com/images/il_centurion_mk_5_shot.png,https://wiki.warthunder.com/unit/il_centurion_mk_5_shot,2026-07-02T18:44:09.306770+00:00,ok,
il_centurion_shot_kal_alef,Sho't Kal Alef,https://static.encyclopedia.warthunder.com/images/il_centurion_shot_kal_alef.png,https://wiki.warthunder.com/unit/il_centurion_shot_kal_alef,2026-07-02T18:44:11.480831+00:00,ok,
il_centurion_shot_kal_d,Sho't Kal Dalet,https://static.encyclopedia.warthunder.com/images/il_centurion_shot_kal_d.png,https://wiki.warthunder.com/unit/il_centurion_shot_kal_d,2026-07-02T18:44:14.285823+00:00,ok,
il_centurion_shot_kal_gimel,Sho't Kal Gimel,https://static.encyclopedia.warthunder.com/images/il_centurion_shot_kal_gimel.png,https://wiki.warthunder.com/unit/il_centurion_shot_kal_gimel,2026-07-02T18:44:16.801804+00:00,ok,
il_eitan,Eitan (P),https://static.encyclopedia.warthunder.com/images/il_eitan.png,https://wiki.warthunder.com/unit/il_eitan,2026-07-02T18:44:19.507911+00:00,ok,
il_m109,M109,https://static.encyclopedia.warthunder.com/images/il_m109.png,https://wiki.warthunder.com/unit/il_m109,2026-07-02T18:44:22.229894+00:00,ok,
il_m109a1,Rochev,https://static.encyclopedia.warthunder.com/images/il_m109a1.png,https://wiki.warthunder.com/unit/il_m109a1,2026-07-02T18:44:24.862581+00:00,ok,
il_m113_hvms,Bardelas/60mm HVMS,https://static.encyclopedia.warthunder.com/images/il_m113_hvms.png,https://wiki.warthunder.com/unit/il_m113_hvms,2026-07-02T18:44:26.895235+00:00,ok,
il_m113a1_tow,Giraf,https://static.encyclopedia.warthunder.com/images/il_m113a1_tow.png,https://wiki.warthunder.com/unit/il_m113a1_tow,2026-07-02T18:44:29.332507+00:00,ok,
il_m163_vulcan,Hovet,https://static.encyclopedia.warthunder.com/images/il_m163_vulcan.png,https://wiki.warthunder.com/unit/il_m163_vulcan,2026-07-02T18:44:31.990196+00:00,ok,
il_m48a1_patton_III,Magach 1,https://static.encyclopedia.warthunder.com/images/il_m48a1_patton_iii.png,https://wiki.warthunder.com/unit/il_m48a1_patton_III,2026-07-02T18:44:34.224259+00:00,ok,
il_m_51,M-51,https://static.encyclopedia.warthunder.com/images/il_m_51.png,https://wiki.warthunder.com/unit/il_m_51,2026-07-02T18:44:36.774825+00:00,ok,
il_m_51_w,M-51 (W),https://static.encyclopedia.warthunder.com/images/il_m_51_w.png,https://wiki.warthunder.com/unit/il_m_51_w,2026-07-02T18:44:39.035972+00:00,ok,
il_machbet,Machbet,https://static.encyclopedia.warthunder.com/images/il_machbet.png,https://wiki.warthunder.com/unit/il_machbet,2026-07-02T18:44:41.689339+00:00,ok,
il_magach_2,Magach 2,https://static.encyclopedia.warthunder.com/images/il_magach_2.png,https://wiki.warthunder.com/unit/il_magach_2,2026-07-02T18:44:43.712854+00:00,ok,
il_magach_3,Magach 3 (ERA),https://static.encyclopedia.warthunder.com/images/il_magach_3.png,https://wiki.warthunder.com/unit/il_magach_3,2026-07-02T18:44:45.584824+00:00,ok,
il_magach_3_idf,Magach 3,https://static.encyclopedia.warthunder.com/images/il_magach_3_idf.png,https://wiki.warthunder.com/unit/il_magach_3_idf,2026-07-02T18:44:48.044777+00:00,ok,
il_magach_5,Magach 5,https://static.encyclopedia.warthunder.com/images/il_magach_5.png,https://wiki.warthunder.com/unit/il_magach_5,2026-07-02T18:44:50.228261+00:00,ok,
il_magach_6,Magach 6,https://static.encyclopedia.warthunder.com/images/il_magach_6.png,https://wiki.warthunder.com/unit/il_magach_6,2026-07-02T18:44:52.842979+00:00,ok,
il_magach_6_rocket,Magach Hydra,https://static.encyclopedia.warthunder.com/images/il_magach_6_rocket.png,https://wiki.warthunder.com/unit/il_magach_6_rocket,2026-07-02T18:44:55.315157+00:00,ok,
il_magach_6a,Magach 6A,https://static.encyclopedia.warthunder.com/images/il_magach_6a.png,https://wiki.warthunder.com/unit/il_magach_6a,2026-07-02T18:44:57.705120+00:00,ok,
il_magach_6b,Magach 6B,https://static.encyclopedia.warthunder.com/images/il_magach_6b.png,https://wiki.warthunder.com/unit/il_magach_6b,2026-07-02T18:45:00.620113+00:00,ok,
il_magach_6b_gal,Magach 6B Gal,https://static.encyclopedia.warthunder.com/images/il_magach_6b_gal.png,https://wiki.warthunder.com/unit/il_magach_6b_gal,2026-07-02T18:45:02.599212+00:00,ok,
il_magach_6b_gal_batash,Gal Batash,https://static.encyclopedia.warthunder.com/images/il_magach_6b_gal_batash.png,https://wiki.warthunder.com/unit/il_magach_6b_gal_batash,2026-07-02T18:45:04.759347+00:00,ok,
il_magach_6c,Magach 6C,https://static.encyclopedia.warthunder.com/images/il_magach_6c.png,https://wiki.warthunder.com/unit/il_magach_6c,2026-07-02T18:45:06.937437+00:00,ok,
il_magach_6m,Magach 6M,https://static.encyclopedia.warthunder.com/images/il_magach_6m.png,https://wiki.warthunder.com/unit/il_magach_6m,2026-07-02T18:45:08.922112+00:00,ok,
il_magach_6r,Magach 6R,https://static.encyclopedia.warthunder.com/images/il_magach_6r.png,https://wiki.warthunder.com/unit/il_magach_6r,2026-07-02T18:45:10.506470+00:00,ok,
il_magach_7c,Magach 7C,https://static.encyclopedia.warthunder.com/images/il_magach_7c.png,https://wiki.warthunder.com/unit/il_magach_7c,2026-07-02T18:45:13.198620+00:00,ok,
il_merkava_mk_1,Merkava Mk.1,https://static.encyclopedia.warthunder.com/images/il_merkava_mk_1.png,https://wiki.warthunder.com/unit/il_merkava_mk_1,2026-07-02T18:45:15.261878+00:00,ok,
il_merkava_mk_1b,Merkava Mk.1B,https://static.encyclopedia.warthunder.com/images/il_merkava_mk_1b.png,https://wiki.warthunder.com/unit/il_merkava_mk_1b,2026-07-02T18:45:17.721400+00:00,ok,
il_merkava_mk_2b_early,Merkava Mk.2B,https://static.encyclopedia.warthunder.com/images/il_merkava_mk_2b_early.png,https://wiki.warthunder.com/unit/il_merkava_mk_2b_early,2026-07-02T18:45:19.734389+00:00,ok,
il_merkava_mk_2d,Merkava Mk.2D,https://static.encyclopedia.warthunder.com/images/il_merkava_mk_2d.png,https://wiki.warthunder.com/unit/il_merkava_mk_2d,2026-07-02T18:45:22.358912+00:00,ok,
il_merkava_mk_3_raam_segol,Ra'am Sagol,https://static.encyclopedia.warthunder.com/images/il_merkava_mk_3_raam_segol.png,https://wiki.warthunder.com/unit/il_merkava_mk_3_raam_segol,2026-07-02T18:45:25.132667+00:00,ok,
il_merkava_mk_3b,Merkava Mk.3B,https://static.encyclopedia.warthunder.com/images/il_merkava_mk_3b.png,https://wiki.warthunder.com/unit/il_merkava_mk_3b,2026-07-02T18:45:27.290025+00:00,ok,
il_merkava_mk_3c,Merkava Mk.3C,https://static.encyclopedia.warthunder.com/images/il_merkava_mk_3c.png,https://wiki.warthunder.com/unit/il_merkava_mk_3c,2026-07-02T18:45:29.787117+00:00,ok,
il_merkava_mk_4_lic,Merkava Mk.4 LIC,https://static.encyclopedia.warthunder.com/images/il_merkava_mk_4_lic.png,https://wiki.warthunder.com/unit/il_merkava_mk_4_lic,2026-07-02T18:45:31.773699+00:00,ok,
il_merkava_mk_4b,Merkava Mk.4B,https://static.encyclopedia.warthunder.com/images/il_merkava_mk_4b.png,https://wiki.warthunder.com/unit/il_merkava_mk_4b,2026-07-02T18:45:34.192353+00:00,ok,
il_merkava_mk_4m,Merkava Mk.4M,https://static.encyclopedia.warthunder.com/images/il_merkava_mk_4m.png,https://wiki.warthunder.com/unit/il_merkava_mk_4m,2026-07-02T18:45:36.573627+00:00,ok,
il_mim_72_chaparral,Imp.Chaparral,https://static.encyclopedia.warthunder.com/images/il_mim_72_chaparral.png,https://wiki.warthunder.com/unit/il_mim_72_chaparral,2026-07-02T18:45:39.036787+00:00,ok,
il_namer_rcws_30,Namer 30,https://static.encyclopedia.warthunder.com/images/il_namer_rcws_30.png,https://wiki.warthunder.com/unit/il_namer_rcws_30,2026-07-02T18:45:41.521876+00:00,ok,
il_namer_tsrikhon,Namer Tsrikhon,https://static.encyclopedia.warthunder.com/images/il_namer_tsrikhon.png,https://wiki.warthunder.com/unit/il_namer_tsrikhon,2026-07-02T18:45:43.599748+00:00,ok,
il_sabra_mk1,Sabra Mk.I,https://static.encyclopedia.warthunder.com/images/il_sabra_mk1.png,https://wiki.warthunder.com/unit/il_sabra_mk1,2026-07-02T18:45:45.668869+00:00,ok,
il_sholef,Sholef,https://static.encyclopedia.warthunder.com/images/il_sholef.png,https://wiki.warthunder.com/unit/il_sholef,2026-07-02T18:45:47.598675+00:00,ok,
il_spyder_aio,SPYDER,https://static.encyclopedia.warthunder.com/images/il_spyder_aio.png,https://wiki.warthunder.com/unit/il_spyder_aio,2026-07-02T18:45:50.185143+00:00,ok,
il_ss_11_halftrack,Zachlam Tager,https://static.encyclopedia.warthunder.com/images/il_ss_11_halftrack.png,https://wiki.warthunder.com/unit/il_ss_11_halftrack,2026-07-02T18:45:52.162465+00:00,ok,
il_tcm_20,TCM-20,https://static.encyclopedia.warthunder.com/images/il_tcm_20.png,https://wiki.warthunder.com/unit/il_tcm_20,2026-07-02T18:45:54.166178+00:00,ok,
il_tiran_4,Tiran 4,https://static.encyclopedia.warthunder.com/images/il_tiran_4.png,https://wiki.warthunder.com/unit/il_tiran_4,2026-07-02T18:45:56.046476+00:00,ok,
il_tiran_4_sh,Tiran 4S,https://static.encyclopedia.warthunder.com/images/il_tiran_4_sh.png,https://wiki.warthunder.com/unit/il_tiran_4_sh,2026-07-02T18:45:58.118296+00:00,ok,
il_tiran_6,Tiran 6,https://static.encyclopedia.warthunder.com/images/il_tiran_6.png,https://wiki.warthunder.com/unit/il_tiran_6,2026-07-02T18:46:00.550770+00:00,ok,
il_zsu_23_4,ZSU-23-4,https://static.encyclopedia.warthunder.com/images/il_zsu_23_4.png,https://wiki.warthunder.com/unit/il_zsu_23_4,2026-07-02T18:46:03.148101+00:00,ok,
il_zsu_57_2,ZSU-57-2,https://static.encyclopedia.warthunder.com/images/il_zsu_57_2.png,https://wiki.warthunder.com/unit/il_zsu_57_2,2026-07-02T18:46:05.290017+00:00,ok,
it_2s1,◔2S1,https://static.encyclopedia.warthunder.com/images/it_2s1.png,https://wiki.warthunder.com/unit/it_2s1,2026-07-02T18:46:07.796597+00:00,ok,
it_39m_csaba,Csaba,https://static.encyclopedia.warthunder.com/images/it_39m_csaba.png,https://wiki.warthunder.com/unit/it_39m_csaba,2026-07-02T18:46:10.049757+00:00,ok,
it_40_43m_zrinyi_2,Zrinyi II,https://static.encyclopedia.warthunder.com/images/it_40_43m_zrinyi_2.png,https://wiki.warthunder.com/unit/it_40_43m_zrinyi_2,2026-07-02T18:46:12.438342+00:00,ok,
it_40m_turan_1,Turan I,https://static.encyclopedia.warthunder.com/images/it_40m_turan_1.png,https://wiki.warthunder.com/unit/it_40m_turan_1,2026-07-02T18:46:14.277173+00:00,ok,
it_41m_turan_2,Turan II,https://static.encyclopedia.warthunder.com/images/it_41m_turan_2.png,https://wiki.warthunder.com/unit/it_41m_turan_2,2026-07-02T18:46:16.932659+00:00,ok,
it_43m_turan_3,Turan III,https://static.encyclopedia.warthunder.com/images/it_43m_turan_3.png,https://wiki.warthunder.com/unit/it_43m_turan_3,2026-07-02T18:46:19.486582+00:00,ok,
it_44m_zrinyi_1,Zrinyi I,https://static.encyclopedia.warthunder.com/images/it_44m_zrinyi_1.png,https://wiki.warthunder.com/unit/it_44m_zrinyi_1,2026-07-02T18:46:21.839975+00:00,ok,
it_9a33bm3,Osa-AKM,https://static.encyclopedia.warthunder.com/images/it_9a33bm3.png,https://wiki.warthunder.com/unit/it_9a33bm3,2026-07-02T18:46:24.016869+00:00,ok,
it_9a35_m,Стрела-10М,https://static.encyclopedia.warthunder.com/images/it_9a35_m.png,https://wiki.warthunder.com/unit/it_9a35_m,2026-07-02T18:46:26.199910+00:00,ok,
it_ab_41,AB 41,https://static.encyclopedia.warthunder.com/images/it_ab_41.png,https://wiki.warthunder.com/unit/it_ab_41,2026-07-02T18:46:28.149275+00:00,ok,
it_ab_43,AB 43,https://static.encyclopedia.warthunder.com/images/it_ab_43.png,https://wiki.warthunder.com/unit/it_ab_43,2026-07-02T18:46:30.580468+00:00,ok,
it_ariete_amv_pt1,Ariete AMV,https://static.encyclopedia.warthunder.com/images/it_ariete_amv_pt1.png,https://wiki.warthunder.com/unit/it_ariete_amv_pt1,2026-07-02T18:46:32.930501+00:00,ok,
it_as_42_47,AS 42/47,https://static.encyclopedia.warthunder.com/images/it_as_42_47.png,https://wiki.warthunder.com/unit/it_as_42_47,2026-07-02T18:46:35.462268+00:00,ok,
it_as_42_metropolitana,AS 42,https://static.encyclopedia.warthunder.com/images/it_as_42_metropolitana.png,https://wiki.warthunder.com/unit/it_as_42_metropolitana,2026-07-02T18:46:37.614140+00:00,ok,
it_aubl_74_60_70m,AUBL/74 HVG,https://static.encyclopedia.warthunder.com/images/it_aubl_74_60_70m.png,https://wiki.warthunder.com/unit/it_aubl_74_60_70m,2026-07-02T18:46:39.622382+00:00,ok,
it_b1_centauro,Centauro I 105,https://static.encyclopedia.warthunder.com/images/it_b1_centauro.png,https://wiki.warthunder.com/unit/it_b1_centauro,2026-07-02T18:46:42.414037+00:00,ok,
it_b1_centauro_romor,Centauro I 105 R,https://static.encyclopedia.warthunder.com/images/it_b1_centauro_romor.png,https://wiki.warthunder.com/unit/it_b1_centauro_romor,2026-07-02T18:46:44.610782+00:00,ok,
it_breda_52_autocannone,Breda 90/53,https://static.encyclopedia.warthunder.com/images/it_breda_52_autocannone.png,https://wiki.warthunder.com/unit/it_breda_52_autocannone,2026-07-02T18:46:46.888178+00:00,ok,
it_btr_80a_hungary,◔BTR-80A,https://static.encyclopedia.warthunder.com/images/it_btr_80a_hungary.png,https://wiki.warthunder.com/unit/it_btr_80a_hungary,2026-07-02T18:46:49.325562+00:00,ok,
it_c13_t90,C13 T90,https://static.encyclopedia.warthunder.com/images/it_c13_t90.png,https://wiki.warthunder.com/unit/it_c13_t90,2026-07-02T18:46:51.789854+00:00,ok,
it_c13_tua,C13/TUA,https://static.encyclopedia.warthunder.com/images/it_c13_tua.png,https://wiki.warthunder.com/unit/it_c13_tua,2026-07-02T18:46:53.778359+00:00,ok,
it_c1_ariete,Ariete,https://static.encyclopedia.warthunder.com/images/it_c1_ariete.png,https://wiki.warthunder.com/unit/it_c1_ariete,2026-07-02T18:46:56.266787+00:00,ok,
it_c1_ariete_certezza,Ariete Сertezza,https://static.encyclopedia.warthunder.com/images/it_c1_ariete_certezza.png,https://wiki.warthunder.com/unit/it_c1_ariete_certezza,2026-07-02T18:46:58.576250+00:00,ok,
it_c1_ariete_preserie,Ariete (P),https://static.encyclopedia.warthunder.com/images/it_c1_ariete_preserie.png,https://wiki.warthunder.com/unit/it_c1_ariete_preserie,2026-07-02T18:47:00.726650+00:00,ok,
it_c1_ariete_pso,Ariete PSO,https://static.encyclopedia.warthunder.com/images/it_c1_ariete_pso.png,https://wiki.warthunder.com/unit/it_c1_ariete_pso,2026-07-02T18:47:03.331557+00:00,ok,
it_centauro_2,Centauro II (P),https://static.encyclopedia.warthunder.com/images/it_centauro_2.png,https://wiki.warthunder.com/unit/it_centauro_2,2026-07-02T18:47:05.682660+00:00,ok,
it_centauro_mgs_120,Centauro I 120,https://static.encyclopedia.warthunder.com/images/it_centauro_mgs_120.png,https://wiki.warthunder.com/unit/it_centauro_mgs_120,2026-07-02T18:47:08.417008+00:00,ok,
it_centauro_rgo_120,Centauro RGO,https://static.encyclopedia.warthunder.com/images/it_centauro_rgo_120.png,https://wiki.warthunder.com/unit/it_centauro_rgo_120,2026-07-02T18:47:10.544663+00:00,ok,
it_dardo_vcc,Dardo,https://static.encyclopedia.warthunder.com/images/it_dardo_vcc.png,https://wiki.warthunder.com/unit/it_dardo_vcc,2026-07-02T18:47:12.696632+00:00,ok,
it_fiat_6614_106sr,FIAT 6614,https://static.encyclopedia.warthunder.com/images/it_fiat_6614_106sr.png,https://wiki.warthunder.com/unit/it_fiat_6614_106sr,2026-07-02T18:47:14.977905+00:00,ok,
it_fiat_6614_firos,FIROS 6,https://static.encyclopedia.warthunder.com/images/it_fiat_6614_firos.png,https://wiki.warthunder.com/unit/it_fiat_6614_firos,2026-07-02T18:47:17.047290+00:00,ok,
it_fiat_6616_cockerill,AUBL/74,https://static.encyclopedia.warthunder.com/images/it_fiat_6616_cockerill.png,https://wiki.warthunder.com/unit/it_fiat_6616_cockerill,2026-07-02T18:47:19.175535+00:00,ok,
it_fiat_cm52,CM52,https://static.encyclopedia.warthunder.com/images/it_fiat_cm52.png,https://wiki.warthunder.com/unit/it_fiat_cm52,2026-07-02T18:47:21.255775+00:00,ok,
it_freccia,Freccia,https://static.encyclopedia.warthunder.com/images/it_freccia.png,https://wiki.warthunder.com/unit/it_freccia,2026-07-02T18:47:23.459198+00:00,ok,
it_freccia_hitfist_ows,Freccia OWS 30,https://static.encyclopedia.warthunder.com/images/it_freccia_hitfist_ows.png,https://wiki.warthunder.com/unit/it_freccia_hitfist_ows,2026-07-02T18:47:25.549522+00:00,ok,
it_kf_41,KF41,https://static.encyclopedia.warthunder.com/images/it_kf_41.png,https://wiki.warthunder.com/unit/it_kf_41,2026-07-02T18:47:27.961751+00:00,ok,
it_l3_cc,L3/33 CC,https://static.encyclopedia.warthunder.com/images/it_l3_cc.png,https://wiki.warthunder.com/unit/it_l3_cc,2026-07-02T18:47:29.911285+00:00,ok,
it_l6,L6/40,https://static.encyclopedia.warthunder.com/images/it_l6.png,https://wiki.warthunder.com/unit/it_l6,2026-07-02T18:47:31.813630+00:00,ok,
it_l6_leone,L6/40 (31 Rgt.),https://static.encyclopedia.warthunder.com/images/it_l6_leone.png,https://wiki.warthunder.com/unit/it_l6_leone,2026-07-02T18:47:34.423687+00:00,ok,
it_lancia3ro_100,Lancia 3Ro (100/17),https://static.encyclopedia.warthunder.com/images/it_lancia3ro_100.png,https://wiki.warthunder.com/unit/it_lancia3ro_100,2026-07-02T18:47:36.395686+00:00,ok,
it_leopard_1a2,Leopard 1A2,https://static.encyclopedia.warthunder.com/images/it_leopard_1a2.png,https://wiki.warthunder.com/unit/it_leopard_1a2,2026-07-02T18:47:38.882490+00:00,ok,
it_leopard_1a5,Leopard 1A5,https://static.encyclopedia.warthunder.com/images/it_leopard_1a5.png,https://wiki.warthunder.com/unit/it_leopard_1a5,2026-07-02T18:47:40.944943+00:00,ok,
it_leopard_2a4,◔Leopard 2A4,https://static.encyclopedia.warthunder.com/images/it_leopard_2a4.png,https://wiki.warthunder.com/unit/it_leopard_2a4,2026-07-02T18:47:43.315993+00:00,ok,
it_leopard_2a7_hungary,Leopard 2A7HU,https://static.encyclopedia.warthunder.com/images/it_leopard_2a7_hungary.png,https://wiki.warthunder.com/unit/it_leopard_2a7_hungary,2026-07-02T18:47:45.417016+00:00,ok,
it_leopard_bofors,Leopard 40/70,https://static.encyclopedia.warthunder.com/images/it_leopard_bofors.png,https://wiki.warthunder.com/unit/it_leopard_bofors,2026-07-02T18:47:47.849902+00:00,ok,
it_m109g,M109G,https://static.encyclopedia.warthunder.com/images/it_m109g.png,https://wiki.warthunder.com/unit/it_m109g,2026-07-02T18:47:50.416418+00:00,ok,
it_m113a1_tow,M113A1 (TOW),https://static.encyclopedia.warthunder.com/images/it_m113a1_tow.png,https://wiki.warthunder.com/unit/it_m113a1_tow,2026-07-02T18:47:52.392521+00:00,ok,
it_m11_39,M11/39,https://static.encyclopedia.warthunder.com/images/it_m11_39.png,https://wiki.warthunder.com/unit/it_m11_39,2026-07-02T18:47:55.005203+00:00,ok,
it_m13_40_serie_1,M13/40 (I),https://static.encyclopedia.warthunder.com/images/it_m13_40_serie_1.png,https://wiki.warthunder.com/unit/it_m13_40_serie_1,2026-07-02T18:47:56.901697+00:00,ok,
it_m13_40_serie_2,M13/40 (II),https://static.encyclopedia.warthunder.com/images/it_m13_40_serie_2.png,https://wiki.warthunder.com/unit/it_m13_40_serie_2,2026-07-02T18:47:59.233013+00:00,ok,
it_m13_40_serie_3,M13/40 (III),https://static.encyclopedia.warthunder.com/images/it_m13_40_serie_3.png,https://wiki.warthunder.com/unit/it_m13_40_serie_3,2026-07-02T18:48:01.603484+00:00,ok,
it_m14_41,M14/41,https://static.encyclopedia.warthunder.com/images/it_m14_41.png,https://wiki.warthunder.com/unit/it_m14_41,2026-07-02T18:48:04.108547+00:00,ok,
it_m14_41_47_40,M14/41 (47/40),https://static.encyclopedia.warthunder.com/images/it_m14_41_47_40.png,https://wiki.warthunder.com/unit/it_m14_41_47_40,2026-07-02T18:48:06.022858+00:00,ok,
it_m15_42,M15/42,https://static.encyclopedia.warthunder.com/images/it_m15_42.png,https://wiki.warthunder.com/unit/it_m15_42,2026-07-02T18:48:08.417062+00:00,ok,
it_m15_42_contraereo,M42 Contraereo,https://static.encyclopedia.warthunder.com/images/it_m15_42_contraereo.png,https://wiki.warthunder.com/unit/it_m15_42_contraereo,2026-07-02T18:48:10.400660+00:00,ok,
it_m18_hellcat,M18,https://static.encyclopedia.warthunder.com/images/it_m18_hellcat.png,https://wiki.warthunder.com/unit/it_m18_hellcat,2026-07-02T18:48:12.878672+00:00,ok,
it_m24_chaffee,M24,https://static.encyclopedia.warthunder.com/images/it_m24_chaffee.png,https://wiki.warthunder.com/unit/it_m24_chaffee,2026-07-02T18:48:15.406097+00:00,ok,
it_m26_ariete,"M26 ""D.C.Ariete""",https://static.encyclopedia.warthunder.com/images/it_m26_ariete.png,https://wiki.warthunder.com/unit/it_m26_ariete,2026-07-02T18:48:17.486981+00:00,ok,
it_m26a1_pershing,M26A1,https://static.encyclopedia.warthunder.com/images/it_m26a1_pershing.png,https://wiki.warthunder.com/unit/it_m26a1_pershing,2026-07-02T18:48:19.523456+00:00,ok,
it_m36b1,M36B1,https://static.encyclopedia.warthunder.com/images/it_m36b1.png,https://wiki.warthunder.com/unit/it_m36b1,2026-07-02T18:48:22.387602+00:00,ok,
it_m3a3_stuart,M3A3,https://static.encyclopedia.warthunder.com/images/it_m3a3_stuart.png,https://wiki.warthunder.com/unit/it_m3a3_stuart,2026-07-02T18:48:24.584563+00:00,ok,
it_m44,M44,https://static.encyclopedia.warthunder.com/images/it_m44.png,https://wiki.warthunder.com/unit/it_m44,2026-07-02T18:48:26.724436+00:00,ok,
it_m47_105,M47 (105/55),https://static.encyclopedia.warthunder.com/images/it_m47_105.png,https://wiki.warthunder.com/unit/it_m47_105,2026-07-02T18:48:29.359525+00:00,ok,
it_m4a4_sherman,Sherman V,https://static.encyclopedia.warthunder.com/images/it_m4a4_sherman.png,https://wiki.warthunder.com/unit/it_m4a4_sherman,2026-07-02T18:48:31.826688+00:00,ok,
it_m55,M55,https://static.encyclopedia.warthunder.com/images/it_m55.png,https://wiki.warthunder.com/unit/it_m55,2026-07-02T18:48:33.812536+00:00,ok,
it_m60a1_ariete,"M60A1 ""D.C.Ariete""",https://static.encyclopedia.warthunder.com/images/it_m60a1_ariete.png,https://wiki.warthunder.com/unit/it_m60a1_ariete,2026-07-02T18:48:35.822705+00:00,ok,
it_of_40_mk_1,OF-40,https://static.encyclopedia.warthunder.com/images/it_of_40_mk_1.png,https://wiki.warthunder.com/unit/it_of_40_mk_1,2026-07-02T18:48:37.801638+00:00,ok,
it_of_40_mk_2a,OF-40 Mk.2A,https://static.encyclopedia.warthunder.com/images/it_of_40_mk_2a.png,https://wiki.warthunder.com/unit/it_of_40_mk_2a,2026-07-02T18:48:40.631651+00:00,ok,
it_of_40_mtca,OF-40 (MTCA),https://static.encyclopedia.warthunder.com/images/it_of_40_mtca.png,https://wiki.warthunder.com/unit/it_of_40_mtca,2026-07-02T18:48:42.427845+00:00,ok,
it_oto_r3_106sr,R3 T106 FA,https://static.encyclopedia.warthunder.com/images/it_oto_r3_106sr.png,https://wiki.warthunder.com/unit/it_oto_r3_106sr,2026-07-02T18:48:44.929813+00:00,ok,
it_oto_r3_t20_fa,R3 T20 FA-HS,https://static.encyclopedia.warthunder.com/images/it_oto_r3_t20_fa.png,https://wiki.warthunder.com/unit/it_oto_r3_t20_fa,2026-07-02T18:48:46.995967+00:00,ok,
it_otobreda_sidam_25,SIDAM 25,https://static.encyclopedia.warthunder.com/images/it_otobreda_sidam_25.png,https://wiki.warthunder.com/unit/it_otobreda_sidam_25,2026-07-02T18:48:49.159334+00:00,ok,
it_otobreda_sidam_25_mistral,SIDAM 25 (Mistral),https://static.encyclopedia.warthunder.com/images/it_otobreda_sidam_25_mistral.png,https://wiki.warthunder.com/unit/it_otobreda_sidam_25_mistral,2026-07-02T18:48:51.625597+00:00,ok,
it_otomatic,OTOMATIC,https://static.encyclopedia.warthunder.com/images/it_otomatic.png,https://wiki.warthunder.com/unit/it_otomatic,2026-07-02T18:48:53.595751+00:00,ok,
it_p_26_40,"P40 ""G.C. Leoncello""",https://static.encyclopedia.warthunder.com/images/it_p_26_40.png,https://wiki.warthunder.com/unit/it_p_26_40,2026-07-02T18:48:55.963363+00:00,ok,
it_p_40,P40,https://static.encyclopedia.warthunder.com/images/it_p_40.png,https://wiki.warthunder.com/unit/it_p_40,2026-07-02T18:48:58.149652+00:00,ok,
it_pzh_2000_hu,PzH 2000HU,https://static.encyclopedia.warthunder.com/images/it_pzh_2000_hu.png,https://wiki.warthunder.com/unit/it_pzh_2000_hu,2026-07-02T18:49:00.220342+00:00,ok,
it_pzkpfw_III_ausf_N,Pz.III N,https://static.encyclopedia.warthunder.com/images/it_pzkpfw_iii_ausf_n.png,https://wiki.warthunder.com/unit/it_pzkpfw_III_ausf_N,2026-07-02T18:49:02.503022+00:00,ok,
it_pzkpfw_IV_ausf_G,Pz.IV G,https://static.encyclopedia.warthunder.com/images/it_pzkpfw_iv_ausf_g.png,https://wiki.warthunder.com/unit/it_pzkpfw_IV_ausf_G,2026-07-02T18:49:04.428639+00:00,ok,
it_pzkpfw_VI_ausf_e_tiger,Tigris,https://static.encyclopedia.warthunder.com/images/it_pzkpfw_vi_ausf_e_tiger.png,https://wiki.warthunder.com/unit/it_pzkpfw_VI_ausf_e_tiger,2026-07-02T18:49:07.007595+00:00,ok,
it_sahariano,Celere Sahariano,https://static.encyclopedia.warthunder.com/images/it_sahariano.png,https://wiki.warthunder.com/unit/it_sahariano,2026-07-02T18:49:09.494160+00:00,ok,
it_samp_t_fcs,FSAF SAMP/T (СОЦ),https://static.encyclopedia.warthunder.com/images/it_samp_t_fcs.png,https://wiki.warthunder.com/unit/it_samp_t_fcs,2026-07-02T18:49:11.657299+00:00,ok,
it_semovente_breda_501,Breda 501,https://static.encyclopedia.warthunder.com/images/it_semovente_breda_501.png,https://wiki.warthunder.com/unit/it_semovente_breda_501,2026-07-02T18:49:13.490048+00:00,ok,
it_semovente_l40,47/32 L40,https://static.encyclopedia.warthunder.com/images/it_semovente_l40.png,https://wiki.warthunder.com/unit/it_semovente_l40,2026-07-02T18:49:15.808848+00:00,ok,
it_semovente_m41_75_18,75/18 M41,https://static.encyclopedia.warthunder.com/images/it_semovente_m41_75_18.png,https://wiki.warthunder.com/unit/it_semovente_m41_75_18,2026-07-02T18:49:17.822790+00:00,ok,
it_semovente_m41_75_32,75/32 M41,https://static.encyclopedia.warthunder.com/images/it_semovente_m41_75_32.png,https://wiki.warthunder.com/unit/it_semovente_m41_75_32,2026-07-02T18:49:20.415068+00:00,ok,
it_semovente_m41m_90,90/53 M41M,https://static.encyclopedia.warthunder.com/images/it_semovente_m41m_90.png,https://wiki.warthunder.com/unit/it_semovente_m41m_90,2026-07-02T18:49:22.608412+00:00,ok,
it_semovente_m42_75_34,75/34 M42,https://static.encyclopedia.warthunder.com/images/it_semovente_m42_75_34.png,https://wiki.warthunder.com/unit/it_semovente_m42_75_34,2026-07-02T18:49:24.963426+00:00,ok,
it_semovente_m43_105,105/25 M43,https://static.encyclopedia.warthunder.com/images/it_semovente_m43_105.png,https://wiki.warthunder.com/unit/it_semovente_m43_105,2026-07-02T18:49:27.453274+00:00,ok,
it_semovente_m43_105_leoncello,"M43 ""G.C.Leoncello""",https://static.encyclopedia.warthunder.com/images/it_semovente_m43_105_leoncello.png,https://wiki.warthunder.com/unit/it_semovente_m43_105_leoncello,2026-07-02T18:49:29.477989+00:00,ok,
it_semovente_m43_75_34,75/34 M43,https://static.encyclopedia.warthunder.com/images/it_semovente_m43_75_34.png,https://wiki.warthunder.com/unit/it_semovente_m43_75_34,2026-07-02T18:49:31.864475+00:00,ok,
it_semovente_m43_75_46,75/46 M43,https://static.encyclopedia.warthunder.com/images/it_semovente_m43_75_46.png,https://wiki.warthunder.com/unit/it_semovente_m43_75_46,2026-07-02T18:49:34.093085+00:00,ok,
it_sherman_75_37,Sherman I Composito,https://static.encyclopedia.warthunder.com/images/it_sherman_75_37.png,https://wiki.warthunder.com/unit/it_sherman_75_37,2026-07-02T18:49:36.606020+00:00,ok,
it_sherman_VII,M4 Tipo IC,https://static.encyclopedia.warthunder.com/images/it_sherman_vii.png,https://wiki.warthunder.com/unit/it_sherman_VII,2026-07-02T18:49:39.242022+00:00,ok,
it_sherman_vc_firefly,Sherman Vc,https://static.encyclopedia.warthunder.com/images/it_sherman_vc_firefly.png,https://wiki.warthunder.com/unit/it_sherman_vc_firefly,2026-07-02T18:49:41.098876+00:00,ok,
it_stug_III_ausf_G,StuG III G,https://static.encyclopedia.warthunder.com/images/it_stug_iii_ausf_g.png,https://wiki.warthunder.com/unit/it_stug_III_ausf_G,2026-07-02T18:49:43.687370+00:00,ok,
it_t_72m1,◔T-72M1,https://static.encyclopedia.warthunder.com/images/it_t_72m1.png,https://wiki.warthunder.com/unit/it_t_72m1,2026-07-02T18:49:45.936386+00:00,ok,
it_toldi_II_a,Toldi IIA,https://static.encyclopedia.warthunder.com/images/it_toldi_ii_a.png,https://wiki.warthunder.com/unit/it_toldi_II_a,2026-07-02T18:49:48.192374+00:00,ok,
it_vbc_pt2,VBC (PT2),https://static.encyclopedia.warthunder.com/images/it_vbc_pt2.png,https://wiki.warthunder.com/unit/it_vbc_pt2,2026-07-02T18:49:50.393890+00:00,ok,
it_vcc_80_hitfist_30,VCC-80/30,https://static.encyclopedia.warthunder.com/images/it_vcc_80_hitfist_30.png,https://wiki.warthunder.com/unit/it_vcc_80_hitfist_30,2026-07-02T18:49:52.710669+00:00,ok,
it_vcc_80_hitfist_60,VCC-80/60,https://static.encyclopedia.warthunder.com/images/it_vcc_80_hitfist_60.png,https://wiki.warthunder.com/unit/it_vcc_80_hitfist_60,2026-07-02T18:49:54.780290+00:00,ok,
it_vrcc_centauro,VRCC,https://static.encyclopedia.warthunder.com/images/it_vrcc_centauro.png,https://wiki.warthunder.com/unit/it_vrcc_centauro,2026-07-02T18:49:56.774755+00:00,ok,
it_zsu_23_4,◔ZSU-23-4,https://static.encyclopedia.warthunder.com/images/it_zsu_23_4.png,https://wiki.warthunder.com/unit/it_zsu_23_4,2026-07-02T18:49:58.676292+00:00,ok,
it_zsu_57_2,◔ZSU-57-2,https://static.encyclopedia.warthunder.com/images/it_zsu_57_2.png,https://wiki.warthunder.com/unit/it_zsu_57_2,2026-07-02T18:50:00.939710+00:00,ok,
jp_btr_3e1,BTR-3E1,https://static.encyclopedia.warthunder.com/images/jp_btr_3e1.png,https://wiki.warthunder.com/unit/jp_btr_3e1,2026-07-02T18:50:02.762223+00:00,ok,
jp_halftrack_m16,M16 MGMC,https://static.encyclopedia.warthunder.com/images/jp_halftrack_m16.png,https://wiki.warthunder.com/unit/jp_halftrack_m16,2026-07-02T18:50:04.696965+00:00,ok,
jp_hiro_sha,Ro-Go Exp.,https://static.encyclopedia.warthunder.com/images/jp_hiro_sha.png,https://wiki.warthunder.com/unit/jp_hiro_sha,2026-07-02T18:50:07.035051+00:00,ok,
jp_icv_ifv_prototype,ICV (P),https://static.encyclopedia.warthunder.com/images/jp_icv_ifv_prototype.png,https://wiki.warthunder.com/unit/jp_icv_ifv_prototype,2026-07-02T18:50:09.336416+00:00,ok,
jp_icv_prototype,CTWV RCV,https://static.encyclopedia.warthunder.com/images/jp_icv_prototype.png,https://wiki.warthunder.com/unit/jp_icv_prototype,2026-07-02T18:50:12.070535+00:00,ok,
jp_m163_vulcan,M163,https://static.encyclopedia.warthunder.com/images/jp_m163_vulcan.png,https://wiki.warthunder.com/unit/jp_m163_vulcan,2026-07-02T18:50:14.274892+00:00,ok,
jp_m19,M19A1,https://static.encyclopedia.warthunder.com/images/jp_m19.png,https://wiki.warthunder.com/unit/jp_m19,2026-07-02T18:50:16.361567+00:00,ok,
jp_m24_chaffee,M24,https://static.encyclopedia.warthunder.com/images/jp_m24_chaffee.png,https://wiki.warthunder.com/unit/jp_m24_chaffee,2026-07-02T18:50:18.737595+00:00,ok,
jp_m36b2_jgsdf,M36,https://static.encyclopedia.warthunder.com/images/jp_m36b2_jgsdf.png,https://wiki.warthunder.com/unit/jp_m36b2_jgsdf,2026-07-02T18:50:20.892739+00:00,ok,
jp_m41_walker_bulldog,M41A1,https://static.encyclopedia.warthunder.com/images/jp_m41_walker_bulldog.png,https://wiki.warthunder.com/unit/jp_m41_walker_bulldog,2026-07-02T18:50:22.875654+00:00,ok,
jp_m42_duster,M42,https://static.encyclopedia.warthunder.com/images/jp_m42_duster.png,https://wiki.warthunder.com/unit/jp_m42_duster,2026-07-02T18:50:25.041385+00:00,ok,
jp_m44,M44,https://static.encyclopedia.warthunder.com/images/jp_m44.png,https://wiki.warthunder.com/unit/jp_m44,2026-07-02T18:50:27.246564+00:00,ok,
jp_m47_patton_II,M47,https://static.encyclopedia.warthunder.com/images/jp_m47_patton_ii.png,https://wiki.warthunder.com/unit/jp_m47_patton_II,2026-07-02T18:50:29.584520+00:00,ok,
jp_m4a3e8_76w_sherman,M4A3 (76) W,https://static.encyclopedia.warthunder.com/images/jp_m4a3e8_76w_sherman.png,https://wiki.warthunder.com/unit/jp_m4a3e8_76w_sherman,2026-07-02T18:50:31.635748+00:00,ok,
jp_m60a3_tts,M60A3 TTS,https://static.encyclopedia.warthunder.com/images/jp_m60a3_tts.png,https://wiki.warthunder.com/unit/jp_m60a3_tts,2026-07-02T18:50:34.107754+00:00,ok,
jp_navy_120mm_spg,Chi-Ha LG,https://static.encyclopedia.warthunder.com/images/jp_navy_120mm_spg.png,https://wiki.warthunder.com/unit/jp_navy_120mm_spg,2026-07-02T18:50:36.810174+00:00,ok,
jp_oplot_t,BM Oplot-T,https://static.encyclopedia.warthunder.com/images/jp_oplot_t.png,https://wiki.warthunder.com/unit/jp_oplot_t,2026-07-02T18:50:39.175125+00:00,ok,
jp_pzkpfw_VI_ausf_e_tiger,Heavy Tank No.6,https://static.encyclopedia.warthunder.com/images/jp_pzkpfw_vi_ausf_e_tiger.png,https://wiki.warthunder.com/unit/jp_pzkpfw_VI_ausf_e_tiger,2026-07-02T18:50:41.321850+00:00,ok,
jp_st_a1,ST-A1,https://static.encyclopedia.warthunder.com/images/jp_st_a1.png,https://wiki.warthunder.com/unit/jp_st_a1,2026-07-02T18:50:43.995932+00:00,ok,
jp_st_a2,ST-A2,https://static.encyclopedia.warthunder.com/images/jp_st_a2.png,https://wiki.warthunder.com/unit/jp_st_a2,2026-07-02T18:50:46.172750+00:00,ok,
jp_st_a3,ST-A3,https://static.encyclopedia.warthunder.com/images/jp_st_a3.png,https://wiki.warthunder.com/unit/jp_st_a3,2026-07-02T18:50:48.340094+00:00,ok,
jp_st_b1,STB-2,https://static.encyclopedia.warthunder.com/images/jp_st_b1.png,https://wiki.warthunder.com/unit/jp_st_b1,2026-07-02T18:50:51.120902+00:00,ok,
jp_stingray,Stingray,https://static.encyclopedia.warthunder.com/images/jp_stingray.png,https://wiki.warthunder.com/unit/jp_stingray,2026-07-02T18:50:53.761532+00:00,ok,
jp_sub_i_ii_20mm,SUB-I-II,https://static.encyclopedia.warthunder.com/images/jp_sub_i_ii_20mm.png,https://wiki.warthunder.com/unit/jp_sub_i_ii_20mm,2026-07-02T18:50:55.685745+00:00,ok,
jp_tkx_prot,TKX,https://static.encyclopedia.warthunder.com/images/jp_tkx_prot.png,https://wiki.warthunder.com/unit/jp_tkx_prot,2026-07-02T18:50:57.795148+00:00,ok,
jp_type_03_chusam_fcs,Type 03 (СОЦ),https://static.encyclopedia.warthunder.com/images/jp_type_03_chusam_fcs.png,https://wiki.warthunder.com/unit/jp_type_03_chusam_fcs,2026-07-02T18:51:00.131894+00:00,ok,
jp_type_10,Type 10,https://static.encyclopedia.warthunder.com/images/jp_type_10.png,https://wiki.warthunder.com/unit/jp_type_10,2026-07-02T18:51:02.704254+00:00,ok,
jp_type_10_prototype,TKX (P),https://static.encyclopedia.warthunder.com/images/jp_type_10_prototype.png,https://wiki.warthunder.com/unit/jp_type_10_prototype,2026-07-02T18:51:05.260047+00:00,ok,
jp_type_16,Type 16,https://static.encyclopedia.warthunder.com/images/jp_type_16.png,https://wiki.warthunder.com/unit/jp_type_16,2026-07-02T18:51:07.824878+00:00,ok,
jp_type_16_mcv_prot,Type 16 (P),https://static.encyclopedia.warthunder.com/images/jp_type_16_mcv_prot.png,https://wiki.warthunder.com/unit/jp_type_16_mcv_prot,2026-07-02T18:51:10.034663+00:00,ok,
jp_type_16_mod,Type 16 (FPS),https://static.encyclopedia.warthunder.com/images/jp_type_16_mod.png,https://wiki.warthunder.com/unit/jp_type_16_mod,2026-07-02T18:51:12.581093+00:00,ok,
jp_type_1_chi_he,Chi-He,https://static.encyclopedia.warthunder.com/images/jp_type_1_chi_he.png,https://wiki.warthunder.com/unit/jp_type_1_chi_he,2026-07-02T18:51:14.506491+00:00,ok,
jp_type_1_chi_he_5th_regiment,Chi-He (5th Regiment),https://static.encyclopedia.warthunder.com/images/jp_type_1_chi_he_5th_regiment.png,https://wiki.warthunder.com/unit/jp_type_1_chi_he_5th_regiment,2026-07-02T18:51:16.754652+00:00,ok,
jp_type_2_ho_i,Ho-I,https://static.encyclopedia.warthunder.com/images/jp_type_2_ho_i.png,https://wiki.warthunder.com/unit/jp_type_2_ho_i,2026-07-02T18:51:19.034602+00:00,ok,
jp_type_2_ho_ni_2,Ho-Ni II,https://static.encyclopedia.warthunder.com/images/jp_type_2_ho_ni_2.png,https://wiki.warthunder.com/unit/jp_type_2_ho_ni_2,2026-07-02T18:51:21.529179+00:00,ok,
jp_type_2_ka_mi,Ka-Mi,https://static.encyclopedia.warthunder.com/images/jp_type_2_ka_mi.png,https://wiki.warthunder.com/unit/jp_type_2_ka_mi,2026-07-02T18:51:23.886762+00:00,ok,
jp_type_3_chi_nu,Chi-Nu,https://static.encyclopedia.warthunder.com/images/jp_type_3_chi_nu.png,https://wiki.warthunder.com/unit/jp_type_3_chi_nu,2026-07-02T18:51:26.592138+00:00,ok,
jp_type_3_chi_nu_75cm_type_5,Chi-Nu II,https://static.encyclopedia.warthunder.com/images/jp_type_3_chi_nu_75cm_type_5.png,https://wiki.warthunder.com/unit/jp_type_3_chi_nu_75cm_type_5,2026-07-02T18:51:28.452500+00:00,ok,
jp_type_3_ho_ni_I,Ho-Ni I,https://static.encyclopedia.warthunder.com/images/jp_type_3_ho_ni_i.png,https://wiki.warthunder.com/unit/jp_type_3_ho_ni_I,2026-07-02T18:51:30.542926+00:00,ok,
jp_type_3_ho_ni_III,Ho-Ni III,https://static.encyclopedia.warthunder.com/images/jp_type_3_ho_ni_iii.png,https://wiki.warthunder.com/unit/jp_type_3_ho_ni_III,2026-07-02T18:51:32.407638+00:00,ok,
jp_type_3_ka_chi,Ka-Chi,https://static.encyclopedia.warthunder.com/images/jp_type_3_ka_chi.png,https://wiki.warthunder.com/unit/jp_type_3_ka_chi,2026-07-02T18:51:34.538554+00:00,ok,
jp_type_4_chi_to,Chi-To,https://static.encyclopedia.warthunder.com/images/jp_type_4_chi_to.png,https://wiki.warthunder.com/unit/jp_type_4_chi_to,2026-07-02T18:51:36.646888+00:00,ok,
jp_type_4_chi_to_late,Chi-To Late,https://static.encyclopedia.warthunder.com/images/jp_type_4_chi_to_late.png,https://wiki.warthunder.com/unit/jp_type_4_chi_to_late,2026-07-02T18:51:38.898346+00:00,ok,
jp_type_4_ho_ro,Ho-Ro,https://static.encyclopedia.warthunder.com/images/jp_type_4_ho_ro.png,https://wiki.warthunder.com/unit/jp_type_4_ho_ro,2026-07-02T18:51:41.530020+00:00,ok,
jp_type_5_chi_ri,Chi-Ri II,https://static.encyclopedia.warthunder.com/images/jp_type_5_chi_ri.png,https://wiki.warthunder.com/unit/jp_type_5_chi_ri,2026-07-02T18:51:44.125427+00:00,ok,
jp_type_5_ho_ri_production,Ho-Ri Production,https://static.encyclopedia.warthunder.com/images/jp_type_5_ho_ri_production.png,https://wiki.warthunder.com/unit/jp_type_5_ho_ri_production,2026-07-02T18:51:46.521809+00:00,ok,
jp_type_5_ho_ri_prototype,Ho-Ri Prototype,https://static.encyclopedia.warthunder.com/images/jp_type_5_ho_ri_prototype.png,https://wiki.warthunder.com/unit/jp_type_5_ho_ri_prototype,2026-07-02T18:51:48.765696+00:00,ok,
jp_type_5_na_to,Na-To,https://static.encyclopedia.warthunder.com/images/jp_type_5_na_to.png,https://wiki.warthunder.com/unit/jp_type_5_na_to,2026-07-02T18:51:50.715819+00:00,ok,
jp_type_60_atm,Type 60 ATM,https://static.encyclopedia.warthunder.com/images/jp_type_60_atm.png,https://wiki.warthunder.com/unit/jp_type_60_atm,2026-07-02T18:51:52.551428+00:00,ok,
jp_type_60_sprg,Type 60 SPRG (C),https://static.encyclopedia.warthunder.com/images/jp_type_60_sprg.png,https://wiki.warthunder.com/unit/jp_type_60_sprg,2026-07-02T18:51:54.833267+00:00,ok,
jp_type_61,Type 61,https://static.encyclopedia.warthunder.com/images/jp_type_61.png,https://wiki.warthunder.com/unit/jp_type_61,2026-07-02T18:51:57.512710+00:00,ok,
jp_type_61_mod,Type 61 (B),https://static.encyclopedia.warthunder.com/images/jp_type_61_mod.png,https://wiki.warthunder.com/unit/jp_type_61_mod,2026-07-02T18:51:59.643065+00:00,ok,
jp_type_74,Type 74 (E),https://static.encyclopedia.warthunder.com/images/jp_type_74.png,https://wiki.warthunder.com/unit/jp_type_74,2026-07-02T18:52:02.068658+00:00,ok,
jp_type_74_c,Type 74 (C),https://static.encyclopedia.warthunder.com/images/jp_type_74_c.png,https://wiki.warthunder.com/unit/jp_type_74_c,2026-07-02T18:52:04.358520+00:00,ok,
jp_type_74_f,Type 74 (F),https://static.encyclopedia.warthunder.com/images/jp_type_74_f.png,https://wiki.warthunder.com/unit/jp_type_74_f,2026-07-02T18:52:06.477696+00:00,ok,
jp_type_74_mod_g_kai,Type 74 (G),https://static.encyclopedia.warthunder.com/images/jp_type_74_mod_g_kai.png,https://wiki.warthunder.com/unit/jp_type_74_mod_g_kai,2026-07-02T18:52:08.809747+00:00,ok,
jp_type_74_red_star,Type 74 Red Star,https://static.encyclopedia.warthunder.com/images/jp_type_74_red_star.png,https://wiki.warthunder.com/unit/jp_type_74_red_star,2026-07-02T18:52:11.357728+00:00,ok,
jp_type_75,Type 75 SPH,https://static.encyclopedia.warthunder.com/images/jp_type_75.png,https://wiki.warthunder.com/unit/jp_type_75,2026-07-02T18:52:13.292087+00:00,ok,
jp_type_75_mlrs,Type 75 MLRS,https://static.encyclopedia.warthunder.com/images/jp_type_75_mlrs.png,https://wiki.warthunder.com/unit/jp_type_75_mlrs,2026-07-02T18:52:15.779957+00:00,ok,
jp_type_81_tansam,Type 81 (C),https://static.encyclopedia.warthunder.com/images/jp_type_81_tansam.png,https://wiki.warthunder.com/unit/jp_type_81_tansam,2026-07-02T18:52:18.061857+00:00,ok,
jp_type_81_tansam_fcs,Tan-SAM Kai (СОЦ),https://static.encyclopedia.warthunder.com/images/jp_type_81_tansam_fcs.png,https://wiki.warthunder.com/unit/jp_type_81_tansam_fcs,2026-07-02T18:52:19.919827+00:00,ok,
jp_type_81_tansam_launcher,Tan-SAM Kai (СОУ),https://static.encyclopedia.warthunder.com/images/jp_type_81_tansam_launcher.png,https://wiki.warthunder.com/unit/jp_type_81_tansam_launcher,2026-07-02T18:52:22.471327+00:00,ok,
jp_type_87,Type 87,https://static.encyclopedia.warthunder.com/images/jp_type_87.png,https://wiki.warthunder.com/unit/jp_type_87,2026-07-02T18:52:24.969072+00:00,ok,
jp_type_87_rcv,Type 87 RCV,https://static.encyclopedia.warthunder.com/images/jp_type_87_rcv.png,https://wiki.warthunder.com/unit/jp_type_87_rcv,2026-07-02T18:52:27.477270+00:00,ok,
jp_type_87_rcv_prot,Type 87 RCV (P),https://static.encyclopedia.warthunder.com/images/jp_type_87_rcv_prot.png,https://wiki.warthunder.com/unit/jp_type_87_rcv_prot,2026-07-02T18:52:29.734184+00:00,ok,
jp_type_89,Type 89,https://static.encyclopedia.warthunder.com/images/jp_type_89.png,https://wiki.warthunder.com/unit/jp_type_89,2026-07-02T18:52:31.885852+00:00,ok,
jp_type_89b_i_go_otsu,I-Go Ko,https://static.encyclopedia.warthunder.com/images/jp_type_89b_i_go_otsu.png,https://wiki.warthunder.com/unit/jp_type_89b_i_go_otsu,2026-07-02T18:52:33.912487+00:00,ok,
jp_type_90,Type 90,https://static.encyclopedia.warthunder.com/images/jp_type_90.png,https://wiki.warthunder.com/unit/jp_type_90,2026-07-02T18:52:35.923280+00:00,ok,
jp_type_90b,Type 90 (B),https://static.encyclopedia.warthunder.com/images/jp_type_90b.png,https://wiki.warthunder.com/unit/jp_type_90b,2026-07-02T18:52:38.398190+00:00,ok,
jp_type_90b_camo,"Type 90 (B) ""Fuji""",https://static.encyclopedia.warthunder.com/images/jp_type_90b_camo.png,https://wiki.warthunder.com/unit/jp_type_90b_camo,2026-07-02T18:52:40.463688+00:00,ok,
jp_type_90b_sm,◍Type 90 (B),https://static.encyclopedia.warthunder.com/images/jp_type_90b_sm.png,https://wiki.warthunder.com/unit/jp_type_90b_sm,2026-07-02T18:52:42.493463+00:00,ok,
jp_type_93,Type 93,https://static.encyclopedia.warthunder.com/images/jp_type_93.png,https://wiki.warthunder.com/unit/jp_type_93,2026-07-02T18:52:44.905570+00:00,ok,
jp_type_94,Type 94,https://static.encyclopedia.warthunder.com/images/jp_type_94.png,https://wiki.warthunder.com/unit/jp_type_94,2026-07-02T18:52:46.926213+00:00,ok,
jp_type_95_ha_go,Ha-Go,https://static.encyclopedia.warthunder.com/images/jp_type_95_ha_go.png,https://wiki.warthunder.com/unit/jp_type_95_ha_go,2026-07-02T18:52:49.416579+00:00,ok,
jp_type_95_ha_go_commander,Ha-Go Commander,https://static.encyclopedia.warthunder.com/images/jp_type_95_ha_go_commander.png,https://wiki.warthunder.com/unit/jp_type_95_ha_go_commander,2026-07-02T18:52:51.660264+00:00,ok,
jp_type_95_heavy,Ro-Go,https://static.encyclopedia.warthunder.com/images/jp_type_95_heavy.png,https://wiki.warthunder.com/unit/jp_type_95_heavy,2026-07-02T18:52:54.356830+00:00,ok,
jp_type_95_so_ki,So-Ki,https://static.encyclopedia.warthunder.com/images/jp_type_95_so_ki.png,https://wiki.warthunder.com/unit/jp_type_95_so_ki,2026-07-02T18:52:56.321267+00:00,ok,
jp_type_97_chi_ha,Chi-Ha,https://static.encyclopedia.warthunder.com/images/jp_type_97_chi_ha.png,https://wiki.warthunder.com/unit/jp_type_97_chi_ha,2026-07-02T18:52:58.833935+00:00,ok,
jp_type_97_chi_ha_12cm,Chi-Ha Short Gun,https://static.encyclopedia.warthunder.com/images/jp_type_97_chi_ha_12cm.png,https://wiki.warthunder.com/unit/jp_type_97_chi_ha_12cm,2026-07-02T18:53:00.864978+00:00,ok,
jp_type_97_kai,Chi-Ha Kai,https://static.encyclopedia.warthunder.com/images/jp_type_97_kai.png,https://wiki.warthunder.com/unit/jp_type_97_kai,2026-07-02T18:53:02.875064+00:00,ok,
jp_type_97_kai_td,Chi-Ha Kai TD,https://static.encyclopedia.warthunder.com/images/jp_type_97_kai_td.png,https://wiki.warthunder.com/unit/jp_type_97_kai_td,2026-07-02T18:53:04.880514+00:00,ok,
jp_type_98_ke_ni,Ke-Ni,https://static.encyclopedia.warthunder.com/images/jp_type_98_ke_ni.png,https://wiki.warthunder.com/unit/jp_type_98_ke_ni,2026-07-02T18:53:07.413462+00:00,ok,
jp_type_98_ta_se,Ta-Se,https://static.encyclopedia.warthunder.com/images/jp_type_98_ta_se.png,https://wiki.warthunder.com/unit/jp_type_98_ta_se,2026-07-02T18:53:09.568817+00:00,ok,
jp_type_99,Type 99,https://static.encyclopedia.warthunder.com/images/jp_type_99.png,https://wiki.warthunder.com/unit/jp_type_99,2026-07-02T18:53:11.636273+00:00,ok,
sw_a_34_comet,Comet I,https://static.encyclopedia.warthunder.com/images/sw_a_34_comet.png,https://wiki.warthunder.com/unit/sw_a_34_comet,2026-07-02T18:53:13.946887+00:00,ok,
sw_asrad_r,ASRAD-R,https://static.encyclopedia.warthunder.com/images/sw_asrad_r.png,https://wiki.warthunder.com/unit/sw_asrad_r,2026-07-02T18:53:16.249668+00:00,ok,
sw_bkan_1c,Bkan 1C,https://static.encyclopedia.warthunder.com/images/sw_bkan_1c.png,https://wiki.warthunder.com/unit/sw_bkan_1c,2026-07-02T18:53:18.725838+00:00,ok,
sw_bmp_2md,BMP-2MD,https://static.encyclopedia.warthunder.com/images/sw_bmp_2md.png,https://wiki.warthunder.com/unit/sw_bmp_2md,2026-07-02T18:53:21.379775+00:00,ok,
sw_bt_42,BT-42,https://static.encyclopedia.warthunder.com/images/sw_bt_42.png,https://wiki.warthunder.com/unit/sw_bt_42,2026-07-02T18:53:23.208192+00:00,ok,
sw_charioteer_mk_7,Charioteer Mk VII,https://static.encyclopedia.warthunder.com/images/sw_charioteer_mk_7.png,https://wiki.warthunder.com/unit/sw_charioteer_mk_7,2026-07-02T18:53:25.504460+00:00,ok,
sw_crotale_ng,ItO 90M,https://static.encyclopedia.warthunder.com/images/sw_crotale_ng.png,https://wiki.warthunder.com/unit/sw_crotale_ng,2026-07-02T18:53:27.345297+00:00,ok,
sw_cv_90105,CV 90105 TML,https://static.encyclopedia.warthunder.com/images/sw_cv_90105.png,https://wiki.warthunder.com/unit/sw_cv_90105,2026-07-02T18:53:29.611387+00:00,ok,
sw_cv_90105_tml,CV 90105,https://static.encyclopedia.warthunder.com/images/sw_cv_90105_tml.png,https://wiki.warthunder.com/unit/sw_cv_90105_tml,2026-07-02T18:53:32.309476+00:00,ok,
sw_cv_90120,CV 90120,https://static.encyclopedia.warthunder.com/images/sw_cv_90120.png,https://wiki.warthunder.com/unit/sw_cv_90120,2026-07-02T18:53:34.219313+00:00,ok,
sw_cv_9030_fin,CV9030FIN,https://static.encyclopedia.warthunder.com/images/sw_cv_9030_fin.png,https://wiki.warthunder.com/unit/sw_cv_9030_fin,2026-07-02T18:53:36.270773+00:00,ok,
sw_cv_9035_dk,CV9035DK,https://static.encyclopedia.warthunder.com/images/sw_cv_9035_dk.png,https://wiki.warthunder.com/unit/sw_cv_9035_dk,2026-07-02T18:53:38.844340+00:00,ok,
sw_cv_90_mk4,CV 90 Mk.IV,https://static.encyclopedia.warthunder.com/images/sw_cv_90_mk4.png,https://wiki.warthunder.com/unit/sw_cv_90_mk4,2026-07-02T18:53:41.658867+00:00,ok,
sw_eldenhet_98,EldE 98,https://static.encyclopedia.warthunder.com/images/sw_eldenhet_98.png,https://wiki.warthunder.com/unit/sw_eldenhet_98,2026-07-02T18:53:44.220250+00:00,ok,
sw_ikv_103,Ikv 103,https://static.encyclopedia.warthunder.com/images/sw_ikv_103.png,https://wiki.warthunder.com/unit/sw_ikv_103,2026-07-02T18:53:46.049748+00:00,ok,
sw_ikv_72,Ikv 72,https://static.encyclopedia.warthunder.com/images/sw_ikv_72.png,https://wiki.warthunder.com/unit/sw_ikv_72,2026-07-02T18:53:48.229038+00:00,ok,
sw_ikv_73,Ikv 73,https://static.encyclopedia.warthunder.com/images/sw_ikv_73.png,https://wiki.warthunder.com/unit/sw_ikv_73,2026-07-02T18:53:50.257668+00:00,ok,
sw_ikv_91,Ikv 91,https://static.encyclopedia.warthunder.com/images/sw_ikv_91.png,https://wiki.warthunder.com/unit/sw_ikv_91,2026-07-02T18:53:52.833973+00:00,ok,
sw_ikv_91_105,Ikv 91-105,https://static.encyclopedia.warthunder.com/images/sw_ikv_91_105.png,https://wiki.warthunder.com/unit/sw_ikv_91_105,2026-07-02T18:53:54.751951+00:00,ok,
sw_itpsv_90,ItPsV Leopard,https://static.encyclopedia.warthunder.com/images/sw_itpsv_90.png,https://wiki.warthunder.com/unit/sw_itpsv_90,2026-07-02T18:53:57.034420+00:00,ok,
sw_k9_vidar,VIDAR,https://static.encyclopedia.warthunder.com/images/sw_k9_vidar.png,https://wiki.warthunder.com/unit/sw_k9_vidar,2026-07-02T18:53:59.362259+00:00,ok,
sw_kungstiger,Kungstiger,https://static.encyclopedia.warthunder.com/images/sw_kungstiger.png,https://wiki.warthunder.com/unit/sw_kungstiger,2026-07-02T18:54:01.273126+00:00,ok,
sw_kv_1_1942_fin,KV-1 m1942,https://static.encyclopedia.warthunder.com/images/sw_kv_1_1942_fin.png,https://wiki.warthunder.com/unit/sw_kv_1_1942_fin,2026-07-02T18:54:03.514588+00:00,ok,
sw_l_62_anti_II,L-62 ANTI II,https://static.encyclopedia.warthunder.com/images/sw_l_62_anti_ii.png,https://wiki.warthunder.com/unit/sw_l_62_anti_II,2026-07-02T18:54:05.625842+00:00,ok,
sw_lago_1,Lago I,https://static.encyclopedia.warthunder.com/images/sw_lago_1.png,https://wiki.warthunder.com/unit/sw_lago_1,2026-07-02T18:54:07.714467+00:00,ok,
sw_landsverk_ush_204_gk,U-SH 204 GK,https://static.encyclopedia.warthunder.com/images/sw_landsverk_ush_204_gk.png,https://wiki.warthunder.com/unit/sw_landsverk_ush_204_gk,2026-07-02T18:54:10.038090+00:00,ok,
sw_landsverk_ush_405,U-SH 405,https://static.encyclopedia.warthunder.com/images/sw_landsverk_ush_405.png,https://wiki.warthunder.com/unit/sw_landsverk_ush_405,2026-07-02T18:54:11.962263+00:00,ok,
sw_leopard_1a5no,Leopard 1A5NO2,https://static.encyclopedia.warthunder.com/images/sw_leopard_1a5no.png,https://wiki.warthunder.com/unit/sw_leopard_1a5no,2026-07-02T18:54:14.198617+00:00,ok,
sw_leopard_2a4_fin,Leopard 2A4,https://static.encyclopedia.warthunder.com/images/sw_leopard_2a4_fin.png,https://wiki.warthunder.com/unit/sw_leopard_2a4_fin,2026-07-02T18:54:16.502774+00:00,ok,
sw_leopard_2a6nl,Leopard 2A6,https://static.encyclopedia.warthunder.com/images/sw_leopard_2a6nl.png,https://wiki.warthunder.com/unit/sw_leopard_2a6nl,2026-07-02T18:54:19.010640+00:00,ok,
sw_lvkv_42,Lvkv 42,https://static.encyclopedia.warthunder.com/images/sw_lvkv_42.png,https://wiki.warthunder.com/unit/sw_lvkv_42,2026-07-02T18:54:20.956153+00:00,ok,
sw_lvkv_90c,Lvkv 9040C,https://static.encyclopedia.warthunder.com/images/sw_lvkv_90c.png,https://wiki.warthunder.com/unit/sw_lvkv_90c,2026-07-02T18:54:23.182449+00:00,ok,
sw_lvrbv_701,Lvrbv 701,https://static.encyclopedia.warthunder.com/images/sw_lvrbv_701.png,https://wiki.warthunder.com/unit/sw_lvrbv_701,2026-07-02T18:54:25.769121+00:00,ok,
sw_m24_chaffee_dk,M24DK,https://static.encyclopedia.warthunder.com/images/sw_m24_chaffee_dk.png,https://wiki.warthunder.com/unit/sw_m24_chaffee_dk,2026-07-02T18:54:27.592643+00:00,ok,
sw_nasams_fcs,NASAMS 3 (СОЦ),https://static.encyclopedia.warthunder.com/images/sw_nasams_fcs.png,https://wiki.warthunder.com/unit/sw_nasams_fcs,2026-07-02T18:54:29.850566+00:00,ok,
sw_patria_amv_ctcv_105,CT-CV 105HP,https://static.encyclopedia.warthunder.com/images/sw_patria_amv_ctcv_105.png,https://wiki.warthunder.com/unit/sw_patria_amv_ctcv_105,2026-07-02T18:54:31.889152+00:00,ok,
sw_pbil_m40,Pbil m/40,https://static.encyclopedia.warthunder.com/images/sw_pbil_m40.png,https://wiki.warthunder.com/unit/sw_pbil_m40,2026-07-02T18:54:34.045404+00:00,ok,
sw_pbv_301,Pbv 301,https://static.encyclopedia.warthunder.com/images/sw_pbv_301.png,https://wiki.warthunder.com/unit/sw_pbv_301,2026-07-02T18:54:36.018604+00:00,ok,
sw_pbv_302_bill,Pbv 302 (BILL),https://static.encyclopedia.warthunder.com/images/sw_pbv_302_bill.png,https://wiki.warthunder.com/unit/sw_pbv_302_bill,2026-07-02T18:54:38.200509+00:00,ok,
sw_pbv_501,Pbv 501,https://static.encyclopedia.warthunder.com/images/sw_pbv_501.png,https://wiki.warthunder.com/unit/sw_pbv_501,2026-07-02T18:54:40.354260+00:00,ok,
sw_pt_76b,PT-76,https://static.encyclopedia.warthunder.com/images/sw_pt_76b.png,https://wiki.warthunder.com/unit/sw_pt_76b,2026-07-02T18:54:42.813766+00:00,ok,
sw_pvkv_II,Pvkv II,https://static.encyclopedia.warthunder.com/images/sw_pvkv_ii.png,https://wiki.warthunder.com/unit/sw_pvkv_II,2026-07-02T18:54:45.341918+00:00,ok,
sw_pvkv_III,Pvkv III,https://static.encyclopedia.warthunder.com/images/sw_pvkv_iii.png,https://wiki.warthunder.com/unit/sw_pvkv_III,2026-07-02T18:54:47.631361+00:00,ok,
sw_pvkv_iv,Pvkv IV,https://static.encyclopedia.warthunder.com/images/sw_pvkv_iv.png,https://wiki.warthunder.com/unit/sw_pvkv_iv,2026-07-02T18:54:50.010624+00:00,ok,
sw_pvkv_m43_1946,Pvkv m/43 (1946),https://static.encyclopedia.warthunder.com/images/sw_pvkv_m43_1946.png,https://wiki.warthunder.com/unit/sw_pvkv_m43_1946,2026-07-02T18:54:52.577093+00:00,ok,
sw_pvkv_m43_1963,Pvkv m/43 (1963),https://static.encyclopedia.warthunder.com/images/sw_pvkv_m43_1963.png,https://wiki.warthunder.com/unit/sw_pvkv_m43_1963,2026-07-02T18:54:54.801787+00:00,ok,
sw_pvlvv_fm42,Pvlvv fm/42,https://static.encyclopedia.warthunder.com/images/sw_pvlvv_fm42.png,https://wiki.warthunder.com/unit/sw_pvlvv_fm42,2026-07-02T18:54:57.287060+00:00,ok,
sw_pvrbv_551,Pvrbv 551,https://static.encyclopedia.warthunder.com/images/sw_pvrbv_551.png,https://wiki.warthunder.com/unit/sw_pvrbv_551,2026-07-02T18:54:59.242926+00:00,ok,
sw_pzkpfw_IV_ausf_J,Pz.IV,https://static.encyclopedia.warthunder.com/images/sw_pzkpfw_iv_ausf_j.png,https://wiki.warthunder.com/unit/sw_pzkpfw_IV_ausf_J,2026-07-02T18:55:01.390304+00:00,ok,
sw_sav_fm48,SAV 20.12.48,https://static.encyclopedia.warthunder.com/images/sw_sav_fm48.png,https://wiki.warthunder.com/unit/sw_sav_fm48,2026-07-02T18:55:03.268908+00:00,ok,
sw_sav_m43_1944,Sav m/43 (1944),https://static.encyclopedia.warthunder.com/images/sw_sav_m43_1944.png,https://wiki.warthunder.com/unit/sw_sav_m43_1944,2026-07-02T18:55:05.299902+00:00,ok,
sw_sav_m43_1946,Sav m/43 (1946),https://static.encyclopedia.warthunder.com/images/sw_sav_m43_1946.png,https://wiki.warthunder.com/unit/sw_sav_m43_1946,2026-07-02T18:55:07.719881+00:00,ok,
sw_sherman_3_4,Sherman III/IV,https://static.encyclopedia.warthunder.com/images/sw_sherman_3_4.png,https://wiki.warthunder.com/unit/sw_sherman_3_4,2026-07-02T18:55:10.165879+00:00,ok,
sw_stormpjas_fm43_44,Spj fm/43-44,https://static.encyclopedia.warthunder.com/images/sw_stormpjas_fm43_44.png,https://wiki.warthunder.com/unit/sw_stormpjas_fm43_44,2026-07-02T18:55:12.478005+00:00,ok,
sw_strf_9056,Strf 9040 BILL,https://static.encyclopedia.warthunder.com/images/sw_strf_9056.png,https://wiki.warthunder.com/unit/sw_strf_9056,2026-07-02T18:55:14.729666+00:00,ok,
sw_strf_90b,Strf 9040B,https://static.encyclopedia.warthunder.com/images/sw_strf_90b.png,https://wiki.warthunder.com/unit/sw_strf_90b,2026-07-02T18:55:16.634860+00:00,ok,
sw_strf_90c,Strf 9040C,https://static.encyclopedia.warthunder.com/images/sw_strf_90c.png,https://wiki.warthunder.com/unit/sw_strf_90c,2026-07-02T18:55:19.006730+00:00,ok,
sw_strv121b_christian2,Christian II,https://static.encyclopedia.warthunder.com/images/sw_strv121b_christian2.png,https://wiki.warthunder.com/unit/sw_strv121b_christian2,2026-07-02T18:55:21.271787+00:00,ok,
sw_strv_101,Strv 101,https://static.encyclopedia.warthunder.com/images/sw_strv_101.png,https://wiki.warthunder.com/unit/sw_strv_101,2026-07-02T18:55:23.197696+00:00,ok,
sw_strv_103_0,Strv 103-0,https://static.encyclopedia.warthunder.com/images/sw_strv_103_0.png,https://wiki.warthunder.com/unit/sw_strv_103_0,2026-07-02T18:55:26.046030+00:00,ok,
sw_strv_103a,Strv 103A,https://static.encyclopedia.warthunder.com/images/sw_strv_103a.png,https://wiki.warthunder.com/unit/sw_strv_103a,2026-07-02T18:55:28.771224+00:00,ok,
sw_strv_103c,Strv 103С,https://static.encyclopedia.warthunder.com/images/sw_strv_103c.png,https://wiki.warthunder.com/unit/sw_strv_103c,2026-07-02T18:55:30.952819+00:00,ok,
sw_strv_104,Strv 104,https://static.encyclopedia.warthunder.com/images/sw_strv_104.png,https://wiki.warthunder.com/unit/sw_strv_104,2026-07-02T18:55:33.420133+00:00,ok,
sw_strv_105,Strv 105,https://static.encyclopedia.warthunder.com/images/sw_strv_105.png,https://wiki.warthunder.com/unit/sw_strv_105,2026-07-02T18:55:35.861090+00:00,ok,
sw_strv_121,Strv 121,https://static.encyclopedia.warthunder.com/images/sw_strv_121.png,https://wiki.warthunder.com/unit/sw_strv_121,2026-07-02T18:55:37.976247+00:00,ok,
sw_strv_122,Strv 122A,https://static.encyclopedia.warthunder.com/images/sw_strv_122.png,https://wiki.warthunder.com/unit/sw_strv_122,2026-07-02T18:55:40.416302+00:00,ok,
sw_strv_122b_plss,Strv 122B PLSS,https://static.encyclopedia.warthunder.com/images/sw_strv_122b_plss.png,https://wiki.warthunder.com/unit/sw_strv_122b_plss,2026-07-02T18:55:42.567595+00:00,ok,
sw_strv_122b_plus,Strv 122B+,https://static.encyclopedia.warthunder.com/images/sw_strv_122b_plus.png,https://wiki.warthunder.com/unit/sw_strv_122b_plus,2026-07-02T18:55:45.456755+00:00,ok,
sw_strv_74,Strv 74,https://static.encyclopedia.warthunder.com/images/sw_strv_74.png,https://wiki.warthunder.com/unit/sw_strv_74,2026-07-02T18:55:47.587714+00:00,ok,
sw_strv_81,Strv 81,https://static.encyclopedia.warthunder.com/images/sw_strv_81.png,https://wiki.warthunder.com/unit/sw_strv_81,2026-07-02T18:55:49.570520+00:00,ok,
sw_strv_81_rb52,Strv 81 (RB 52),https://static.encyclopedia.warthunder.com/images/uk_centurion_mk_3_ss11.png,https://wiki.warthunder.com/unit/sw_strv_81_rb52,2026-07-02T18:55:52.193792+00:00,ok,
sw_strv_m31,Strv m/31,https://static.encyclopedia.warthunder.com/images/sw_strv_m31.png,https://wiki.warthunder.com/unit/sw_strv_m31,2026-07-02T18:55:54.501990+00:00,ok,
sw_strv_m38,Strv m/38,https://static.encyclopedia.warthunder.com/images/sw_strv_m38.png,https://wiki.warthunder.com/unit/sw_strv_m38,2026-07-02T18:55:56.748579+00:00,ok,
sw_strv_m39,Strv m/39,https://static.encyclopedia.warthunder.com/images/sw_strv_m39.png,https://wiki.warthunder.com/unit/sw_strv_m39,2026-07-02T18:55:58.969327+00:00,ok,
sw_strv_m39_td,Strv m/39 TD,https://static.encyclopedia.warthunder.com/images/sw_strv_m39_td.png,https://wiki.warthunder.com/unit/sw_strv_m39_td,2026-07-02T18:56:01.530467+00:00,ok,
sw_strv_m40l,Strv m/40L,https://static.encyclopedia.warthunder.com/images/sw_strv_m40l.png,https://wiki.warthunder.com/unit/sw_strv_m40l,2026-07-02T18:56:04.103980+00:00,ok,
sw_strv_m41_s1,Strv m/41 S-I,https://static.encyclopedia.warthunder.com/images/sw_strv_m41_s1.png,https://wiki.warthunder.com/unit/sw_strv_m41_s1,2026-07-02T18:56:06.280675+00:00,ok,
sw_strv_m41_s2,Strv m/41 S-II,https://static.encyclopedia.warthunder.com/images/sw_strv_m41_s2.png,https://wiki.warthunder.com/unit/sw_strv_m41_s2,2026-07-02T18:56:08.553862+00:00,ok,
sw_strv_m42_delat_torn,Strv m/42 DT,https://static.encyclopedia.warthunder.com/images/sw_strv_m42_delat_torn.png,https://wiki.warthunder.com/unit/sw_strv_m42_delat_torn,2026-07-02T18:56:10.555452+00:00,ok,
sw_strv_m42_eh,Strv m/42 EH,https://static.encyclopedia.warthunder.com/images/sw_strv_m42_eh.png,https://wiki.warthunder.com/unit/sw_strv_m42_eh,2026-07-02T18:56:12.804444+00:00,ok,
sw_t_28,T-28,https://static.encyclopedia.warthunder.com/images/sw_t_28.png,https://wiki.warthunder.com/unit/sw_t_28,2026-07-02T18:56:14.916920+00:00,ok,
sw_t_34_1941,T-34,https://static.encyclopedia.warthunder.com/images/sw_t_34_1941.png,https://wiki.warthunder.com/unit/sw_t_34_1941,2026-07-02T18:56:17.431895+00:00,ok,
sw_t_34_85_zis_53,T-34-85,https://static.encyclopedia.warthunder.com/images/sw_t_34_85_zis_53.png,https://wiki.warthunder.com/unit/sw_t_34_85_zis_53,2026-07-02T18:56:19.446914+00:00,ok,
sw_t_50_fin,T-50,https://static.encyclopedia.warthunder.com/images/sw_t_50_fin.png,https://wiki.warthunder.com/unit/sw_t_50_fin,2026-07-02T18:56:21.163749+00:00,ok,
sw_t_54_1951,T-54,https://static.encyclopedia.warthunder.com/images/sw_t_54_1951.png,https://wiki.warthunder.com/unit/sw_t_54_1951,2026-07-02T18:56:23.492863+00:00,ok,
sw_t_55m,T-55M,https://static.encyclopedia.warthunder.com/images/sw_t_55m.png,https://wiki.warthunder.com/unit/sw_t_55m,2026-07-02T18:56:25.777803+00:00,ok,
sw_t_72m1,T-72M1,https://static.encyclopedia.warthunder.com/images/sw_t_72m1.png,https://wiki.warthunder.com/unit/sw_t_72m1,2026-07-02T18:56:27.702636+00:00,ok,
sw_t_80u,T 80 U,https://static.encyclopedia.warthunder.com/images/sw_t_80u.png,https://wiki.warthunder.com/unit/sw_t_80u,2026-07-02T18:56:29.863342+00:00,ok,
sw_tgdgb_m40_lv,Lvtdgb m/40,https://static.encyclopedia.warthunder.com/images/sw_tgdgb_m40_lv.png,https://wiki.warthunder.com/unit/sw_tgdgb_m40_lv,2026-07-02T18:56:31.925507+00:00,ok,
sw_udes_33,UDES 33,https://static.encyclopedia.warthunder.com/images/sw_udes_33.png,https://wiki.warthunder.com/unit/sw_udes_33,2026-07-02T18:56:33.981824+00:00,ok,
sw_veak_40,VEAK 40,https://static.encyclopedia.warthunder.com/images/sw_veak_40.png,https://wiki.warthunder.com/unit/sw_veak_40,2026-07-02T18:56:36.326576+00:00,ok,
sw_vickers_mk_e_37,Vickers Mk.E,https://static.encyclopedia.warthunder.com/images/sw_vickers_mk_e_37.png,https://wiki.warthunder.com/unit/sw_vickers_mk_e_37,2026-07-02T18:56:38.322021+00:00,ok,
sw_vickers_mk_e_45,T-26E,https://static.encyclopedia.warthunder.com/images/sw_vickers_mk_e_45.png,https://wiki.warthunder.com/unit/sw_vickers_mk_e_45,2026-07-02T18:56:40.275210+00:00,ok,
sw_zsu_57_2,ZSU-57-2,https://static.encyclopedia.warthunder.com/images/sw_zsu_57_2.png,https://wiki.warthunder.com/unit/sw_zsu_57_2,2026-07-02T18:56:42.503761+00:00,ok,
uk_17_pdr_m10_achilles,Achilles,https://static.encyclopedia.warthunder.com/images/uk_17_pdr_m10_achilles.png,https://wiki.warthunder.com/unit/uk_17_pdr_m10_achilles,2026-07-02T18:56:44.306751+00:00,ok,
uk_17_pdr_m10_achilles_norfolk_yeomanry,Achilles (65 Rg.),https://static.encyclopedia.warthunder.com/images/uk_17_pdr_m10_achilles_norfolk_yeomanry.png,https://wiki.warthunder.com/unit/uk_17_pdr_m10_achilles_norfolk_yeomanry,2026-07-02T18:56:46.228234+00:00,ok,
uk_3_inch_gun_carrier,Gun Carrier (3-in),https://static.encyclopedia.warthunder.com/images/uk_3_inch_gun_carrier.png,https://wiki.warthunder.com/unit/uk_3_inch_gun_carrier,2026-07-02T18:56:48.348647+00:00,ok,
uk_9a33bm2,Osa-AK,https://static.encyclopedia.warthunder.com/images/uk_9a33bm2.png,https://wiki.warthunder.com/unit/uk_9a33bm2,2026-07-02T18:56:50.659347+00:00,ok,
uk_9a35_m,Стрела-10М,https://static.encyclopedia.warthunder.com/images/uk_9a35_m.png,https://wiki.warthunder.com/unit/uk_9a35_m,2026-07-02T18:56:53.076871+00:00,ok,
uk_a17_mk_1_tetrarch,Tetrarch I,https://static.encyclopedia.warthunder.com/images/uk_a17_mk_1_tetrarch.png,https://wiki.warthunder.com/unit/uk_a17_mk_1_tetrarch,2026-07-02T18:56:55.269337+00:00,ok,
uk_a1e1_independent,Independent,https://static.encyclopedia.warthunder.com/images/uk_a1e1_independent.png,https://wiki.warthunder.com/unit/uk_a1e1_independent,2026-07-02T18:56:57.650519+00:00,ok,
uk_a25_mk_8,Harry Hopkins I,https://static.encyclopedia.warthunder.com/images/uk_a25_mk_8.png,https://wiki.warthunder.com/unit/uk_a25_mk_8,2026-07-02T18:57:00.159098+00:00,ok,
uk_a27m_cromwell_1,Cromwell I,https://static.encyclopedia.warthunder.com/images/uk_a27m_cromwell_1.png,https://wiki.warthunder.com/unit/uk_a27m_cromwell_1,2026-07-02T18:57:02.167335+00:00,ok,
uk_a27m_cromwell_5,Cromwell V,https://static.encyclopedia.warthunder.com/images/uk_a27m_cromwell_5.png,https://wiki.warthunder.com/unit/uk_a27m_cromwell_5,2026-07-02T18:57:04.184892+00:00,ok,
uk_a27m_cromwell_5_rp3,Cromwell V (RP-3),https://static.encyclopedia.warthunder.com/images/uk_a27m_cromwell_5_rp3.png,https://wiki.warthunder.com/unit/uk_a27m_cromwell_5_rp3,2026-07-02T18:57:06.828129+00:00,ok,
uk_a30_challenger,Challenger,https://static.encyclopedia.warthunder.com/images/uk_a30_challenger.png,https://wiki.warthunder.com/unit/uk_a30_challenger,2026-07-02T18:57:09.261622+00:00,ok,
uk_a30_sp_avenger,Avenger,https://static.encyclopedia.warthunder.com/images/uk_a30_sp_avenger.png,https://wiki.warthunder.com/unit/uk_a30_sp_avenger,2026-07-02T18:57:11.401120+00:00,ok,
uk_a30_sp_avenger_kit_3rank,Avenger (Overlord),https://static.encyclopedia.warthunder.com/images/uk_a30_sp_avenger_kit_3rank.png,https://wiki.warthunder.com/unit/uk_a30_sp_avenger_kit_3rank,2026-07-02T18:57:13.384438+00:00,ok,
uk_a39_tortoise,Tortoise,https://static.encyclopedia.warthunder.com/images/uk_a39_tortoise.png,https://wiki.warthunder.com/unit/uk_a39_tortoise,2026-07-02T18:57:15.903998+00:00,ok,
uk_a_12_mk_2_matilda_2,Matilda III,https://static.encyclopedia.warthunder.com/images/uk_a_12_mk_2_matilda_2.png,https://wiki.warthunder.com/unit/uk_a_12_mk_2_matilda_2,2026-07-02T18:57:18.013780+00:00,ok,
uk_a_13_mk1,A13 Mk I,https://static.encyclopedia.warthunder.com/images/uk_a_13_mk1.png,https://wiki.warthunder.com/unit/uk_a_13_mk1,2026-07-02T18:57:20.687719+00:00,ok,
uk_a_13_mk1_3rd_rtr,A13 Mk I (3rd R.T.R.),https://static.encyclopedia.warthunder.com/images/uk_a_13_mk1_3rd_rtr.png,https://wiki.warthunder.com/unit/uk_a_13_mk1_3rd_rtr,2026-07-02T18:57:22.443743+00:00,ok,
uk_a_13_mk2,A13 Mk II,https://static.encyclopedia.warthunder.com/images/uk_a_13_mk2.png,https://wiki.warthunder.com/unit/uk_a_13_mk2,2026-07-02T18:57:24.386796+00:00,ok,
uk_a_13_mk2_1939,A13 Mk II 1939,https://static.encyclopedia.warthunder.com/images/uk_a_13_mk2_1939.png,https://wiki.warthunder.com/unit/uk_a_13_mk2_1939,2026-07-02T18:57:26.409380+00:00,ok,
uk_a_22_mk_1_churchill_1941,Churchill I,https://static.encyclopedia.warthunder.com/images/uk_a_22_mk_1_churchill_1941.png,https://wiki.warthunder.com/unit/uk_a_22_mk_1_churchill_1941,2026-07-02T18:57:28.579588+00:00,ok,
uk_a_22b_mk_3_churchill_1942,Churchill III,https://static.encyclopedia.warthunder.com/images/uk_a_22b_mk_3_churchill_1942.png,https://wiki.warthunder.com/unit/uk_a_22b_mk_3_churchill_1942,2026-07-02T18:57:30.785034+00:00,ok,
uk_a_22f_mk_7_churchill_1944,Churchill VII,https://static.encyclopedia.warthunder.com/images/uk_a_22f_mk_7_churchill_1944.png,https://wiki.warthunder.com/unit/uk_a_22f_mk_7_churchill_1944,2026-07-02T18:57:32.984064+00:00,ok,
uk_a_22f_mk_7_churchill_crocodile,Churchill Crocodile,https://static.encyclopedia.warthunder.com/images/uk_a_22f_mk_7_churchill_crocodile.png,https://wiki.warthunder.com/unit/uk_a_22f_mk_7_churchill_crocodile,2026-07-02T18:57:35.357857+00:00,ok,
uk_a_33_excelsior,Excelsior,https://static.encyclopedia.warthunder.com/images/uk_a_33_excelsior.png,https://wiki.warthunder.com/unit/uk_a_33_excelsior,2026-07-02T18:57:37.370070+00:00,ok,
uk_a_34_comet,Comet I,https://static.encyclopedia.warthunder.com/images/uk_a_34_comet.png,https://wiki.warthunder.com/unit/uk_a_34_comet,2026-07-02T18:57:39.321566+00:00,ok,
uk_a_34_comet_iron_duke,"Comet I ""Iron Duke IV""",https://static.encyclopedia.warthunder.com/images/uk_a_34_comet_iron_duke.png,https://wiki.warthunder.com/unit/uk_a_34_comet_iron_duke,2026-07-02T18:57:41.549062+00:00,ok,
uk_a_43_black_prince,Black Prince,https://static.encyclopedia.warthunder.com/images/uk_a_43_black_prince.png,https://wiki.warthunder.com/unit/uk_a_43_black_prince,2026-07-02T18:57:43.656851+00:00,ok,
uk_ac1_sentinel,A.C.I,https://static.encyclopedia.warthunder.com/images/uk_ac1_sentinel.png,https://wiki.warthunder.com/unit/uk_ac1_sentinel,2026-07-02T18:57:46.117386+00:00,ok,
uk_ac4_thunderbolt,A.C.IV,https://static.encyclopedia.warthunder.com/images/uk_ac4_thunderbolt.png,https://wiki.warthunder.com/unit/uk_ac4_thunderbolt,2026-07-02T18:57:48.140982+00:00,ok,
uk_adats_m113a3,ADATS (M113),https://static.encyclopedia.warthunder.com/images/uk_adats_m113a3.png,https://wiki.warthunder.com/unit/uk_adats_m113a3,2026-07-02T18:57:50.696175+00:00,ok,
uk_ajax,Ajax,https://static.encyclopedia.warthunder.com/images/uk_ajax.png,https://wiki.warthunder.com/unit/uk_ajax,2026-07-02T18:57:53.042361+00:00,ok,
uk_alecto_mk_1,Alecto I,https://static.encyclopedia.warthunder.com/images/uk_alecto_mk_1.png,https://wiki.warthunder.com/unit/uk_alecto_mk_1,2026-07-02T18:57:55.364578+00:00,ok,
uk_armored_car_aec_mk_2,AEC Mk II,https://static.encyclopedia.warthunder.com/images/uk_armored_car_aec_mk_2.png,https://wiki.warthunder.com/unit/uk_armored_car_aec_mk_2,2026-07-02T18:57:57.151225+00:00,ok,
uk_armored_car_mk_2_aa,AEC AA,https://static.encyclopedia.warthunder.com/images/uk_armored_car_mk_2_aa.png,https://wiki.warthunder.com/unit/uk_armored_car_mk_2_aa,2026-07-02T18:57:59.337293+00:00,ok,
uk_as_90_mk_2,AS90,https://static.encyclopedia.warthunder.com/images/uk_as_90_mk_2.png,https://wiki.warthunder.com/unit/uk_as_90_mk_2,2026-07-02T18:58:01.221948+00:00,ok,
uk_badger,Badger,https://static.encyclopedia.warthunder.com/images/uk_badger.png,https://wiki.warthunder.com/unit/uk_badger,2026-07-02T18:58:03.911161+00:00,ok,
uk_bosvark,Bosvark,https://static.encyclopedia.warthunder.com/images/uk_bosvark.png,https://wiki.warthunder.com/unit/uk_bosvark,2026-07-02T18:58:06.340502+00:00,ok,
uk_boxer_crv_block2,CRV Block 2,https://static.encyclopedia.warthunder.com/images/uk_boxer_crv_block2.png,https://wiki.warthunder.com/unit/uk_boxer_crv_block2,2026-07-02T18:58:08.289046+00:00,ok,
uk_centurion_action_x,Centurion Action X,https://static.encyclopedia.warthunder.com/images/uk_centurion_action_x.png,https://wiki.warthunder.com/unit/uk_centurion_action_x,2026-07-02T18:58:10.507183+00:00,ok,
uk_centurion_mk_1,Centurion Mk 1,https://static.encyclopedia.warthunder.com/images/uk_centurion_mk_1.png,https://wiki.warthunder.com/unit/uk_centurion_mk_1,2026-07-02T18:58:12.899460+00:00,ok,
uk_centurion_mk_10,Centurion Mk 10,https://static.encyclopedia.warthunder.com/images/uk_centurion_mk_10.png,https://wiki.warthunder.com/unit/uk_centurion_mk_10,2026-07-02T18:58:15.421490+00:00,ok,
uk_centurion_mk_2,Centurion Mk.2,https://static.encyclopedia.warthunder.com/images/uk_centurion_mk_2.png,https://wiki.warthunder.com/unit/uk_centurion_mk_2,2026-07-02T18:58:17.917081+00:00,ok,
uk_centurion_mk_3,Centurion Mk 3,https://static.encyclopedia.warthunder.com/images/uk_centurion_mk_3.png,https://wiki.warthunder.com/unit/uk_centurion_mk_3,2026-07-02T18:58:20.070057+00:00,ok,
uk_centurion_mk_3_ss11,Strv 81 (RB 52),https://static.encyclopedia.warthunder.com/images/uk_centurion_mk_3_ss11.png,https://wiki.warthunder.com/unit/uk_centurion_mk_3_ss11,2026-07-02T18:58:21.937802+00:00,ok,
uk_centurion_mk_5_avre_era,Centurion Mk.5 AVRE,https://static.encyclopedia.warthunder.com/images/uk_centurion_mk_5_avre_era.png,https://wiki.warthunder.com/unit/uk_centurion_mk_5_avre_era,2026-07-02T18:58:24.377724+00:00,ok,
uk_centurion_mk_5_raac,Centurion Mk.5/1,https://static.encyclopedia.warthunder.com/images/uk_centurion_mk_5_raac.png,https://wiki.warthunder.com/unit/uk_centurion_mk_5_raac,2026-07-02T18:58:26.248181+00:00,ok,
uk_centurion_shot_kal_d,Sho't Kal Dalet,https://static.encyclopedia.warthunder.com/images/uk_centurion_shot_kal_d.png,https://wiki.warthunder.com/unit/uk_centurion_shot_kal_d,2026-07-02T18:58:28.245203+00:00,ok,
uk_challenger_1,Challenger Mk.2,https://static.encyclopedia.warthunder.com/images/uk_challenger_1.png,https://wiki.warthunder.com/unit/uk_challenger_1,2026-07-02T18:58:30.685877+00:00,ok,
uk_challenger_1_mk_3_gulf,Challenger DS,https://static.encyclopedia.warthunder.com/images/uk_challenger_1_mk_3_gulf.png,https://wiki.warthunder.com/unit/uk_challenger_1_mk_3_gulf,2026-07-02T18:58:32.725290+00:00,ok,
uk_challenger_2_bn,Black Night,https://static.encyclopedia.warthunder.com/images/uk_challenger_2_bn.png,https://wiki.warthunder.com/unit/uk_challenger_2_bn,2026-07-02T18:58:34.972803+00:00,ok,
uk_challenger_2_dorchester,Challenger 2 (2F),https://static.encyclopedia.warthunder.com/images/uk_challenger_2_dorchester.png,https://wiki.warthunder.com/unit/uk_challenger_2_dorchester,2026-07-02T18:58:37.703755+00:00,ok,
uk_challenger_2_lep,Challenger 3 TD,https://static.encyclopedia.warthunder.com/images/uk_challenger_2_lep.png,https://wiki.warthunder.com/unit/uk_challenger_2_lep,2026-07-02T18:58:39.934696+00:00,ok,
uk_challenger_2_megatron,Challenger 2 OES,https://static.encyclopedia.warthunder.com/images/uk_challenger_2_megatron.png,https://wiki.warthunder.com/unit/uk_challenger_2_megatron,2026-07-02T18:58:42.464042+00:00,ok,
uk_challenger_2_megatron_sm,◍Challenger 2 OES,https://static.encyclopedia.warthunder.com/images/uk_challenger_2_megatron_sm.png,https://wiki.warthunder.com/unit/uk_challenger_2_megatron_sm,2026-07-02T18:58:45.098253+00:00,ok,
uk_challenger_2_tes,Challenger 2 TES,https://static.encyclopedia.warthunder.com/images/uk_challenger_2_tes.png,https://wiki.warthunder.com/unit/uk_challenger_2_tes,2026-07-02T18:58:47.396991+00:00,ok,
uk_challenger_2e,Challenger 2E,https://static.encyclopedia.warthunder.com/images/uk_challenger_2e.png,https://wiki.warthunder.com/unit/uk_challenger_2e,2026-07-02T18:58:50.155875+00:00,ok,
uk_challenger_II,uk_challenger_ii_shop,https://static.encyclopedia.warthunder.com/images/uk_challenger_ii.png,https://wiki.warthunder.com/unit/uk_challenger_II,2026-07-02T18:58:52.700291+00:00,ok,
uk_challenger_II_yt_cup_2019,␙Challenger 2,https://static.encyclopedia.warthunder.com/images/uk_challenger_ii_yt_cup_2019.png,https://wiki.warthunder.com/unit/uk_challenger_II_yt_cup_2019,2026-07-02T18:58:54.683869+00:00,ok,
uk_challenger_mk_3,Challenger Mk.3,https://static.encyclopedia.warthunder.com/images/uk_challenger_mk_3.png,https://wiki.warthunder.com/unit/uk_challenger_mk_3,2026-07-02T18:58:57.335007+00:00,ok,
uk_charioteer_mk_7,Charioteer Mk VII,https://static.encyclopedia.warthunder.com/images/uk_charioteer_mk_7.png,https://wiki.warthunder.com/unit/uk_charioteer_mk_7,2026-07-02T18:58:59.509887+00:00,ok,
uk_chieftain_900,Chieftain 900,https://static.encyclopedia.warthunder.com/images/uk_chieftain_900.png,https://wiki.warthunder.com/unit/uk_chieftain_900,2026-07-02T18:59:01.635956+00:00,ok,
uk_chieftain_marksman,Chieftain Marksman,https://static.encyclopedia.warthunder.com/images/uk_chieftain_marksman.png,https://wiki.warthunder.com/unit/uk_chieftain_marksman,2026-07-02T18:59:04.131690+00:00,ok,
uk_chieftain_mk_10,Chieftain Mk 10,https://static.encyclopedia.warthunder.com/images/uk_chieftain_mk_10.png,https://wiki.warthunder.com/unit/uk_chieftain_mk_10,2026-07-02T18:59:06.649740+00:00,ok,
uk_chieftain_mk_3,Chieftain Mk 3,https://static.encyclopedia.warthunder.com/images/uk_chieftain_mk_3.png,https://wiki.warthunder.com/unit/uk_chieftain_mk_3,2026-07-02T18:59:09.244219+00:00,ok,
uk_chieftain_mk_5,Chieftain Mk 5,https://static.encyclopedia.warthunder.com/images/uk_chieftain_mk_5.png,https://wiki.warthunder.com/unit/uk_chieftain_mk_5,2026-07-02T18:59:11.434488+00:00,ok,
uk_churchill_avre,Churchill AVRE Petard,https://static.encyclopedia.warthunder.com/images/uk_churchill_avre.png,https://wiki.warthunder.com/unit/uk_churchill_avre,2026-07-02T18:59:13.647827+00:00,ok,
uk_churchill_na75,Churchill NA75,https://static.encyclopedia.warthunder.com/images/uk_churchill_na75.png,https://wiki.warthunder.com/unit/uk_churchill_na75,2026-07-02T18:59:15.688787+00:00,ok,
uk_concept3_ngac,Concept 3,https://static.encyclopedia.warthunder.com/images/uk_concept3_ngac.png,https://wiki.warthunder.com/unit/uk_concept3_ngac,2026-07-02T18:59:17.885553+00:00,ok,
uk_conqueror_mk_2,Conqueror,https://static.encyclopedia.warthunder.com/images/uk_conqueror_mk_2.png,https://wiki.warthunder.com/unit/uk_conqueror_mk_2,2026-07-02T18:59:19.931385+00:00,ok,
uk_cruiser_ram_1,Ram I,https://static.encyclopedia.warthunder.com/images/uk_cruiser_ram_1.png,https://wiki.warthunder.com/unit/uk_cruiser_ram_1,2026-07-02T18:59:22.440647+00:00,ok,
uk_crusader_aa_mk_1,Crusader AA Mk I,https://static.encyclopedia.warthunder.com/images/uk_crusader_aa_mk_1.png,https://wiki.warthunder.com/unit/uk_crusader_aa_mk_1,2026-07-02T18:59:24.990629+00:00,ok,
uk_crusader_aa_mk_2,Crusader AA Mk II,https://static.encyclopedia.warthunder.com/images/uk_crusader_aa_mk_2.png,https://wiki.warthunder.com/unit/uk_crusader_aa_mk_2,2026-07-02T18:59:27.120021+00:00,ok,
uk_crusader_aa_mk_2_kit_3rank,Crusader AA (Overlord),https://static.encyclopedia.warthunder.com/images/uk_crusader_aa_mk_2_kit_3rank.png,https://wiki.warthunder.com/unit/uk_crusader_aa_mk_2_kit_3rank,2026-07-02T18:59:29.200629+00:00,ok,
uk_crusader_mk_2,Crusader II,https://static.encyclopedia.warthunder.com/images/uk_crusader_mk_2.png,https://wiki.warthunder.com/unit/uk_crusader_mk_2,2026-07-02T18:59:31.357111+00:00,ok,
uk_crusader_mk_2_the_saint,"Crusader ""The Saint""",https://static.encyclopedia.warthunder.com/images/uk_crusader_mk_2_the_saint.png,https://wiki.warthunder.com/unit/uk_crusader_mk_2_the_saint,2026-07-02T18:59:33.950359+00:00,ok,
uk_crusader_mk_3,Crusader III,https://static.encyclopedia.warthunder.com/images/uk_crusader_mk_3.png,https://wiki.warthunder.com/unit/uk_crusader_mk_3,2026-07-02T18:59:36.354684+00:00,ok,
uk_daimler_mk_2,Daimler Mk II,https://static.encyclopedia.warthunder.com/images/uk_daimler_mk_2.png,https://wiki.warthunder.com/unit/uk_daimler_mk_2,2026-07-02T18:59:38.606465+00:00,ok,
uk_desert_warrior,Desert Warrior,https://static.encyclopedia.warthunder.com/images/uk_desert_warrior.png,https://wiki.warthunder.com/unit/uk_desert_warrior,2026-07-02T18:59:41.316864+00:00,ok,
uk_eland_90_mk_7,Eland 90 Mk.7,https://static.encyclopedia.warthunder.com/images/uk_eland_90_mk_7.png,https://wiki.warthunder.com/unit/uk_eland_90_mk_7,2026-07-02T18:59:43.402137+00:00,ok,
uk_falcon,Falcon,https://static.encyclopedia.warthunder.com/images/uk_falcon.png,https://wiki.warthunder.com/unit/uk_falcon,2026-07-02T18:59:45.894290+00:00,ok,
uk_fv102_striker,Striker,https://static.encyclopedia.warthunder.com/images/uk_fv102_striker.png,https://wiki.warthunder.com/unit/uk_fv102_striker,2026-07-02T18:59:48.498370+00:00,ok,
uk_fv107_scimitar,Scimitar,https://static.encyclopedia.warthunder.com/images/uk_fv107_scimitar.png,https://wiki.warthunder.com/unit/uk_fv107_scimitar,2026-07-02T18:59:50.801152+00:00,ok,
uk_fv221_caernarvon,Caernarvon,https://static.encyclopedia.warthunder.com/images/uk_fv221_caernarvon.png,https://wiki.warthunder.com/unit/uk_fv221_caernarvon,2026-07-02T18:59:53.113359+00:00,ok,
uk_fv4004_conway,Conway,https://static.encyclopedia.warthunder.com/images/uk_fv4004_conway.png,https://wiki.warthunder.com/unit/uk_fv4004_conway,2026-07-02T18:59:55.270637+00:00,ok,
uk_fv4005,FV4005,https://static.encyclopedia.warthunder.com/images/uk_fv4005.png,https://wiki.warthunder.com/unit/uk_fv4005,2026-07-02T18:59:57.765367+00:00,ok,
uk_fv4202,FV4202,https://static.encyclopedia.warthunder.com/images/uk_fv4202.png,https://wiki.warthunder.com/unit/uk_fv4202,2026-07-02T19:00:01.291361+00:00,ok,
uk_fv438_swingfire,Swingfire,https://static.encyclopedia.warthunder.com/images/uk_fv438_swingfire.png,https://wiki.warthunder.com/unit/uk_fv438_swingfire,2026-07-02T19:00:03.832900+00:00,ok,
uk_fv510_isv,Warrior,https://static.encyclopedia.warthunder.com/images/uk_fv510_isv.png,https://wiki.warthunder.com/unit/uk_fv510_isv,2026-07-02T19:00:06.500783+00:00,ok,
uk_fv721_fox,Fox,https://static.encyclopedia.warthunder.com/images/uk_fv721_fox.png,https://wiki.warthunder.com/unit/uk_fv721_fox,2026-07-02T19:00:08.904080+00:00,ok,
uk_g6_spg,G6,https://static.encyclopedia.warthunder.com/images/uk_g6_spg.png,https://wiki.warthunder.com/unit/uk_g6_spg,2026-07-02T19:00:11.371542+00:00,ok,
uk_khalid,Khalid,https://static.encyclopedia.warthunder.com/images/uk_khalid.png,https://wiki.warthunder.com/unit/uk_khalid,2026-07-02T19:00:13.889258+00:00,ok,
uk_m109a1,M109A1,https://static.encyclopedia.warthunder.com/images/uk_m109a1.png,https://wiki.warthunder.com/unit/uk_m109a1,2026-07-02T19:00:15.441844+00:00,ok,
uk_m3_stuart,Stuart I,https://static.encyclopedia.warthunder.com/images/uk_m3_stuart.png,https://wiki.warthunder.com/unit/uk_m3_stuart,2026-07-02T19:00:17.973395+00:00,ok,
uk_m3a1_stuart,Stuart III,https://static.encyclopedia.warthunder.com/images/uk_m3a1_stuart.png,https://wiki.warthunder.com/unit/uk_m3a1_stuart,2026-07-02T19:00:19.987057+00:00,ok,
uk_m44,M44,https://static.encyclopedia.warthunder.com/images/uk_m44.png,https://wiki.warthunder.com/unit/uk_m44,2026-07-02T19:00:22.087283+00:00,ok,
uk_m4a5_ram_2,Ram II,https://static.encyclopedia.warthunder.com/images/uk_m4a5_ram_2.png,https://wiki.warthunder.com/unit/uk_m4a5_ram_2,2026-07-02T19:00:24.705663+00:00,ok,
uk_mark_v,Mark V,https://static.encyclopedia.warthunder.com/images/uk_mark_v.png,https://wiki.warthunder.com/unit/uk_mark_v,2026-07-02T19:00:26.897635+00:00,ok,
uk_marmon_herrington_mk_6_2pdr,SARC MkVI (2pdr),https://static.encyclopedia.warthunder.com/images/uk_marmon_herrington_mk_6_2pdr.png,https://wiki.warthunder.com/unit/uk_marmon_herrington_mk_6_2pdr,2026-07-02T19:00:28.847813+00:00,ok,
uk_marmon_herrington_mk_6_6pdr,SARC MkVI (6pdr),https://static.encyclopedia.warthunder.com/images/uk_marmon_herrington_mk_6_6pdr.png,https://wiki.warthunder.com/unit/uk_marmon_herrington_mk_6_6pdr,2026-07-02T19:00:31.527891+00:00,ok,
uk_matilda_hedgehog,Matilda Hedgehog,https://static.encyclopedia.warthunder.com/images/uk_matilda_hedgehog.png,https://wiki.warthunder.com/unit/uk_matilda_hedgehog,2026-07-02T19:00:33.996084+00:00,ok,
uk_mk1_grant,Grant I,https://static.encyclopedia.warthunder.com/images/uk_mk1_grant.png,https://wiki.warthunder.com/unit/uk_mk1_grant,2026-07-02T19:00:36.599441+00:00,ok,
uk_olifant_mk_1a,Olifant Mk.1A,https://static.encyclopedia.warthunder.com/images/uk_olifant_mk_1a.png,https://wiki.warthunder.com/unit/uk_olifant_mk_1a,2026-07-02T19:00:38.674109+00:00,ok,
uk_olifant_mk_2,Olifant Mk.2,https://static.encyclopedia.warthunder.com/images/uk_olifant_mk_2.png,https://wiki.warthunder.com/unit/uk_olifant_mk_2,2026-07-02T19:00:40.682458+00:00,ok,
uk_ram_90mm_aa,QF 3.7 Ram,https://static.encyclopedia.warthunder.com/images/uk_ram_90mm_aa.png,https://wiki.warthunder.com/unit/uk_ram_90mm_aa,2026-07-02T19:00:42.532721+00:00,ok,
uk_ratel_20,Ratel 20,https://static.encyclopedia.warthunder.com/images/uk_ratel_20.png,https://wiki.warthunder.com/unit/uk_ratel_20,2026-07-02T19:00:44.666450+00:00,ok,
uk_ratel_90,Ratel 90,https://static.encyclopedia.warthunder.com/images/uk_ratel_90.png,https://wiki.warthunder.com/unit/uk_ratel_90,2026-07-02T19:00:46.861487+00:00,ok,
uk_ratel_zt3,ZT3A2,https://static.encyclopedia.warthunder.com/images/uk_ratel_zt3.png,https://wiki.warthunder.com/unit/uk_ratel_zt3,2026-07-02T19:00:49.033908+00:00,ok,
uk_rooikat_105_td,Rooikat 105,https://static.encyclopedia.warthunder.com/images/uk_rooikat_105_td.png,https://wiki.warthunder.com/unit/uk_rooikat_105_td,2026-07-02T19:00:51.587042+00:00,ok,
uk_rooikat_76,Rooikat Mk.1D,https://static.encyclopedia.warthunder.com/images/uk_rooikat_76.png,https://wiki.warthunder.com/unit/uk_rooikat_76,2026-07-02T19:00:54.053908+00:00,ok,
uk_rooikat_mttd,Rooikat MTTD,https://static.encyclopedia.warthunder.com/images/uk_rooikat_mttd.png,https://wiki.warthunder.com/unit/uk_rooikat_mttd,2026-07-02T19:00:56.369886+00:00,ok,
uk_rooikat_za_35,ZA-35,https://static.encyclopedia.warthunder.com/images/uk_rooikat_za_35.png,https://wiki.warthunder.com/unit/uk_rooikat_za_35,2026-07-02T19:00:58.784887+00:00,ok,
uk_sarc_mk4_a,SARC MkIVa,https://static.encyclopedia.warthunder.com/images/uk_sarc_mk4_a.png,https://wiki.warthunder.com/unit/uk_sarc_mk4_a,2026-07-02T19:01:00.680412+00:00,ok,
uk_sherman_II,Sherman II,https://static.encyclopedia.warthunder.com/images/uk_sherman_ii.png,https://wiki.warthunder.com/unit/uk_sherman_II,2026-07-02T19:01:02.900069+00:00,ok,
uk_sherman_ic_firefly,"Sherman IC ""Trzyniec""",https://static.encyclopedia.warthunder.com/images/uk_sherman_ic_firefly.png,https://wiki.warthunder.com/unit/uk_sherman_ic_firefly,2026-07-02T19:01:05.346149+00:00,ok,
uk_sherman_vc_firefly,Sherman Firefly,https://static.encyclopedia.warthunder.com/images/uk_sherman_vc_firefly.png,https://wiki.warthunder.com/unit/uk_sherman_vc_firefly,2026-07-02T19:01:07.885041+00:00,ok,
uk_sherman_vc_firefly_kit_3rank,Firefly (Overlord),https://static.encyclopedia.warthunder.com/images/uk_sherman_vc_firefly_kit_3rank.png,https://wiki.warthunder.com/unit/uk_sherman_vc_firefly_kit_3rank,2026-07-02T19:01:09.809133+00:00,ok,
uk_shir_2,FV4030/3,https://static.encyclopedia.warthunder.com/images/uk_shir_2.png,https://wiki.warthunder.com/unit/uk_shir_2,2026-07-02T19:01:11.812551+00:00,ok,
uk_skink_aa,Skink,https://static.encyclopedia.warthunder.com/images/uk_skink_aa.png,https://wiki.warthunder.com/unit/uk_skink_aa,2026-07-02T19:01:13.626695+00:00,ok,
uk_sky_sabre_fcs,Sky Sabre (СОЦ),https://static.encyclopedia.warthunder.com/images/uk_sky_sabre_fcs.png,https://wiki.warthunder.com/unit/uk_sky_sabre_fcs,2026-07-02T19:01:16.167518+00:00,ok,
uk_sp_17_pdr_valentine,Archer,https://static.encyclopedia.warthunder.com/images/uk_sp_17_pdr_valentine.png,https://wiki.warthunder.com/unit/uk_sp_17_pdr_valentine,2026-07-02T19:01:18.039564+00:00,ok,
uk_stormer_air_defence,Stormer AD,https://static.encyclopedia.warthunder.com/images/uk_stormer_air_defence.png,https://wiki.warthunder.com/unit/uk_stormer_air_defence,2026-07-02T19:01:20.212973+00:00,ok,
uk_stormer_hvm,Stormer HVM,https://static.encyclopedia.warthunder.com/images/uk_stormer_hvm.png,https://wiki.warthunder.com/unit/uk_stormer_hvm,2026-07-02T19:01:22.703064+00:00,ok,
uk_t17e2,Staghound AA,https://static.encyclopedia.warthunder.com/images/uk_t17e2.png,https://wiki.warthunder.com/unit/uk_t17e2,2026-07-02T19:01:25.100047+00:00,ok,
uk_t_90s_bheeshma,Bhishma TWMP,https://static.encyclopedia.warthunder.com/images/uk_t_90s_bheeshma.png,https://wiki.warthunder.com/unit/uk_t_90s_bheeshma,2026-07-02T19:01:27.711764+00:00,ok,
uk_tog_2,TOG II,https://static.encyclopedia.warthunder.com/images/uk_tog_2.png,https://wiki.warthunder.com/unit/uk_tog_2,2026-07-02T19:01:30.240032+00:00,ok,
uk_tracked_rapier,Rapier,https://static.encyclopedia.warthunder.com/images/uk_tracked_rapier.png,https://wiki.warthunder.com/unit/uk_tracked_rapier,2026-07-02T19:01:32.357204+00:00,ok,
uk_ttd,TTD,https://static.encyclopedia.warthunder.com/images/uk_ttd.png,https://wiki.warthunder.com/unit/uk_ttd,2026-07-02T19:01:34.531443+00:00,ok,
uk_valentine_mk_1,Valentine I,https://static.encyclopedia.warthunder.com/images/uk_valentine_mk_1.png,https://wiki.warthunder.com/unit/uk_valentine_mk_1,2026-07-02T19:01:37.057879+00:00,ok,
uk_valentine_mk_11,Valentine XI,https://static.encyclopedia.warthunder.com/images/uk_valentine_mk_11.png,https://wiki.warthunder.com/unit/uk_valentine_mk_11,2026-07-02T19:01:39.531716+00:00,ok,
uk_valentine_mk_9,Valentine IX,https://static.encyclopedia.warthunder.com/images/uk_valentine_mk_9.png,https://wiki.warthunder.com/unit/uk_valentine_mk_9,2026-07-02T19:01:41.683471+00:00,ok,
uk_vfm_5,VFM5,https://static.encyclopedia.warthunder.com/images/uk_vfm_5.png,https://wiki.warthunder.com/unit/uk_vfm_5,2026-07-02T19:01:44.218008+00:00,ok,
uk_vickers_gbt_155,GBT 155,https://static.encyclopedia.warthunder.com/images/uk_vickers_gbt_155.png,https://wiki.warthunder.com/unit/uk_vickers_gbt_155,2026-07-02T19:01:46.421212+00:00,ok,
uk_vickers_mbt_mk_1,Vickers Mk.1,https://static.encyclopedia.warthunder.com/images/uk_vickers_mbt_mk_1.png,https://wiki.warthunder.com/unit/uk_vickers_mbt_mk_1,2026-07-02T19:01:48.604714+00:00,ok,
uk_vickers_mbt_mk_3,Vickers Mk.3,https://static.encyclopedia.warthunder.com/images/uk_vickers_mbt_mk_3.png,https://wiki.warthunder.com/unit/uk_vickers_mbt_mk_3,2026-07-02T19:01:51.064985+00:00,ok,
uk_vickers_mk7,Vickers Mk.7,https://static.encyclopedia.warthunder.com/images/uk_vickers_mk7.png,https://wiki.warthunder.com/unit/uk_vickers_mk7,2026-07-02T19:01:53.476179+00:00,ok,
uk_vickers_mk_11,Vickers Mk.11,https://static.encyclopedia.warthunder.com/images/uk_vickers_mk_11.png,https://wiki.warthunder.com/unit/uk_vickers_mk_11,2026-07-02T19:01:55.826206+00:00,ok,
uk_vickers_mk_6_aa_mk_1,Light AA Mk I,https://static.encyclopedia.warthunder.com/images/uk_vickers_mk_6_aa_mk_1.png,https://wiki.warthunder.com/unit/uk_vickers_mk_6_aa_mk_1,2026-07-02T19:01:57.815239+00:00,ok,
uk_vijayanta,Vijayanta,https://static.encyclopedia.warthunder.com/images/uk_vijayanta.png,https://wiki.warthunder.com/unit/uk_vijayanta,2026-07-02T19:02:00.163316+00:00,ok,
uk_ystervark_spaa,Ystervark,https://static.encyclopedia.warthunder.com/images/uk_ystervark_spaa.png,https://wiki.warthunder.com/unit/uk_ystervark_spaa,2026-07-02T19:02:02.520651+00:00,ok,
us_adats_bradley,ADATS,https://static.encyclopedia.warthunder.com/images/us_adats_bradley.png,https://wiki.warthunder.com/unit/us_adats_bradley,2026-07-02T19:02:04.383308+00:00,ok,
us_ags_teledyne,AGS,https://static.encyclopedia.warthunder.com/images/us_ags_teledyne.png,https://wiki.warthunder.com/unit/us_ags_teledyne,2026-07-02T19:02:07.090260+00:00,ok,
us_ccvl,CCVL,https://static.encyclopedia.warthunder.com/images/us_ccvl.png,https://wiki.warthunder.com/unit/us_ccvl,2026-07-02T19:02:09.464627+00:00,ok,
us_efv_p1,EFV,https://static.encyclopedia.warthunder.com/images/us_efv_p1.png,https://wiki.warthunder.com/unit/us_efv_p1,2026-07-02T19:02:11.669316+00:00,ok,
us_halftrack_m13,M13 MGMC,https://static.encyclopedia.warthunder.com/images/us_halftrack_m13.png,https://wiki.warthunder.com/unit/us_halftrack_m13,2026-07-02T19:02:13.919818+00:00,ok,
us_halftrack_m15,M15 CGMC,https://static.encyclopedia.warthunder.com/images/us_halftrack_m15.png,https://wiki.warthunder.com/unit/us_halftrack_m15,2026-07-02T19:02:16.367027+00:00,ok,
us_halftrack_m16,M16 MGMC,https://static.encyclopedia.warthunder.com/images/us_halftrack_m16.png,https://wiki.warthunder.com/unit/us_halftrack_m16,2026-07-02T19:02:18.358165+00:00,ok,
us_halftrack_m3_75mm_gmc,M3 GMC,https://static.encyclopedia.warthunder.com/images/us_halftrack_m3_75mm_gmc.png,https://wiki.warthunder.com/unit/us_halftrack_m3_75mm_gmc,2026-07-02T19:02:20.796610+00:00,ok,
us_hstv_l,HSTV-L,https://static.encyclopedia.warthunder.com/images/us_hstv_l.png,https://wiki.warthunder.com/unit/us_hstv_l,2026-07-02T19:02:23.207125+00:00,ok,
us_lav_ad,LAV-AD,https://static.encyclopedia.warthunder.com/images/us_lav_ad.png,https://wiki.warthunder.com/unit/us_lav_ad,2026-07-02T19:02:25.829494+00:00,ok,
us_losat_ccv,LOSAT,https://static.encyclopedia.warthunder.com/images/us_losat_ccv.png,https://wiki.warthunder.com/unit/us_losat_ccv,2026-07-02T19:02:27.875353+00:00,ok,
us_lvt_4_zis_2,LVT(A)(4) (ZIS-2),https://static.encyclopedia.warthunder.com/images/us_lvt_4_zis_2.png,https://wiki.warthunder.com/unit/us_lvt_4_zis_2,2026-07-02T19:02:29.900621+00:00,ok,
us_lvt_a1_m24,LVT(A)(1) (M24),https://static.encyclopedia.warthunder.com/images/us_lvt_a1_m24.png,https://wiki.warthunder.com/unit/us_lvt_a1_m24,2026-07-02T19:02:32.085336+00:00,ok,
us_lvt_a_1,LVT(A)(1),https://static.encyclopedia.warthunder.com/images/us_lvt_a_1.png,https://wiki.warthunder.com/unit/us_lvt_a_1,2026-07-02T19:02:34.664998+00:00,ok,
us_lvt_a_1_trb,○LVT(A)(1),https://static.encyclopedia.warthunder.com/images/us_lvt_a_1_trb.png,https://wiki.warthunder.com/unit/us_lvt_a_1_trb,2026-07-02T19:02:37.022741+00:00,ok,
us_lvt_a_4,LVT(A)(4),https://static.encyclopedia.warthunder.com/images/us_lvt_a_4.png,https://wiki.warthunder.com/unit/us_lvt_a_4,2026-07-02T19:02:39.022148+00:00,ok,
us_m10,M10 GMC,https://static.encyclopedia.warthunder.com/images/us_m10.png,https://wiki.warthunder.com/unit/us_m10,2026-07-02T19:02:41.233366+00:00,ok,
us_m103,M103,https://static.encyclopedia.warthunder.com/images/us_m103.png,https://wiki.warthunder.com/unit/us_m103,2026-07-02T19:02:43.922814+00:00,ok,
us_m109a1,M109A1,https://static.encyclopedia.warthunder.com/images/us_m109a1.png,https://wiki.warthunder.com/unit/us_m109a1,2026-07-02T19:02:45.999739+00:00,ok,
us_m10_booker_late,M10 Booker,https://static.encyclopedia.warthunder.com/images/us_m10_booker_late.png,https://wiki.warthunder.com/unit/us_m10_booker_late,2026-07-02T19:02:48.390928+00:00,ok,
us_m1128_mgs,M1128,https://static.encyclopedia.warthunder.com/images/us_m1128_mgs.png,https://wiki.warthunder.com/unit/us_m1128_mgs,2026-07-02T19:02:50.572148+00:00,ok,
us_m1128_wolfpack,M1128 Wolfpack,https://static.encyclopedia.warthunder.com/images/us_m1128_wolfpack.png,https://wiki.warthunder.com/unit/us_m1128_wolfpack,2026-07-02T19:02:52.990544+00:00,ok,
us_m1296_dragoon,M1296,https://static.encyclopedia.warthunder.com/images/us_m1296_dragoon.png,https://wiki.warthunder.com/unit/us_m1296_dragoon,2026-07-02T19:02:55.488486+00:00,ok,
us_m163_vulcan,M163,https://static.encyclopedia.warthunder.com/images/us_m163_vulcan.png,https://wiki.warthunder.com/unit/us_m163_vulcan,2026-07-02T19:02:57.868024+00:00,ok,
us_m18_hellcat,M18 GMC,https://static.encyclopedia.warthunder.com/images/us_m18_hellcat.png,https://wiki.warthunder.com/unit/us_m18_hellcat,2026-07-02T19:03:00.219486+00:00,ok,
us_m18_hellcat_black_cat,"M18 ""Black Cat""",https://static.encyclopedia.warthunder.com/images/us_m18_hellcat_black_cat.png,https://wiki.warthunder.com/unit/us_m18_hellcat_black_cat,2026-07-02T19:03:02.295831+00:00,ok,
us_m18_hellcat_kit_3rank,Hellcat (Hell),https://static.encyclopedia.warthunder.com/images/us_m18_hellcat_kit_3rank.png,https://wiki.warthunder.com/unit/us_m18_hellcat_kit_3rank,2026-07-02T19:03:04.509511+00:00,ok,
us_m18_super_hellcat,Super Hellcat,https://static.encyclopedia.warthunder.com/images/us_m18_super_hellcat.png,https://wiki.warthunder.com/unit/us_m18_super_hellcat,2026-07-02T19:03:06.627974+00:00,ok,
us_m19,M19A1,https://static.encyclopedia.warthunder.com/images/us_m19.png,https://wiki.warthunder.com/unit/us_m19,2026-07-02T19:03:08.906367+00:00,ok,
us_m1_abrams,M1 Abrams,https://static.encyclopedia.warthunder.com/images/us_m1_abrams.png,https://wiki.warthunder.com/unit/us_m1_abrams,2026-07-02T19:03:11.638590+00:00,ok,
us_m1_abrams_kvt,M1 KVT,https://static.encyclopedia.warthunder.com/images/us_m1_abrams_kvt.png,https://wiki.warthunder.com/unit/us_m1_abrams_kvt,2026-07-02T19:03:14.306123+00:00,ok,
us_m1_ip_abrams,IPM1,https://static.encyclopedia.warthunder.com/images/us_m1_ip_abrams.png,https://wiki.warthunder.com/unit/us_m1_ip_abrams,2026-07-02T19:03:16.307762+00:00,ok,
us_m1a1_abrams,M1A1,https://static.encyclopedia.warthunder.com/images/us_m1a1_abrams.png,https://wiki.warthunder.com/unit/us_m1a1_abrams,2026-07-02T19:03:19.041567+00:00,ok,
us_m1a1_abrams_yt_cup_2019,␙M1A1,https://static.encyclopedia.warthunder.com/images/us_m1a1_abrams_yt_cup_2019.png,https://wiki.warthunder.com/unit/us_m1a1_abrams_yt_cup_2019,2026-07-02T19:03:21.809767+00:00,ok,
us_m1a1_aim_abrams,M1A1 AIM,https://static.encyclopedia.warthunder.com/images/us_m1a1_aim_abrams.png,https://wiki.warthunder.com/unit/us_m1a1_aim_abrams,2026-07-02T19:03:24.305468+00:00,ok,
us_m1a1_hc_abrams,M1A1 HC,https://static.encyclopedia.warthunder.com/images/us_m1a1_hc_abrams.png,https://wiki.warthunder.com/unit/us_m1a1_hc_abrams,2026-07-02T19:03:26.966010+00:00,ok,
us_m1a1_hc_usmc,M1A1 Click-Bait,https://static.encyclopedia.warthunder.com/images/us_m1a1_hc_usmc.png,https://wiki.warthunder.com/unit/us_m1a1_hc_usmc,2026-07-02T19:03:29.092026+00:00,ok,
us_m1a1_hc_usmc_sm,◍M1A1 HC,https://static.encyclopedia.warthunder.com/images/us_m1a1_hc_usmc_sm.png,https://wiki.warthunder.com/unit/us_m1a1_hc_usmc_sm,2026-07-02T19:03:31.388358+00:00,ok,
us_m1a2_abrams,M1A2 Abrams,https://static.encyclopedia.warthunder.com/images/us_m1a2_abrams.png,https://wiki.warthunder.com/unit/us_m1a2_abrams,2026-07-02T19:03:33.848661+00:00,ok,
us_m1a2_sep2_abrams,M1A2 SEP V2,https://static.encyclopedia.warthunder.com/images/us_m1a2_sep2_abrams.png,https://wiki.warthunder.com/unit/us_m1a2_sep2_abrams,2026-07-02T19:03:36.293785+00:00,ok,
us_m1a2_sep_abrams,M1A2 SEP,https://static.encyclopedia.warthunder.com/images/us_m1a2_sep_abrams.png,https://wiki.warthunder.com/unit/us_m1a2_sep_abrams,2026-07-02T19:03:38.457787+00:00,ok,
us_m22_locust,M22,https://static.encyclopedia.warthunder.com/images/us_m22_locust.png,https://wiki.warthunder.com/unit/us_m22_locust,2026-07-02T19:03:41.126691+00:00,ok,
us_m247,M247,https://static.encyclopedia.warthunder.com/images/us_m247.png,https://wiki.warthunder.com/unit/us_m247,2026-07-02T19:03:43.155867+00:00,ok,
us_m24_chaffee,M24,https://static.encyclopedia.warthunder.com/images/us_m24_chaffee.png,https://wiki.warthunder.com/unit/us_m24_chaffee,2026-07-02T19:03:45.450627+00:00,ok,
us_m24_chaffee_tl,M24 (TL),https://static.encyclopedia.warthunder.com/images/us_m24_chaffee_tl.png,https://wiki.warthunder.com/unit/us_m24_chaffee_tl,2026-07-02T19:03:47.816215+00:00,ok,
us_m26_pershing,M26,https://static.encyclopedia.warthunder.com/images/us_m26_pershing.png,https://wiki.warthunder.com/unit/us_m26_pershing,2026-07-02T19:03:50.060581+00:00,ok,
us_m26_t99,M26 T99,https://static.encyclopedia.warthunder.com/images/us_m26_t99.png,https://wiki.warthunder.com/unit/us_m26_t99,2026-07-02T19:03:52.143054+00:00,ok,
us_m26e1_pershing,M26E1,https://static.encyclopedia.warthunder.com/images/us_m26e1_pershing.png,https://wiki.warthunder.com/unit/us_m26e1_pershing,2026-07-02T19:03:54.522594+00:00,ok,
us_m2_medium,M2,https://static.encyclopedia.warthunder.com/images/us_m2_medium.png,https://wiki.warthunder.com/unit/us_m2_medium,2026-07-02T19:03:57.045596+00:00,ok,
us_m2a2,M2A2,https://static.encyclopedia.warthunder.com/images/us_m2a2.png,https://wiki.warthunder.com/unit/us_m2a2,2026-07-02T19:03:59.109288+00:00,ok,
us_m2a4,M2A4,https://static.encyclopedia.warthunder.com/images/us_m2a4.png,https://wiki.warthunder.com/unit/us_m2a4,2026-07-02T19:04:01.495695+00:00,ok,
us_m2a4_1st_armor_div,M2A4 (1st Arm.Div.),https://static.encyclopedia.warthunder.com/images/us_m2a4_1st_armor_div.png,https://wiki.warthunder.com/unit/us_m2a4_1st_armor_div,2026-07-02T19:04:03.989803+00:00,ok,
us_m36,M36 GMC,https://static.encyclopedia.warthunder.com/images/us_m36.png,https://wiki.warthunder.com/unit/us_m36,2026-07-02T19:04:06.173575+00:00,ok,
us_m36b2,M36B2,https://static.encyclopedia.warthunder.com/images/us_m36b2.png,https://wiki.warthunder.com/unit/us_m36b2,2026-07-02T19:04:08.219962+00:00,ok,
us_m3_bradley,M3 Bradley,https://static.encyclopedia.warthunder.com/images/us_m3_bradley.png,https://wiki.warthunder.com/unit/us_m3_bradley,2026-07-02T19:04:10.742093+00:00,ok,
us_m3_lee,M3 Lee,https://static.encyclopedia.warthunder.com/images/us_m3_lee.png,https://wiki.warthunder.com/unit/us_m3_lee,2026-07-02T19:04:12.559845+00:00,ok,
us_m3_stuart,M3 Stuart,https://static.encyclopedia.warthunder.com/images/us_m3_stuart.png,https://wiki.warthunder.com/unit/us_m3_stuart,2026-07-02T19:04:15.156217+00:00,ok,
us_m3a1_stuart,M3A1 Stuart,https://static.encyclopedia.warthunder.com/images/us_m3a1_stuart.png,https://wiki.warthunder.com/unit/us_m3a1_stuart,2026-07-02T19:04:17.468704+00:00,ok,
us_m3a1_stuart_usmc,M3A1 (USMC),https://static.encyclopedia.warthunder.com/images/us_m3a1_stuart_usmc.png,https://wiki.warthunder.com/unit/us_m3a1_stuart_usmc,2026-07-02T19:04:19.796792+00:00,ok,
us_m3a3_bradley,M3A3 Bradley,https://static.encyclopedia.warthunder.com/images/us_m3a3_bradley.png,https://wiki.warthunder.com/unit/us_m3a3_bradley,2026-07-02T19:04:21.908907+00:00,ok,
us_m41_walker_bulldog,M41A1,https://static.encyclopedia.warthunder.com/images/us_m41_walker_bulldog.png,https://wiki.warthunder.com/unit/us_m41_walker_bulldog,2026-07-02T19:04:24.258182+00:00,ok,
us_m42_duster,M42,https://static.encyclopedia.warthunder.com/images/us_m42_duster.png,https://wiki.warthunder.com/unit/us_m42_duster,2026-07-02T19:04:26.627527+00:00,ok,
us_m44,M44,https://static.encyclopedia.warthunder.com/images/us_m44.png,https://wiki.warthunder.com/unit/us_m44,2026-07-02T19:04:28.622591+00:00,ok,
us_m46_patton,M46,https://static.encyclopedia.warthunder.com/images/us_m46_patton.png,https://wiki.warthunder.com/unit/us_m46_patton,2026-07-02T19:04:31.064516+00:00,ok,
us_m46_patton_73_armor_bat,"M46 ""Tiger""",https://static.encyclopedia.warthunder.com/images/us_m46_patton_73_armor_bat.png,https://wiki.warthunder.com/unit/us_m46_patton_73_armor_bat,2026-07-02T19:04:33.170973+00:00,ok,
us_m47_patton_II,M47,https://static.encyclopedia.warthunder.com/images/us_m47_patton_ii.png,https://wiki.warthunder.com/unit/us_m47_patton_II,2026-07-02T19:04:35.198795+00:00,ok,
us_m48a1_patton_III,M48A1,https://static.encyclopedia.warthunder.com/images/us_m48a1_patton_iii.png,https://wiki.warthunder.com/unit/us_m48a1_patton_III,2026-07-02T19:04:37.722233+00:00,ok,
us_m4_sherman,M4,https://static.encyclopedia.warthunder.com/images/us_m4_sherman.png,https://wiki.warthunder.com/unit/us_m4_sherman,2026-07-02T19:04:40.124264+00:00,ok,
us_m4_sherman_calliope,Calliope,https://static.encyclopedia.warthunder.com/images/us_m4_sherman_calliope.png,https://wiki.warthunder.com/unit/us_m4_sherman_calliope,2026-07-02T19:04:42.456988+00:00,ok,
us_m4_sherman_promo,M4,https://static.encyclopedia.warthunder.com/images/us_m4_sherman_promo.png,https://wiki.warthunder.com/unit/us_m4_sherman_promo,2026-07-02T19:04:44.859856+00:00,ok,
us_m4_t26,M4/T26,https://static.encyclopedia.warthunder.com/images/us_m4_t26.png,https://wiki.warthunder.com/unit/us_m4_t26,2026-07-02T19:04:47.055614+00:00,ok,
us_m4a1_1942_sherman,M4A1,https://static.encyclopedia.warthunder.com/images/us_m4a1_1942_sherman.png,https://wiki.warthunder.com/unit/us_m4a1_1942_sherman,2026-07-02T19:04:49.398127+00:00,ok,
us_m4a1_76w_sherman,M4A1 (76) W,https://static.encyclopedia.warthunder.com/images/us_m4a1_76w_sherman.png,https://wiki.warthunder.com/unit/us_m4a1_76w_sherman,2026-07-02T19:04:51.716233+00:00,ok,
us_m4a2_1944,M4A2 (1944),,https://wiki.warthunder.com/unit/us_m4a2_1944,2026-07-02T19:04:53.616422+00:00,http_404,
us_m4a2_1944_germ,M4 748 (a),https://static.encyclopedia.warthunder.com/images/us_m4a2_1944_germ.png,https://wiki.warthunder.com/unit/us_m4a2_1944_germ,2026-07-02T19:04:55.811807+00:00,ok,
us_m4a2_76w_sherman,M4A2 (76) W,https://static.encyclopedia.warthunder.com/images/us_m4a2_76w_sherman.png,https://wiki.warthunder.com/unit/us_m4a2_76w_sherman,2026-07-02T19:04:58.142204+00:00,ok,
us_m4a2_sherman,M4A2,https://static.encyclopedia.warthunder.com/images/us_m4a2_sherman.png,https://wiki.warthunder.com/unit/us_m4a2_sherman,2026-07-02T19:05:00.195226+00:00,ok,
us_m4a3_105_sherman,M4A3 (105),https://static.encyclopedia.warthunder.com/images/us_m4a3_105_sherman.png,https://wiki.warthunder.com/unit/us_m4a3_105_sherman,2026-07-02T19:05:02.123619+00:00,ok,
us_m4a3e2_76w_sherman_jumbo,M4A3E2 (76) W,https://static.encyclopedia.warthunder.com/images/us_m4a3e2_76w_sherman_jumbo.png,https://wiki.warthunder.com/unit/us_m4a3e2_76w_sherman_jumbo,2026-07-02T19:05:04.441344+00:00,ok,
us_m4a3e2_sherman_jumbo,M4A3E2,https://static.encyclopedia.warthunder.com/images/us_m4a3e2_sherman_jumbo.png,https://wiki.warthunder.com/unit/us_m4a3e2_sherman_jumbo,2026-07-02T19:05:06.693499+00:00,ok,
us_m4a3e2_sherman_jumbo_cobra_king,Cobra King,https://static.encyclopedia.warthunder.com/images/us_m4a3e2_sherman_jumbo_cobra_king.png,https://wiki.warthunder.com/unit/us_m4a3e2_sherman_jumbo_cobra_king,2026-07-02T19:05:09.297482+00:00,ok,
us_m4a3e8_76w_sherman,M4A3 (76) W,https://static.encyclopedia.warthunder.com/images/us_m4a3e8_76w_sherman.png,https://wiki.warthunder.com/unit/us_m4a3e8_76w_sherman,2026-07-02T19:05:11.564296+00:00,ok,
us_m4a3e8_76w_sherman_kit_3rank,Sherman (Hell),https://static.encyclopedia.warthunder.com/images/us_m4a3e8_76w_sherman_kit_3rank.png,https://wiki.warthunder.com/unit/us_m4a3e8_76w_sherman_kit_3rank,2026-07-02T19:05:13.788517+00:00,ok,
us_m4a5_ram_2,M4A5,https://static.encyclopedia.warthunder.com/images/us_m4a5_ram_2.png,https://wiki.warthunder.com/unit/us_m4a5_ram_2,2026-07-02T19:05:15.619406+00:00,ok,
us_m50_ontos,M50,https://static.encyclopedia.warthunder.com/images/us_m50_ontos.png,https://wiki.warthunder.com/unit/us_m50_ontos,2026-07-02T19:05:17.864392+00:00,ok,
us_m55,M55,https://static.encyclopedia.warthunder.com/images/us_m55.png,https://wiki.warthunder.com/unit/us_m55,2026-07-02T19:05:19.980683+00:00,ok,
us_m551,M551,https://static.encyclopedia.warthunder.com/images/us_m551.png,https://wiki.warthunder.com/unit/us_m551,2026-07-02T19:05:22.622757+00:00,ok,
us_m551_76,M551(76),https://static.encyclopedia.warthunder.com/images/us_m551_76.png,https://wiki.warthunder.com/unit/us_m551_76,2026-07-02T19:05:25.176172+00:00,ok,
us_m56_scorpion,M56,https://static.encyclopedia.warthunder.com/images/us_m56_scorpion.png,https://wiki.warthunder.com/unit/us_m56_scorpion,2026-07-02T19:05:27.608469+00:00,ok,
us_m5a1_stuart,M5A1,https://static.encyclopedia.warthunder.com/images/us_m5a1_stuart.png,https://wiki.warthunder.com/unit/us_m5a1_stuart,2026-07-02T19:05:29.462800+00:00,ok,
us_m5a1_stuart_canadian_5st_arm,Stuart VI (5th CAD),https://static.encyclopedia.warthunder.com/images/us_m5a1_stuart_canadian_5st_arm.png,https://wiki.warthunder.com/unit/us_m5a1_stuart_canadian_5st_arm,2026-07-02T19:05:31.544708+00:00,ok,
us_m5a1_stuart_td,M5A1 TD,https://static.encyclopedia.warthunder.com/images/us_m5a1_stuart_td.png,https://wiki.warthunder.com/unit/us_m5a1_stuart_td,2026-07-02T19:05:34.128768+00:00,ok,
us_m60,M60,https://static.encyclopedia.warthunder.com/images/us_m60.png,https://wiki.warthunder.com/unit/us_m60,2026-07-02T19:05:36.800560+00:00,ok,
us_m60_120s,120S,https://static.encyclopedia.warthunder.com/images/us_m60_120s.png,https://wiki.warthunder.com/unit/us_m60_120s,2026-07-02T19:05:38.775556+00:00,ok,
us_m60a1,M60A1 (AOS),https://static.encyclopedia.warthunder.com/images/us_m60a1.png,https://wiki.warthunder.com/unit/us_m60a1,2026-07-02T19:05:40.973075+00:00,ok,
us_m60a1_rise_passive_era,M60A1 RISE (P),https://static.encyclopedia.warthunder.com/images/us_m60a1_rise_passive_era.png,https://wiki.warthunder.com/unit/us_m60a1_rise_passive_era,2026-07-02T19:05:43.227134+00:00,ok,
us_m60a2,M60A2,https://static.encyclopedia.warthunder.com/images/us_m60a2.png,https://wiki.warthunder.com/unit/us_m60a2,2026-07-02T19:05:45.295198+00:00,ok,
us_m60a3_slep,M60 AMBT,https://static.encyclopedia.warthunder.com/images/us_m60a3_slep.png,https://wiki.warthunder.com/unit/us_m60a3_slep,2026-07-02T19:05:47.194869+00:00,ok,
us_m60a3_tts,M60A3 TTS,https://static.encyclopedia.warthunder.com/images/us_m60a3_tts.png,https://wiki.warthunder.com/unit/us_m60a3_tts,2026-07-02T19:05:49.639931+00:00,ok,
us_m6a1,M6A1,https://static.encyclopedia.warthunder.com/images/us_m6a1.png,https://wiki.warthunder.com/unit/us_m6a1,2026-07-02T19:05:51.912276+00:00,ok,
us_m6a2e1,M6A2E1,https://static.encyclopedia.warthunder.com/images/us_m6a2e1.png,https://wiki.warthunder.com/unit/us_m6a2e1,2026-07-02T19:05:53.909682+00:00,ok,
us_m728,M728 CEV,https://static.encyclopedia.warthunder.com/images/us_m728.png,https://wiki.warthunder.com/unit/us_m728,2026-07-02T19:05:55.824020+00:00,ok,
us_m8_greyhound,M8 LAC,https://static.encyclopedia.warthunder.com/images/us_m8_greyhound.png,https://wiki.warthunder.com/unit/us_m8_greyhound,2026-07-02T19:05:58.010749+00:00,ok,
us_m8_scott,M8 HMC,https://static.encyclopedia.warthunder.com/images/us_m8_scott.png,https://wiki.warthunder.com/unit/us_m8_scott,2026-07-02T19:06:00.367171+00:00,ok,
us_m8a1,M8A1 GMC,https://static.encyclopedia.warthunder.com/images/us_m8a1.png,https://wiki.warthunder.com/unit/us_m8a1,2026-07-02T19:06:02.243010+00:00,ok,
us_m901_itv,M901,https://static.encyclopedia.warthunder.com/images/us_m901_itv.png,https://wiki.warthunder.com/unit/us_m901_itv,2026-07-02T19:06:04.075594+00:00,ok,
us_magach_3,Magach 3 (ERA),https://static.encyclopedia.warthunder.com/images/us_magach_3.png,https://wiki.warthunder.com/unit/us_magach_3,2026-07-02T19:06:05.998745+00:00,ok,
us_mbt_70,MBT-70,https://static.encyclopedia.warthunder.com/images/us_mbt_70.png,https://wiki.warthunder.com/unit/us_mbt_70,2026-07-02T19:06:08.111648+00:00,ok,
us_merkava_mk_1,Merkava Mk.1,https://static.encyclopedia.warthunder.com/images/us_merkava_mk_1.png,https://wiki.warthunder.com/unit/us_merkava_mk_1,2026-07-02T19:06:10.945506+00:00,ok,
us_merkava_mk_2b_late,Merkava Mk.2B,https://static.encyclopedia.warthunder.com/images/us_merkava_mk_2b_late.png,https://wiki.warthunder.com/unit/us_merkava_mk_2b_late,2026-07-02T19:06:13.582614+00:00,ok,
us_merkava_mk_3d,Merkava Mk.3D,https://static.encyclopedia.warthunder.com/images/us_merkava_mk_3d.png,https://wiki.warthunder.com/unit/us_merkava_mk_3d,2026-07-02T19:06:15.829269+00:00,ok,
us_mim_72_chaparral,Imp.Chaparral,https://static.encyclopedia.warthunder.com/images/us_mim_72_chaparral.png,https://wiki.warthunder.com/unit/us_mim_72_chaparral,2026-07-02T19:06:17.775409+00:00,ok,
us_mk1_grant,Grant I,https://static.encyclopedia.warthunder.com/images/us_mk1_grant.png,https://wiki.warthunder.com/unit/us_mk1_grant,2026-07-02T19:06:20.178301+00:00,ok,
us_nasams_fcs,NASAMS 3 (СОЦ),https://static.encyclopedia.warthunder.com/images/us_nasams_fcs.png,https://wiki.warthunder.com/unit/us_nasams_fcs,2026-07-02T19:06:22.079442+00:00,ok,
us_rdf_lt,RDF/LT,https://static.encyclopedia.warthunder.com/images/us_rdf_lt.png,https://wiki.warthunder.com/unit/us_rdf_lt,2026-07-02T19:06:24.021288+00:00,ok,
us_skink_aa,Skink,https://static.encyclopedia.warthunder.com/images/us_skink_aa.png,https://wiki.warthunder.com/unit/us_skink_aa,2026-07-02T19:06:26.444613+00:00,ok,
us_skink_aa_kit_3rank,Skink (Hell),https://static.encyclopedia.warthunder.com/images/us_skink_aa_kit_3rank.png,https://wiki.warthunder.com/unit/us_skink_aa_kit_3rank,2026-07-02T19:06:28.377651+00:00,ok,
us_sl_amraam_fcs,CLAWS (СОЦ),https://static.encyclopedia.warthunder.com/images/us_sl_amraam_fcs.png,https://wiki.warthunder.com/unit/us_sl_amraam_fcs,2026-07-02T19:06:30.875795+00:00,ok,
us_stingray,Stingray,https://static.encyclopedia.warthunder.com/images/us_stingray.png,https://wiki.warthunder.com/unit/us_stingray,2026-07-02T19:06:33.350554+00:00,ok,
us_t114,T114,https://static.encyclopedia.warthunder.com/images/us_t114.png,https://wiki.warthunder.com/unit/us_t114,2026-07-02T19:06:35.676521+00:00,ok,
us_t14,T14,https://static.encyclopedia.warthunder.com/images/us_t14.png,https://wiki.warthunder.com/unit/us_t14,2026-07-02T19:06:38.118211+00:00,ok,
us_t18_e2,T18E2,https://static.encyclopedia.warthunder.com/images/us_t18_e2.png,https://wiki.warthunder.com/unit/us_t18_e2,2026-07-02T19:06:40.288772+00:00,ok,
us_t1e1,T1E1,https://static.encyclopedia.warthunder.com/images/us_t1e1.png,https://wiki.warthunder.com/unit/us_t1e1,2026-07-02T19:06:42.825364+00:00,ok,
us_t1e1_90,T1E1 (90),https://static.encyclopedia.warthunder.com/images/us_t1e1_90.png,https://wiki.warthunder.com/unit/us_t1e1_90,2026-07-02T19:06:45.219699+00:00,ok,
us_t20,T20,https://static.encyclopedia.warthunder.com/images/us_t20.png,https://wiki.warthunder.com/unit/us_t20,2026-07-02T19:06:47.690154+00:00,ok,
us_t25,T25,https://static.encyclopedia.warthunder.com/images/us_t25.png,https://wiki.warthunder.com/unit/us_t25,2026-07-02T19:06:49.804387+00:00,ok,
us_t26e4_superpershing,T26E1-1,https://static.encyclopedia.warthunder.com/images/us_t26e4_superpershing.png,https://wiki.warthunder.com/unit/us_t26e4_superpershing,2026-07-02T19:06:51.746846+00:00,ok,
us_t26e5,T26E5,https://static.encyclopedia.warthunder.com/images/us_t26e5.png,https://wiki.warthunder.com/unit/us_t26e5,2026-07-02T19:06:53.671401+00:00,ok,
us_t28,T28,https://static.encyclopedia.warthunder.com/images/us_t28.png,https://wiki.warthunder.com/unit/us_t28,2026-07-02T19:06:55.701987+00:00,ok,
us_t29,T29,https://static.encyclopedia.warthunder.com/images/us_t29.png,https://wiki.warthunder.com/unit/us_t29,2026-07-02T19:06:58.208524+00:00,ok,
us_t30,T30,https://static.encyclopedia.warthunder.com/images/us_t30.png,https://wiki.warthunder.com/unit/us_t30,2026-07-02T19:07:00.563756+00:00,ok,
us_t32,T32,https://static.encyclopedia.warthunder.com/images/us_t32.png,https://wiki.warthunder.com/unit/us_t32,2026-07-02T19:07:02.586072+00:00,ok,
us_t32e1,T32E1,https://static.encyclopedia.warthunder.com/images/us_t32e1.png,https://wiki.warthunder.com/unit/us_t32e1,2026-07-02T19:07:04.973658+00:00,ok,
us_t34,T34,https://static.encyclopedia.warthunder.com/images/us_t34.png,https://wiki.warthunder.com/unit/us_t34,2026-07-02T19:07:07.036685+00:00,ok,
us_t54e1,T54E1,https://static.encyclopedia.warthunder.com/images/us_t54e1.png,https://wiki.warthunder.com/unit/us_t54e1,2026-07-02T19:07:09.623749+00:00,ok,
us_t54e2,T54E2,https://static.encyclopedia.warthunder.com/images/us_t54e2.png,https://wiki.warthunder.com/unit/us_t54e2,2026-07-02T19:07:11.514210+00:00,ok,
us_t55e1,T55E1,https://static.encyclopedia.warthunder.com/images/us_t55e1.png,https://wiki.warthunder.com/unit/us_t55e1,2026-07-02T19:07:13.675110+00:00,ok,
us_t58,T58,https://static.encyclopedia.warthunder.com/images/us_t58.png,https://wiki.warthunder.com/unit/us_t58,2026-07-02T19:07:16.225452+00:00,ok,
us_t77e1,T77E1,https://static.encyclopedia.warthunder.com/images/us_t77e1.png,https://wiki.warthunder.com/unit/us_t77e1,2026-07-02T19:07:18.038349+00:00,ok,
us_t86,T86,https://static.encyclopedia.warthunder.com/images/us_t86.png,https://wiki.warthunder.com/unit/us_t86,2026-07-02T19:07:20.537153+00:00,ok,
us_t92,T92,https://static.encyclopedia.warthunder.com/images/us_t92.png,https://wiki.warthunder.com/unit/us_t92,2026-07-02T19:07:22.994856+00:00,ok,
us_t95,T95,https://static.encyclopedia.warthunder.com/images/us_t95.png,https://wiki.warthunder.com/unit/us_t95,2026-07-02T19:07:25.480960+00:00,ok,
us_t95e1,T95E1,https://static.encyclopedia.warthunder.com/images/us_t95e1.png,https://wiki.warthunder.com/unit/us_t95e1,2026-07-02T19:07:27.985482+00:00,ok,
us_xm1_chrysler,XM1 (Chrysler),https://static.encyclopedia.warthunder.com/images/us_xm1_chrysler.png,https://wiki.warthunder.com/unit/us_xm1_chrysler,2026-07-02T19:07:30.632069+00:00,ok,
us_xm1_gm,XM1 (GM),https://static.encyclopedia.warthunder.com/images/us_xm1_gm.png,https://wiki.warthunder.com/unit/us_xm1_gm,2026-07-02T19:07:32.937608+00:00,ok,
us_xm246,XM246,https://static.encyclopedia.warthunder.com/images/us_xm246.png,https://wiki.warthunder.com/unit/us_xm246,2026-07-02T19:07:35.153238+00:00,ok,
us_xm_8,XM8,https://static.encyclopedia.warthunder.com/images/us_xm_8.png,https://wiki.warthunder.com/unit/us_xm_8,2026-07-02T19:07:37.105785+00:00,ok,
us_xm_800t,XM800T,https://static.encyclopedia.warthunder.com/images/us_xm_800t.png,https://wiki.warthunder.com/unit/us_xm_800t,2026-07-02T19:07:39.617756+00:00,ok,
us_xm_803,XM803,https://static.encyclopedia.warthunder.com/images/us_xm_803.png,https://wiki.warthunder.com/unit/us_xm_803,2026-07-02T19:07:42.006973+00:00,ok,
us_xm_975_roland,XM975,https://static.encyclopedia.warthunder.com/images/us_xm_975_roland.png,https://wiki.warthunder.com/unit/us_xm_975_roland,2026-07-02T19:07:44.452131+00:00,ok,
ussr_2s1,2S1,https://static.encyclopedia.warthunder.com/images/ussr_2s1.png,https://wiki.warthunder.com/unit/ussr_2s1,2026-07-02T19:07:46.556925+00:00,ok,
ussr_2s19_m1,2С19М1,https://static.encyclopedia.warthunder.com/images/ussr_2s19_m1.png,https://wiki.warthunder.com/unit/ussr_2s19_m1,2026-07-02T19:07:48.523025+00:00,ok,
ussr_2s19_m2,2С19М2,https://static.encyclopedia.warthunder.com/images/ussr_2s19_m2.png,https://wiki.warthunder.com/unit/ussr_2s19_m2,2026-07-02T19:07:50.999296+00:00,ok,
ussr_2s25,2S25,https://static.encyclopedia.warthunder.com/images/ussr_2s25.png,https://wiki.warthunder.com/unit/ussr_2s25,2026-07-02T19:07:53.430461+00:00,ok,
ussr_2s25m,2S25M,https://static.encyclopedia.warthunder.com/images/ussr_2s25m.png,https://wiki.warthunder.com/unit/ussr_2s25m,2026-07-02T19:07:55.729570+00:00,ok,
ussr_2s38,2S38,https://static.encyclopedia.warthunder.com/images/ussr_2s38.png,https://wiki.warthunder.com/unit/ussr_2s38,2026-07-02T19:07:58.143728+00:00,ok,
ussr_2s3m,2S3M,https://static.encyclopedia.warthunder.com/images/ussr_2s3m.png,https://wiki.warthunder.com/unit/ussr_2s3m,2026-07-02T19:08:00.497929+00:00,ok,
ussr_9a33bm3,Оса-АКМ,https://static.encyclopedia.warthunder.com/images/ussr_9a33bm3.png,https://wiki.warthunder.com/unit/ussr_9a33bm3,2026-07-02T19:08:02.958623+00:00,ok,
ussr_9a35_m2,Strela-10M2,https://static.encyclopedia.warthunder.com/images/ussr_9a35_m2.png,https://wiki.warthunder.com/unit/ussr_9a35_m2,2026-07-02T19:08:05.501447+00:00,ok,
ussr_9p149,Shturm-S,https://static.encyclopedia.warthunder.com/images/ussr_9p149.png,https://wiki.warthunder.com/unit/ussr_9p149,2026-07-02T19:08:07.640479+00:00,ok,
ussr_9p157,Khrizantema-S,https://static.encyclopedia.warthunder.com/images/ussr_9p157.png,https://wiki.warthunder.com/unit/ussr_9p157,2026-07-02T19:08:10.012041+00:00,ok,
ussr_a_12_mk_2_matilda_2A_F96,MK-II «Matilda»,https://static.encyclopedia.warthunder.com/images/ussr_a_12_mk_2_matilda_2a_f96.png,https://wiki.warthunder.com/unit/ussr_a_12_mk_2_matilda_2A_F96,2026-07-02T19:08:12.453982+00:00,ok,
ussr_asu_57,ASU-57,https://static.encyclopedia.warthunder.com/images/ussr_asu_57.png,https://wiki.warthunder.com/unit/ussr_asu_57,2026-07-02T19:08:14.426158+00:00,ok,
ussr_asu_85,ASU-85,https://static.encyclopedia.warthunder.com/images/ussr_asu_85.png,https://wiki.warthunder.com/unit/ussr_asu_85,2026-07-02T19:08:16.251191+00:00,ok,
ussr_ba_11,BA-11,https://static.encyclopedia.warthunder.com/images/ussr_ba_11.png,https://wiki.warthunder.com/unit/ussr_ba_11,2026-07-02T19:08:18.335354+00:00,ok,
ussr_bm_13n,BM-13N,https://static.encyclopedia.warthunder.com/images/ussr_bm_13n.png,https://wiki.warthunder.com/unit/ussr_bm_13n,2026-07-02T19:08:20.139852+00:00,ok,
ussr_bm_31_12,BM-31-12,https://static.encyclopedia.warthunder.com/images/ussr_bm_31_12.png,https://wiki.warthunder.com/unit/ussr_bm_31_12,2026-07-02T19:08:22.051452+00:00,ok,
ussr_bm_8_24,BM-8-24,https://static.encyclopedia.warthunder.com/images/ussr_bm_8_24.png,https://wiki.warthunder.com/unit/ussr_bm_8_24,2026-07-02T19:08:24.652812+00:00,ok,
ussr_bmd_4,BMD-4,https://static.encyclopedia.warthunder.com/images/ussr_bmd_4.png,https://wiki.warthunder.com/unit/ussr_bmd_4,2026-07-02T19:08:27.169826+00:00,ok,
ussr_bmd_4m,БМД-4M,https://static.encyclopedia.warthunder.com/images/ussr_bmd_4m.png,https://wiki.warthunder.com/unit/ussr_bmd_4m,2026-07-02T19:08:29.608329+00:00,ok,
ussr_bmd_4m2,БМД-4M2,https://static.encyclopedia.warthunder.com/images/ussr_bmd_4m2.png,https://wiki.warthunder.com/unit/ussr_bmd_4m2,2026-07-02T19:08:32.187989+00:00,ok,
ussr_bmp_1,BMP-1,https://static.encyclopedia.warthunder.com/images/ussr_bmp_1.png,https://wiki.warthunder.com/unit/ussr_bmp_1,2026-07-02T19:08:34.692144+00:00,ok,
ussr_bmp_2,BMP-2,https://static.encyclopedia.warthunder.com/images/ussr_bmp_2.png,https://wiki.warthunder.com/unit/ussr_bmp_2,2026-07-02T19:08:37.132645+00:00,ok,
ussr_bmp_2m,BMP-2M,https://static.encyclopedia.warthunder.com/images/ussr_bmp_2m.png,https://wiki.warthunder.com/unit/ussr_bmp_2m,2026-07-02T19:08:39.815941+00:00,ok,
ussr_bmp_3,BMP-3,https://static.encyclopedia.warthunder.com/images/ussr_bmp_3.png,https://wiki.warthunder.com/unit/ussr_bmp_3,2026-07-02T19:08:41.833551+00:00,ok,
ussr_bmpt,БМПТ,https://static.encyclopedia.warthunder.com/images/ussr_bmpt.png,https://wiki.warthunder.com/unit/ussr_bmpt,2026-07-02T19:08:43.942526+00:00,ok,
ussr_bmpt_72,БМПТ-72,https://static.encyclopedia.warthunder.com/images/ussr_bmpt_72.png,https://wiki.warthunder.com/unit/ussr_bmpt_72,2026-07-02T19:08:46.167150+00:00,ok,
ussr_bt_5,BT-5,https://static.encyclopedia.warthunder.com/images/ussr_bt_5.png,https://wiki.warthunder.com/unit/ussr_bt_5,2026-07-02T19:08:48.039769+00:00,ok,
ussr_bt_7_1937,BT-7,https://static.encyclopedia.warthunder.com/images/ussr_bt_7_1937.png,https://wiki.warthunder.com/unit/ussr_bt_7_1937,2026-07-02T19:08:49.937618+00:00,ok,
ussr_bt_7_1937_td,BT-7 TD,https://static.encyclopedia.warthunder.com/images/ussr_bt_7_1937_td.png,https://wiki.warthunder.com/unit/ussr_bt_7_1937_td,2026-07-02T19:08:52.112187+00:00,ok,
ussr_bt_7_m,BT-7M,https://static.encyclopedia.warthunder.com/images/ussr_bt_7_m.png,https://wiki.warthunder.com/unit/ussr_bt_7_m,2026-07-02T19:08:54.055210+00:00,ok,
ussr_bt_7a_f32,BT-7A (F-32),https://static.encyclopedia.warthunder.com/images/ussr_bt_7a_f32.png,https://wiki.warthunder.com/unit/ussr_bt_7a_f32,2026-07-02T19:08:56.587174+00:00,ok,
ussr_btr_152a,BTR-152A,https://static.encyclopedia.warthunder.com/images/ussr_btr_152a.png,https://wiki.warthunder.com/unit/ussr_btr_152a,2026-07-02T19:08:59.138415+00:00,ok,
ussr_btr_152d,BTR-152D,https://static.encyclopedia.warthunder.com/images/ussr_btr_152d.png,https://wiki.warthunder.com/unit/ussr_btr_152d,2026-07-02T19:09:01.091876+00:00,ok,
ussr_btr_80a,BTR-80A,https://static.encyclopedia.warthunder.com/images/ussr_btr_80a.png,https://wiki.warthunder.com/unit/ussr_btr_80a,2026-07-02T19:09:03.441369+00:00,ok,
ussr_btr_82at,БТР-82АТ,https://static.encyclopedia.warthunder.com/images/ussr_btr_82at.png,https://wiki.warthunder.com/unit/ussr_btr_82at,2026-07-02T19:09:05.599401+00:00,ok,
ussr_btr_zd,BTR-ZD,https://static.encyclopedia.warthunder.com/images/ussr_btr_zd.png,https://wiki.warthunder.com/unit/ussr_btr_zd,2026-07-02T19:09:08.209010+00:00,ok,
ussr_buk_m3_fcs,"9К317М ""БУК-М3"" (СОЦ)",https://static.encyclopedia.warthunder.com/images/ussr_buk_m3_fcs.png,https://wiki.warthunder.com/unit/ussr_buk_m3_fcs,2026-07-02T19:09:10.930555+00:00,ok,
ussr_garford_putilov,Гарфордъ,https://static.encyclopedia.warthunder.com/images/ussr_garford_putilov.png,https://wiki.warthunder.com/unit/ussr_garford_putilov,2026-07-02T19:09:13.000824+00:00,ok,
ussr_gaz_4m,GAZ-AAA (4M),https://static.encyclopedia.warthunder.com/images/ussr_gaz_4m.png,https://wiki.warthunder.com/unit/ussr_gaz_4m,2026-07-02T19:09:15.344245+00:00,ok,
ussr_gaz_dshk,GAZ-AAA (DShK),https://static.encyclopedia.warthunder.com/images/ussr_gaz_dshk.png,https://wiki.warthunder.com/unit/ussr_gaz_dshk,2026-07-02T19:09:17.893742+00:00,ok,
ussr_gaz_mm_72k,GAZ-MM (72-K),https://static.encyclopedia.warthunder.com/images/ussr_gaz_mm_72k.png,https://wiki.warthunder.com/unit/ussr_gaz_mm_72k,2026-07-02T19:09:20.154262+00:00,ok,
ussr_is_1,IS-1,https://static.encyclopedia.warthunder.com/images/ussr_is_1.png,https://wiki.warthunder.com/unit/ussr_is_1,2026-07-02T19:09:22.128715+00:00,ok,
ussr_is_1_kit_3rank,ИС-1 ('45),https://static.encyclopedia.warthunder.com/images/ussr_is_1_kit_3rank.png,https://wiki.warthunder.com/unit/ussr_is_1_kit_3rank,2026-07-02T19:09:24.290391+00:00,ok,
ussr_is_2_1943,IS-2,https://static.encyclopedia.warthunder.com/images/ussr_is_2_1943.png,https://wiki.warthunder.com/unit/ussr_is_2_1943,2026-07-02T19:09:26.974217+00:00,ok,
ussr_is_2_1944,IS-2 (1944),https://static.encyclopedia.warthunder.com/images/ussr_is_2_1944.png,https://wiki.warthunder.com/unit/ussr_is_2_1944,2026-07-02T19:09:29.134151+00:00,ok,
ussr_is_2_1944_321,IS-2 No.321,https://static.encyclopedia.warthunder.com/images/ussr_is_2_1944_321.png,https://wiki.warthunder.com/unit/ussr_is_2_1944_321,2026-07-02T19:09:31.495504+00:00,ok,
ussr_is_2_1944_revenge,"IS-2 ""Revenge""",https://static.encyclopedia.warthunder.com/images/ussr_is_2_1944_revenge.png,https://wiki.warthunder.com/unit/ussr_is_2_1944_revenge,2026-07-02T19:09:33.635274+00:00,ok,
ussr_is_3,IS-3,https://static.encyclopedia.warthunder.com/images/ussr_is_3.png,https://wiki.warthunder.com/unit/ussr_is_3,2026-07-02T19:09:35.513370+00:00,ok,
ussr_is_4m,IS-4M,https://static.encyclopedia.warthunder.com/images/ussr_is_4m.png,https://wiki.warthunder.com/unit/ussr_is_4m,2026-07-02T19:09:38.029060+00:00,ok,
ussr_is_6,IS-6,https://static.encyclopedia.warthunder.com/images/ussr_is_6.png,https://wiki.warthunder.com/unit/ussr_is_6,2026-07-02T19:09:40.588119+00:00,ok,
ussr_is_7,IS-7,https://static.encyclopedia.warthunder.com/images/ussr_is_7.png,https://wiki.warthunder.com/unit/ussr_is_7,2026-07-02T19:09:42.816890+00:00,ok,
ussr_isu_122,ISU-122,https://static.encyclopedia.warthunder.com/images/ussr_isu_122.png,https://wiki.warthunder.com/unit/ussr_isu_122,2026-07-02T19:09:45.155690+00:00,ok,
ussr_isu_122s,ISU-122S,https://static.encyclopedia.warthunder.com/images/ussr_isu_122s.png,https://wiki.warthunder.com/unit/ussr_isu_122s,2026-07-02T19:09:47.672640+00:00,ok,
ussr_isu_152,ISU-152,https://static.encyclopedia.warthunder.com/images/ussr_isu_152.png,https://wiki.warthunder.com/unit/ussr_isu_152,2026-07-02T19:09:50.209584+00:00,ok,
ussr_it_1,IT-1,https://static.encyclopedia.warthunder.com/images/ussr_it_1.png,https://wiki.warthunder.com/unit/ussr_it_1,2026-07-02T19:09:52.526401+00:00,ok,
ussr_kv_122,KV-122,https://static.encyclopedia.warthunder.com/images/ussr_kv_122.png,https://wiki.warthunder.com/unit/ussr_kv_122,2026-07-02T19:09:54.617372+00:00,ok,
ussr_kv_1_L_11,KV-1 (L-11),https://static.encyclopedia.warthunder.com/images/ussr_kv_1_l_11.png,https://wiki.warthunder.com/unit/ussr_kv_1_L_11,2026-07-02T19:09:57.012505+00:00,ok,
ussr_kv_1_zis_5,KV-1 (ZiS-5),https://static.encyclopedia.warthunder.com/images/ussr_kv_1_zis_5.png,https://wiki.warthunder.com/unit/ussr_kv_1_zis_5,2026-07-02T19:09:59.234406+00:00,ok,
ussr_kv_1e,KV-1E,https://static.encyclopedia.warthunder.com/images/ussr_kv_1e.png,https://wiki.warthunder.com/unit/ussr_kv_1e,2026-07-02T19:10:01.647630+00:00,ok,
ussr_kv_1s,KV-1S,https://static.encyclopedia.warthunder.com/images/ussr_kv_1s.png,https://wiki.warthunder.com/unit/ussr_kv_1s,2026-07-02T19:10:03.827666+00:00,ok,
ussr_kv_220,KV-220,https://static.encyclopedia.warthunder.com/images/ussr_kv_220.png,https://wiki.warthunder.com/unit/ussr_kv_220,2026-07-02T19:10:06.291474+00:00,ok,
ussr_kv_2_1939,KV-2 (1939),https://static.encyclopedia.warthunder.com/images/ussr_kv_2_1939.png,https://wiki.warthunder.com/unit/ussr_kv_2_1939,2026-07-02T19:10:08.472222+00:00,ok,
ussr_kv_2_1940,KV-2 (1940),https://static.encyclopedia.warthunder.com/images/ussr_kv_2_1940.png,https://wiki.warthunder.com/unit/ussr_kv_2_1940,2026-07-02T19:10:10.847818+00:00,ok,
ussr_kv_2_zis_6,KV-2 (ZiS-6),https://static.encyclopedia.warthunder.com/images/ussr_kv_2_zis_6.png,https://wiki.warthunder.com/unit/ussr_kv_2_zis_6,2026-07-02T19:10:13.259951+00:00,ok,
ussr_kv_7_u13,KV-7 (U-13),https://static.encyclopedia.warthunder.com/images/ussr_kv_7_u13.png,https://wiki.warthunder.com/unit/ussr_kv_7_u13,2026-07-02T19:10:15.791443+00:00,ok,
ussr_kv_8,КВ-8,https://static.encyclopedia.warthunder.com/images/ussr_kv_8.png,https://wiki.warthunder.com/unit/ussr_kv_8,2026-07-02T19:10:18.140241+00:00,ok,
ussr_kv_85,KV-85,https://static.encyclopedia.warthunder.com/images/ussr_kv_85.png,https://wiki.warthunder.com/unit/ussr_kv_85,2026-07-02T19:10:20.502417+00:00,ok,
ussr_m3c,M3 Medium,https://static.encyclopedia.warthunder.com/images/ussr_m3c.png,https://wiki.warthunder.com/unit/ussr_m3c,2026-07-02T19:10:22.642852+00:00,ok,
ussr_m4a2_76w_sherman,M4A2,https://static.encyclopedia.warthunder.com/images/ussr_m4a2_76w_sherman.png,https://wiki.warthunder.com/unit/ussr_m4a2_76w_sherman,2026-07-02T19:10:24.603070+00:00,ok,
ussr_m53_59,M53/59,https://static.encyclopedia.warthunder.com/images/ussr_m53_59.png,https://wiki.warthunder.com/unit/ussr_m53_59,2026-07-02T19:10:27.036850+00:00,ok,
ussr_object_120,Object 120,https://static.encyclopedia.warthunder.com/images/ussr_object_120.png,https://wiki.warthunder.com/unit/ussr_object_120,2026-07-02T19:10:29.060623+00:00,ok,
ussr_object_140,Object 140,https://static.encyclopedia.warthunder.com/images/ussr_object_140.png,https://wiki.warthunder.com/unit/ussr_object_140,2026-07-02T19:10:31.186835+00:00,ok,
ussr_object_248,Object 248,https://static.encyclopedia.warthunder.com/images/ussr_object_248.png,https://wiki.warthunder.com/unit/ussr_object_248,2026-07-02T19:10:33.568550+00:00,ok,
ussr_object_268,Object 268,https://static.encyclopedia.warthunder.com/images/ussr_object_268.png,https://wiki.warthunder.com/unit/ussr_object_268,2026-07-02T19:10:35.744622+00:00,ok,
ussr_object_279,Object 279,https://static.encyclopedia.warthunder.com/images/ussr_object_279.png,https://wiki.warthunder.com/unit/ussr_object_279,2026-07-02T19:10:38.096256+00:00,ok,
ussr_object_292,Object 292,https://static.encyclopedia.warthunder.com/images/ussr_object_292.png,https://wiki.warthunder.com/unit/ussr_object_292,2026-07-02T19:10:40.441239+00:00,ok,
ussr_object_435,Object 435,https://static.encyclopedia.warthunder.com/images/ussr_object_435.png,https://wiki.warthunder.com/unit/ussr_object_435,2026-07-02T19:10:42.523810+00:00,ok,
ussr_object_685,Object 685,https://static.encyclopedia.warthunder.com/images/ussr_object_685.png,https://wiki.warthunder.com/unit/ussr_object_685,2026-07-02T19:10:44.827618+00:00,ok,
ussr_object_775,Object 775,https://static.encyclopedia.warthunder.com/images/ussr_object_775.png,https://wiki.warthunder.com/unit/ussr_object_775,2026-07-02T19:10:47.510958+00:00,ok,
ussr_object_906,Object 906,https://static.encyclopedia.warthunder.com/images/ussr_object_906.png,https://wiki.warthunder.com/unit/ussr_object_906,2026-07-02T19:10:49.901399+00:00,ok,
ussr_pantsyr_s1,Pantsir-S1,https://static.encyclopedia.warthunder.com/images/ussr_pantsyr_s1.png,https://wiki.warthunder.com/unit/ussr_pantsyr_s1,2026-07-02T19:10:51.779956+00:00,ok,
ussr_pantsyr_sm_sv,Панцирь СМ-СВ,https://static.encyclopedia.warthunder.com/images/ussr_pantsyr_sm_sv.png,https://wiki.warthunder.com/unit/ussr_pantsyr_sm_sv,2026-07-02T19:10:54.273576+00:00,ok,
ussr_pt_76_57,PT-76-57,https://static.encyclopedia.warthunder.com/images/ussr_pt_76_57.png,https://wiki.warthunder.com/unit/ussr_pt_76_57,2026-07-02T19:10:56.574758+00:00,ok,
ussr_pt_76b,PT-76B,https://static.encyclopedia.warthunder.com/images/ussr_pt_76b.png,https://wiki.warthunder.com/unit/ussr_pt_76b,2026-07-02T19:10:58.405306+00:00,ok,
ussr_pzkpfw_III_ausf_J_L42,T-III,https://static.encyclopedia.warthunder.com/images/ussr_pzkpfw_iii_ausf_j_l42.png,https://wiki.warthunder.com/unit/ussr_pzkpfw_III_ausf_J_L42,2026-07-02T19:11:00.567323+00:00,ok,
ussr_pzkpfw_V,T-V,https://static.encyclopedia.warthunder.com/images/ussr_pzkpfw_v.png,https://wiki.warthunder.com/unit/ussr_pzkpfw_V,2026-07-02T19:11:02.423968+00:00,ok,
ussr_rbt_5,RBT-5,https://static.encyclopedia.warthunder.com/images/ussr_rbt_5.png,https://wiki.warthunder.com/unit/ussr_rbt_5,2026-07-02T19:11:04.335637+00:00,ok,
ussr_sdkfz_251_21_kit_3rank,Ганомаг ('45),https://static.encyclopedia.warthunder.com/images/ussr_sdkfz_251_21_kit_3rank.png,https://wiki.warthunder.com/unit/ussr_sdkfz_251_21_kit_3rank,2026-07-02T19:11:06.676608+00:00,ok,
ussr_smk,SMK,https://static.encyclopedia.warthunder.com/images/ussr_smk.png,https://wiki.warthunder.com/unit/ussr_smk,2026-07-02T19:11:08.804758+00:00,ok,
ussr_su_100Y,SU-100Y,https://static.encyclopedia.warthunder.com/images/ussr_su_100y.png,https://wiki.warthunder.com/unit/ussr_su_100Y,2026-07-02T19:11:11.038000+00:00,ok,
ussr_su_100_1945,SU-100,https://static.encyclopedia.warthunder.com/images/ussr_su_100_1945.png,https://wiki.warthunder.com/unit/ussr_su_100_1945,2026-07-02T19:11:12.988335+00:00,ok,
ussr_su_100p,SU-100P,https://static.encyclopedia.warthunder.com/images/ussr_su_100p.png,https://wiki.warthunder.com/unit/ussr_su_100p,2026-07-02T19:11:15.439558+00:00,ok,
ussr_su_122,SU-122,https://static.encyclopedia.warthunder.com/images/ussr_su_122.png,https://wiki.warthunder.com/unit/ussr_su_122,2026-07-02T19:11:17.893936+00:00,ok,
ussr_su_122P,SU-122P,https://static.encyclopedia.warthunder.com/images/ussr_su_122p.png,https://wiki.warthunder.com/unit/ussr_su_122P,2026-07-02T19:11:20.365647+00:00,ok,
ussr_su_122_54,SU-122-54,https://static.encyclopedia.warthunder.com/images/ussr_su_122_54.png,https://wiki.warthunder.com/unit/ussr_su_122_54,2026-07-02T19:11:22.987033+00:00,ok,
ussr_su_152,SU-152,https://static.encyclopedia.warthunder.com/images/ussr_su_152.png,https://wiki.warthunder.com/unit/ussr_su_152,2026-07-02T19:11:25.447559+00:00,ok,
ussr_su_57,SU-57,https://static.encyclopedia.warthunder.com/images/ussr_su_57.png,https://wiki.warthunder.com/unit/ussr_su_57,2026-07-02T19:11:27.779327+00:00,ok,
ussr_su_57b,SU-57B,https://static.encyclopedia.warthunder.com/images/ussr_su_57b.png,https://wiki.warthunder.com/unit/ussr_su_57b,2026-07-02T19:11:29.836262+00:00,ok,
ussr_su_5_1,SU-5-1,https://static.encyclopedia.warthunder.com/images/ussr_su_5_1.png,https://wiki.warthunder.com/unit/ussr_su_5_1,2026-07-02T19:11:32.348583+00:00,ok,
ussr_su_76d,SU-76D,https://static.encyclopedia.warthunder.com/images/ussr_su_76d.png,https://wiki.warthunder.com/unit/ussr_su_76d,2026-07-02T19:11:34.326020+00:00,ok,
ussr_su_76m_1943,SU-76M,https://static.encyclopedia.warthunder.com/images/ussr_su_76m_1943.png,https://wiki.warthunder.com/unit/ussr_su_76m_1943,2026-07-02T19:11:36.912286+00:00,ok,
ussr_su_76m_5st_kav_corps,SU-76M (5th Gv.Kav.Corps),https://static.encyclopedia.warthunder.com/images/ussr_su_76m_5st_kav_corps.png,https://wiki.warthunder.com/unit/ussr_su_76m_5st_kav_corps,2026-07-02T19:11:39.455602+00:00,ok,
ussr_su_85_1943,SU-85,https://static.encyclopedia.warthunder.com/images/ussr_su_85_1943.png,https://wiki.warthunder.com/unit/ussr_su_85_1943,2026-07-02T19:11:41.692879+00:00,ok,
ussr_su_85a,SU-85A,https://static.encyclopedia.warthunder.com/images/ussr_su_85a.png,https://wiki.warthunder.com/unit/ussr_su_85a,2026-07-02T19:11:43.621952+00:00,ok,
ussr_su_85m,SU-85M,https://static.encyclopedia.warthunder.com/images/ussr_su_85m.png,https://wiki.warthunder.com/unit/ussr_su_85m,2026-07-02T19:11:45.626540+00:00,ok,
ussr_t_10a,T-10A,https://static.encyclopedia.warthunder.com/images/ussr_t_10a.png,https://wiki.warthunder.com/unit/ussr_t_10a,2026-07-02T19:11:47.850720+00:00,ok,
ussr_t_10m,T-10M,https://static.encyclopedia.warthunder.com/images/ussr_t_10m.png,https://wiki.warthunder.com/unit/ussr_t_10m,2026-07-02T19:11:49.750048+00:00,ok,
ussr_t_126sp,T-126,https://static.encyclopedia.warthunder.com/images/ussr_t_126sp.png,https://wiki.warthunder.com/unit/ussr_t_126sp,2026-07-02T19:11:52.080453+00:00,ok,
ussr_t_26E,T-26E,https://static.encyclopedia.warthunder.com/images/ussr_t_26e.png,https://wiki.warthunder.com/unit/ussr_t_26E,2026-07-02T19:11:53.990916+00:00,ok,
ussr_t_26_1940,T-26,https://static.encyclopedia.warthunder.com/images/ussr_t_26_1940.png,https://wiki.warthunder.com/unit/ussr_t_26_1940,2026-07-02T19:11:56.050210+00:00,ok,
ussr_t_26_1940_1st_GvTBr,T-26 (1st Gv.T.Br.),https://static.encyclopedia.warthunder.com/images/ussr_t_26_1940_1st_gvtbr.png,https://wiki.warthunder.com/unit/ussr_t_26_1940_1st_GvTBr,2026-07-02T19:11:58.086841+00:00,ok,
ussr_t_26_4,T-26-4,https://static.encyclopedia.warthunder.com/images/ussr_t_26_4.png,https://wiki.warthunder.com/unit/ussr_t_26_4,2026-07-02T19:12:00.495315+00:00,ok,
ussr_t_28,T-28,https://static.encyclopedia.warthunder.com/images/ussr_t_28.png,https://wiki.warthunder.com/unit/ussr_t_28,2026-07-02T19:12:02.938898+00:00,ok,
ussr_t_28E,T-28E,https://static.encyclopedia.warthunder.com/images/ussr_t_28e.png,https://wiki.warthunder.com/unit/ussr_t_28E,2026-07-02T19:12:05.517285+00:00,ok,
ussr_t_28_1938,T-28 (1938),https://static.encyclopedia.warthunder.com/images/ussr_t_28_1938.png,https://wiki.warthunder.com/unit/ussr_t_28_1938,2026-07-02T19:12:08.083364+00:00,ok,
ussr_t_34E,T-34E,https://static.encyclopedia.warthunder.com/images/ussr_t_34e.png,https://wiki.warthunder.com/unit/ussr_t_34E,2026-07-02T19:12:10.349964+00:00,ok,
ussr_t_34E_STZ,T-34E STZ,https://static.encyclopedia.warthunder.com/images/ussr_t_34e_stz.png,https://wiki.warthunder.com/unit/ussr_t_34E_STZ,2026-07-02T19:12:12.472834+00:00,ok,
ussr_t_34_100,T-34-100,https://static.encyclopedia.warthunder.com/images/ussr_t_34_100.png,https://wiki.warthunder.com/unit/ussr_t_34_100,2026-07-02T19:12:14.443368+00:00,ok,
ussr_t_34_1940_l_11,T-34 (Prototype),https://static.encyclopedia.warthunder.com/images/ussr_t_34_1940_l_11.png,https://wiki.warthunder.com/unit/ussr_t_34_1940_l_11,2026-07-02T19:12:16.816499+00:00,ok,
ussr_t_34_1941,T-34 (1941),https://static.encyclopedia.warthunder.com/images/ussr_t_34_1941.png,https://wiki.warthunder.com/unit/ussr_t_34_1941,2026-07-02T19:12:18.688667+00:00,ok,
ussr_t_34_1941_57,T-34-57,https://static.encyclopedia.warthunder.com/images/ussr_t_34_1941_57.png,https://wiki.warthunder.com/unit/ussr_t_34_1941_57,2026-07-02T19:12:21.158046+00:00,ok,
ussr_t_34_1941_cast_turret,T-34 (1st Gv.T.Br.),https://static.encyclopedia.warthunder.com/images/ussr_t_34_1941_cast_turret.png,https://wiki.warthunder.com/unit/ussr_t_34_1941_cast_turret,2026-07-02T19:12:23.058023+00:00,ok,
ussr_t_34_1941_l_11,T-34 (1940),https://static.encyclopedia.warthunder.com/images/ussr_t_34_1941_l_11.png,https://wiki.warthunder.com/unit/ussr_t_34_1941_l_11,2026-07-02T19:12:25.559404+00:00,ok,
ussr_t_34_1942,T-34 (1942),https://static.encyclopedia.warthunder.com/images/ussr_t_34_1942.png,https://wiki.warthunder.com/unit/ussr_t_34_1942,2026-07-02T19:12:27.759666+00:00,ok,
ussr_t_34_57_1943,T-34-57 (1943),https://static.encyclopedia.warthunder.com/images/ussr_t_34_57_1943.png,https://wiki.warthunder.com/unit/ussr_t_34_57_1943,2026-07-02T19:12:30.076584+00:00,ok,
ussr_t_34_85E,T-34-85E,https://static.encyclopedia.warthunder.com/images/ussr_t_34_85e.png,https://wiki.warthunder.com/unit/ussr_t_34_85E,2026-07-02T19:12:31.922607+00:00,ok,
ussr_t_34_85_d_5t,T-34-85 (D-5T),https://static.encyclopedia.warthunder.com/images/ussr_t_34_85_d_5t.png,https://wiki.warthunder.com/unit/ussr_t_34_85_d_5t,2026-07-02T19:12:34.092343+00:00,ok,
ussr_t_34_85_stp_s53,Т-34-85 (СТП),https://static.encyclopedia.warthunder.com/images/ussr_t_34_85_stp_s53.png,https://wiki.warthunder.com/unit/ussr_t_34_85_stp_s53,2026-07-02T19:12:36.075239+00:00,ok,
ussr_t_34_85_zis_53,T-34-85,https://static.encyclopedia.warthunder.com/images/ussr_t_34_85_zis_53.png,https://wiki.warthunder.com/unit/ussr_t_34_85_zis_53,2026-07-02T19:12:38.456259+00:00,ok,
ussr_t_34_85_zis_53_kit_3rank,Т-34-85 ('45),https://static.encyclopedia.warthunder.com/images/ussr_t_34_85_zis_53_kit_3rank.png,https://wiki.warthunder.com/unit/ussr_t_34_85_zis_53_kit_3rank,2026-07-02T19:12:40.701677+00:00,ok,
ussr_t_34_85_zis_53_v80,"Т-34-85 ""Партизан""",https://static.encyclopedia.warthunder.com/images/ussr_t_34_85_zis_53_v80.png,https://wiki.warthunder.com/unit/ussr_t_34_85_zis_53_v80,2026-07-02T19:12:42.983826+00:00,ok,
ussr_t_35,T-35,https://static.encyclopedia.warthunder.com/images/ussr_t_35.png,https://wiki.warthunder.com/unit/ussr_t_35,2026-07-02T19:12:45.188079+00:00,ok,
ussr_t_44,T-44,https://static.encyclopedia.warthunder.com/images/ussr_t_44.png,https://wiki.warthunder.com/unit/ussr_t_44,2026-07-02T19:12:47.521619+00:00,ok,
ussr_t_44_100,T-44-100,https://static.encyclopedia.warthunder.com/images/ussr_t_44_100.png,https://wiki.warthunder.com/unit/ussr_t_44_100,2026-07-02T19:12:49.950529+00:00,ok,
ussr_t_44_122,T-44-122,https://static.encyclopedia.warthunder.com/images/ussr_t_44_122.png,https://wiki.warthunder.com/unit/ussr_t_44_122,2026-07-02T19:12:52.453379+00:00,ok,
ussr_t_44_po,Т-44(ПМ),https://static.encyclopedia.warthunder.com/images/ussr_t_44_po.png,https://wiki.warthunder.com/unit/ussr_t_44_po,2026-07-02T19:12:54.432386+00:00,ok,
ussr_t_50,T-50,https://static.encyclopedia.warthunder.com/images/ussr_t_50.png,https://wiki.warthunder.com/unit/ussr_t_50,2026-07-02T19:12:56.803855+00:00,ok,
ussr_t_54_1947,T-54 (1947),https://static.encyclopedia.warthunder.com/images/ussr_t_54_1947.png,https://wiki.warthunder.com/unit/ussr_t_54_1947,2026-07-02T19:12:59.104525+00:00,ok,
ussr_t_54_1949,T-54 (1949),https://static.encyclopedia.warthunder.com/images/ussr_t_54_1949.png,https://wiki.warthunder.com/unit/ussr_t_54_1949,2026-07-02T19:13:01.266024+00:00,ok,
ussr_t_54_1951,T-54 (1951),https://static.encyclopedia.warthunder.com/images/ussr_t_54_1951.png,https://wiki.warthunder.com/unit/ussr_t_54_1951,2026-07-02T19:13:03.378125+00:00,ok,
ussr_t_55_am,T-55AM-1,https://static.encyclopedia.warthunder.com/images/ussr_t_55_am.png,https://wiki.warthunder.com/unit/ussr_t_55_am,2026-07-02T19:13:06.150871+00:00,ok,
ussr_t_55_amd_1,T-55AMD-1,https://static.encyclopedia.warthunder.com/images/ussr_t_55_amd_1.png,https://wiki.warthunder.com/unit/ussr_t_55_amd_1,2026-07-02T19:13:08.269301+00:00,ok,
ussr_t_55a,T-55A,https://static.encyclopedia.warthunder.com/images/ussr_t_55a.png,https://wiki.warthunder.com/unit/ussr_t_55a,2026-07-02T19:13:10.840999+00:00,ok,
ussr_t_60_1941,T-60,https://static.encyclopedia.warthunder.com/images/ussr_t_60_1941.png,https://wiki.warthunder.com/unit/ussr_t_60_1941,2026-07-02T19:13:13.150192+00:00,ok,
ussr_t_62,T-62,https://static.encyclopedia.warthunder.com/images/ussr_t_62.png,https://wiki.warthunder.com/unit/ussr_t_62,2026-07-02T19:13:15.293687+00:00,ok,
ussr_t_62m1,T-62M-1,https://static.encyclopedia.warthunder.com/images/ussr_t_62m1.png,https://wiki.warthunder.com/unit/ussr_t_62m1,2026-07-02T19:13:18.059643+00:00,ok,
ussr_t_64_b_1984,T-64B,https://static.encyclopedia.warthunder.com/images/ussr_t_64_b_1984.png,https://wiki.warthunder.com/unit/ussr_t_64_b_1984,2026-07-02T19:13:20.391734+00:00,ok,
ussr_t_64a_1971,T-64A (1971),https://static.encyclopedia.warthunder.com/images/ussr_t_64a_1971.png,https://wiki.warthunder.com/unit/ussr_t_64a_1971,2026-07-02T19:13:22.905939+00:00,ok,
ussr_t_70_1942,T-70,https://static.encyclopedia.warthunder.com/images/ussr_t_70_1942.png,https://wiki.warthunder.com/unit/ussr_t_70_1942,2026-07-02T19:13:24.933981+00:00,ok,
ussr_t_72a,T-72A,https://static.encyclopedia.warthunder.com/images/ussr_t_72a.png,https://wiki.warthunder.com/unit/ussr_t_72a,2026-07-02T19:13:27.193555+00:00,ok,
ussr_t_72av_turms,T-72AV (TURMS-T),https://static.encyclopedia.warthunder.com/images/ussr_t_72av_turms.png,https://wiki.warthunder.com/unit/ussr_t_72av_turms,2026-07-02T19:13:29.429180+00:00,ok,
ussr_t_72b,T-72B,https://static.encyclopedia.warthunder.com/images/ussr_t_72b.png,https://wiki.warthunder.com/unit/ussr_t_72b,2026-07-02T19:13:31.747387+00:00,ok,
ussr_t_72b3_2011,T-72B3,https://static.encyclopedia.warthunder.com/images/ussr_t_72b3_2011.png,https://wiki.warthunder.com/unit/ussr_t_72b3_2011,2026-07-02T19:13:33.847342+00:00,ok,
ussr_t_72b3_arena,"Т-72Б3 ""Арена""",https://static.encyclopedia.warthunder.com/images/ussr_t_72b3_arena.png,https://wiki.warthunder.com/unit/ussr_t_72b3_arena,2026-07-02T19:13:36.309491+00:00,ok,
ussr_t_72b3_arena_m,Т-72Б3А,https://static.encyclopedia.warthunder.com/images/ussr_t_72b3_arena_m.png,https://wiki.warthunder.com/unit/ussr_t_72b3_arena_m,2026-07-02T19:13:38.915907+00:00,ok,
ussr_t_72b_1989,T-72B (1989),https://static.encyclopedia.warthunder.com/images/ussr_t_72b_1989.png,https://wiki.warthunder.com/unit/ussr_t_72b_1989,2026-07-02T19:13:41.171220+00:00,ok,
ussr_t_72m2_moderna,T-72M2 Moderna,https://static.encyclopedia.warthunder.com/images/ussr_t_72m2_moderna.png,https://wiki.warthunder.com/unit/ussr_t_72m2_moderna,2026-07-02T19:13:43.742278+00:00,ok,
ussr_t_80,T-80,https://static.encyclopedia.warthunder.com/images/ussr_t_80.png,https://wiki.warthunder.com/unit/ussr_t_80,2026-07-02T19:13:46.115761+00:00,ok,
ussr_t_80b,T-80B,https://static.encyclopedia.warthunder.com/images/ussr_t_80b.png,https://wiki.warthunder.com/unit/ussr_t_80b,2026-07-02T19:13:48.799325+00:00,ok,
ussr_t_80bvm,T-80BVM,https://static.encyclopedia.warthunder.com/images/ussr_t_80bvm.png,https://wiki.warthunder.com/unit/ussr_t_80bvm,2026-07-02T19:13:51.457057+00:00,ok,
ussr_t_80u,T-80U,https://static.encyclopedia.warthunder.com/images/ussr_t_80u.png,https://wiki.warthunder.com/unit/ussr_t_80u,2026-07-02T19:13:54.089558+00:00,ok,
ussr_t_80u_yt_cup_2019,␙T-80U,https://static.encyclopedia.warthunder.com/images/ussr_t_80u_yt_cup_2019.png,https://wiki.warthunder.com/unit/ussr_t_80u_yt_cup_2019,2026-07-02T19:13:56.153507+00:00,ok,
ussr_t_80ud,T-80UD,https://static.encyclopedia.warthunder.com/images/ussr_t_80ud.png,https://wiki.warthunder.com/unit/ussr_t_80ud,2026-07-02T19:13:58.725192+00:00,ok,
ussr_t_80ue1,Т-80U-Е1,https://static.encyclopedia.warthunder.com/images/ussr_t_80ue1.png,https://wiki.warthunder.com/unit/ussr_t_80ue1,2026-07-02T19:14:01.333853+00:00,ok,
ussr_t_80ue1_sm,◍Т-80У-Е1,https://static.encyclopedia.warthunder.com/images/ussr_t_80ue1_sm.png,https://wiki.warthunder.com/unit/ussr_t_80ue1_sm,2026-07-02T19:14:03.525917+00:00,ok,
ussr_t_80uk,T-80UK,https://static.encyclopedia.warthunder.com/images/ussr_t_80uk.png,https://wiki.warthunder.com/unit/ussr_t_80uk,2026-07-02T19:14:05.847623+00:00,ok,
ussr_t_80um2,T-80UM2,https://static.encyclopedia.warthunder.com/images/ussr_t_80um2.png,https://wiki.warthunder.com/unit/ussr_t_80um2,2026-07-02T19:14:08.250635+00:00,ok,
ussr_t_90a,Т-90А,https://static.encyclopedia.warthunder.com/images/ussr_t_90a.png,https://wiki.warthunder.com/unit/ussr_t_90a,2026-07-02T19:14:10.324483+00:00,ok,
ussr_t_90m_2020,T-90M,https://static.encyclopedia.warthunder.com/images/ussr_t_90m_2020.png,https://wiki.warthunder.com/unit/ussr_t_90m_2020,2026-07-02T19:14:12.676479+00:00,ok,
ussr_to_55,TO-55,https://static.encyclopedia.warthunder.com/images/ussr_to_55.png,https://wiki.warthunder.com/unit/ussr_to_55,2026-07-02T19:14:14.732022+00:00,ok,
ussr_tor_m1,Toр-M1,https://static.encyclopedia.warthunder.com/images/ussr_tor_m1.png,https://wiki.warthunder.com/unit/ussr_tor_m1,2026-07-02T19:14:16.941787+00:00,ok,
ussr_type_62,Type 62,https://static.encyclopedia.warthunder.com/images/ussr_type_62.png,https://wiki.warthunder.com/unit/ussr_type_62,2026-07-02T19:14:18.857778+00:00,ok,
ussr_type_65_aa,Phòng không T-34,https://static.encyclopedia.warthunder.com/images/ussr_type_65_aa.png,https://wiki.warthunder.com/unit/ussr_type_65_aa,2026-07-02T19:14:21.158015+00:00,ok,
ussr_valentine_mk_9,"МК-IX ""Valentine""",https://static.encyclopedia.warthunder.com/images/uk_valentine_mk_9.png,https://wiki.warthunder.com/unit/ussr_valentine_mk_9,2026-07-02T19:14:23.331743+00:00,ok,
ussr_zis_12_94KM_1945,ZiS-12 (94-KM),https://static.encyclopedia.warthunder.com/images/ussr_zis_12_94km_1945.png,https://wiki.warthunder.com/unit/ussr_zis_12_94KM_1945,2026-07-02T19:14:25.264256+00:00,ok,
ussr_zis_30,ZiS-30,https://static.encyclopedia.warthunder.com/images/ussr_zis_30.png,https://wiki.warthunder.com/unit/ussr_zis_30,2026-07-02T19:14:27.844955+00:00,ok,
ussr_zis_43,ZiS-43,https://static.encyclopedia.warthunder.com/images/ussr_zis_43.png,https://wiki.warthunder.com/unit/ussr_zis_43,2026-07-02T19:14:29.906786+00:00,ok,
ussr_zprk_2s6,2S6,https://static.encyclopedia.warthunder.com/images/ussr_zprk_2s6.png,https://wiki.warthunder.com/unit/ussr_zprk_2s6,2026-07-02T19:14:32.539832+00:00,ok,
ussr_zsu_23_4,ZSU-23-4,https://static.encyclopedia.warthunder.com/images/ussr_zsu_23_4.png,https://wiki.warthunder.com/unit/ussr_zsu_23_4,2026-07-02T19:14:35.083881+00:00,ok,
ussr_zsu_23_4m2,ЗСУ-23-4М2,https://static.encyclopedia.warthunder.com/images/ussr_zsu_23_4m2.png,https://wiki.warthunder.com/unit/ussr_zsu_23_4m2,2026-07-02T19:14:37.355525+00:00,ok,
ussr_zsu_23_4m4,ZSU-23-4M4,https://static.encyclopedia.warthunder.com/images/ussr_zsu_23_4m4.png,https://wiki.warthunder.com/unit/ussr_zsu_23_4m4,2026-07-02T19:14:39.704552+00:00,ok,
ussr_zsu_29k,YaG-10 (29-K),https://static.encyclopedia.warthunder.com/images/ussr_zsu_29k.png,https://wiki.warthunder.com/unit/ussr_zsu_29k,2026-07-02T19:14:41.656086+00:00,ok,
ussr_zsu_37,ZSU-37,https://static.encyclopedia.warthunder.com/images/ussr_zsu_37.png,https://wiki.warthunder.com/unit/ussr_zsu_37,2026-07-02T19:14:43.765248+00:00,ok,
ussr_zsu_37_2,ZSU-37-2,https://static.encyclopedia.warthunder.com/images/ussr_zsu_37_2.png,https://wiki.warthunder.com/unit/ussr_zsu_37_2,2026-07-02T19:14:45.612319+00:00,ok,
ussr_zsu_57_2,ZSU-57-2,https://static.encyclopedia.warthunder.com/images/ussr_zsu_57_2.png,https://wiki.warthunder.com/unit/ussr_zsu_57_2,2026-07-02T19:14:47.526527+00:00,ok,
ussr_zut_37,ZUT-37,https://static.encyclopedia.warthunder.com/images/ussr_zut_37.png,https://wiki.warthunder.com/unit/ussr_zut_37,2026-07-02T19:14:49.907348+00:00,ok,
