snapshot_date,vehicle_id,vehicle_slug,vehicle_name,vehicle_url,index_type,index_type_code,index_role,index_role_code,index_country,index_mode,index_rank,index_battles,index_win_rate,index_efficiency,search,pic,pulled_at
2026-10-07,3351,ussr_t_80ue1,Т-80U-Е1,https://thunderskill.com/en/vehicle/ussr_t_80ue1,Ground forces,2,Medium Tank,medium_tank,USSR,R,7,3275,46.53967741935483,66.58032258064517,Т-80U-Е1 ussr_t_80ue1 Medium Tank,https://thunderskill.com/vehimgs/ussr_t_80ue1.png,2026-10-07T10:00:04.947358+00:00
2026-10-07,2844,ussr_t_80bvm,T-80BVM,https://thunderskill.com/en/vehicle/ussr_t_80bvm,Ground forces,2,Medium Tank,medium_tank,USSR,R,8,2718,51.270645161290325,70.34677419354838,T-80BVM ussr_t_80bvm Medium Tank,https://thunderskill.com/vehimgs/ussr_t_80bvm.png,2026-10-07T10:00:04.947358+00:00
2026-10-07,1807,us_t29,T29,https://thunderskill.com/en/vehicle/us_t29,Ground forces,2,Heavy Tank,heavy_tank,USA,R,4,2597,57.524193548387096,82.04129032258065,T29 us_t29 Heavy Tank,https://thunderskill.com/vehimgs/us_t29.png,2026-10-07T10:00:04.947358+00:00
2026-10-07,3296,us_m1a1_hc_usmc,M1A1 Click-Bait,https://thunderskill.com/en/vehicle/us_m1a1_hc_usmc,Ground forces,2,Medium Tank,medium_tank,USA,R,7,2363,60.20741935483871,70.9193548387097,M1A1 Click-Bait us_m1a1_hc_usmc Medium Tank,https://thunderskill.com/vehimgs/us_m1a1_hc_usmc.png,2026-10-07T10:00:04.947358+00:00
2026-10-07,3346,us_xm_800t,XM800T,https://thunderskill.com/en/vehicle/us_xm_800t,Ground forces,2,Light Tank,light_tank,USA,R,5,2261,55.72967741935484,62.295483870967736,XM800T us_xm_800t Light Tank,https://thunderskill.com/vehimgs/us_xm_800t.png,2026-10-07T10:00:04.947358+00:00
2026-10-07,1472,us_m18_hellcat,M18 GMC,https://thunderskill.com/en/vehicle/us_m18_hellcat,Ground forces,2,Light Tank,light_tank,USA,R,3,2165,55.3574193548387,64.44096774193548,M18 GMC us_m18_hellcat Light Tank,https://thunderskill.com/vehimgs/us_m18_hellcat.png,2026-10-07T10:00:04.947358+00:00
2026-10-07,1851,us_t20,T20,https://thunderskill.com/en/vehicle/us_t20,Ground forces,2,Medium Tank,medium_tank,USA,R,4,2033,73.4158064516129,89.68387096774192,T20 us_t20 Medium Tank,https://thunderskill.com/vehimgs/us_t20.png,2026-10-07T10:00:04.947358+00:00
2026-10-07,3311,ussr_t_80ud,T-80UD,https://thunderskill.com/en/vehicle/ussr_t_80ud,Ground forces,2,Medium Tank,medium_tank,USSR,R,7,1982,48.32709677419353,70.24161290322581,T-80UD ussr_t_80ud Medium Tank,https://thunderskill.com/vehimgs/ussr_t_80ud.png,2026-10-07T10:00:04.947358+00:00
2026-10-07,1994,germ_kpz_70,KPz-70,https://thunderskill.com/en/vehicle/germ_kpz_70,Ground forces,2,Medium Tank,medium_tank,GERMANY,R,6,1966,51.972903225806455,61.82967741935484,KPz-70 germ_kpz_70 Medium Tank,https://thunderskill.com/vehimgs/germ_kpz_70.png,2026-10-07T10:00:04.947358+00:00
2026-10-07,3587,us_m1a1_hc_usmc_sm,◍M1A1 HC,https://thunderskill.com/en/vehicle/us_m1a1_hc_usmc_sm,Ground forces,2,other,other,USA,R,7,1697,59.22870967741937,78.61419354838708,◍M1A1 HC us_m1a1_hc_usmc_sm other,,2026-10-07T10:00:04.947358+00:00
2026-10-07,3310,jp_type_90b_camo,"Type 90 (B) ""Fuji""",https://thunderskill.com/en/vehicle/jp_type_90b_camo,Ground forces,2,Medium Tank,medium_tank,JAPAN,R,7,1657,51.990645161290324,74.4674193548387,"Type 90 (B) ""Fuji"" jp_type_90b_camo Medium Tank",https://thunderskill.com/vehimgs/jp_type_90b_camo.png,2026-10-07T10:00:04.947358+00:00
2026-10-07,3448,ussr_bmd_4m,БМД-4M,https://thunderskill.com/en/vehicle/ussr_bmd_4m,Ground forces,2,Light Tank,light_tank,USSR,R,6,1636,42.36290322580645,61.856129032258075,БМД-4M ussr_bmd_4m Light Tank,,2026-10-07T10:00:04.947358+00:00
2026-10-07,1161,germ_pzkpfw_VI_ausf_b_tiger_IIh,Tiger II (H),https://thunderskill.com/en/vehicle/germ_pzkpfw_VI_ausf_b_tiger_IIh,Ground forces,2,Heavy Tank,heavy_tank,GERMANY,R,4,1598,49.187741935483864,75.99258064516128,Tiger II (H) germ_pzkpfw_VI_ausf_b_tiger_IIh Heavy Tank,https://thunderskill.com/vehimgs/germ_pzkpfw_vi_ausf_b_tiger_iih.png,2026-10-07T10:00:04.947358+00:00
2026-10-07,3285,germ_leopard_2a7v,Leopard 2A7V,https://thunderskill.com/en/vehicle/germ_leopard_2a7v,Ground forces,2,Medium Tank,medium_tank,GERMANY,R,8,1589,54.66096774193549,73.81580645161291,Leopard 2A7V germ_leopard_2a7v Medium Tank,https://thunderskill.com/vehimgs/germ_leopard_2a7v.png,2026-10-07T10:00:04.947358+00:00
2026-10-07,2960,germ_erprobungstrager_3_achs_turm,Turm III,https://thunderskill.com/en/vehicle/germ_erprobungstrager_3_achs_turm,Ground forces,2,Medium Tank,medium_tank,GERMANY,R,5,1570,42.08387096774193,79.11935483870967,Turm III germ_erprobungstrager_3_achs_turm Medium Tank,https://thunderskill.com/vehimgs/germ_erprobungstrager_3_achs_turm.png,2026-10-07T10:00:04.947358+00:00
2026-10-07,3348,germ_leopard_2a4m_can,Leopard 2A4M,https://thunderskill.com/en/vehicle/germ_leopard_2a4m_can,Ground forces,2,Medium Tank,medium_tank,GERMANY,R,7,1532,49.08064516129032,73.99032258064517,Leopard 2A4M germ_leopard_2a4m_can Medium Tank,https://thunderskill.com/vehimgs/germ_leopard_2a4m_can.png,2026-10-07T10:00:04.947358+00:00
2026-10-07,2043,jp_type_5_ho_ri_production,Ho-Ri Production,https://thunderskill.com/en/vehicle/jp_type_5_ho_ri_production,Ground forces,2,Tank Destroyer,tank_destroyer,JAPAN,R,5,1453,71.8616129032258,88.61032258064517,Ho-Ri Production jp_type_5_ho_ri_production Tank Destroyer,https://thunderskill.com/vehimgs/jp_type_5_ho_ri_production.png,2026-10-07T10:00:04.947358+00:00
2026-10-07,1660,germ_leopard_I,Leopard I,https://thunderskill.com/en/vehicle/germ_leopard_I,Ground forces,2,Medium Tank,medium_tank,GERMANY,R,5,1384,32.05129032258065,47.983548387096775,Leopard I germ_leopard_I Medium Tank,https://thunderskill.com/vehimgs/germ_leopard_i.png,2026-10-07T10:00:04.947358+00:00
2026-10-07,1984,us_mbt_70,MBT-70,https://thunderskill.com/en/vehicle/us_mbt_70,Ground forces,2,Medium Tank,medium_tank,USA,R,6,1341,55.32870967741936,67.5483870967742,MBT-70 us_mbt_70 Medium Tank,https://thunderskill.com/vehimgs/us_mbt_70.png,2026-10-07T10:00:04.947358+00:00
2026-10-07,3615,ussr_bmpt,БМПТ,https://thunderskill.com/en/vehicle/ussr_bmpt,Ground forces,2,other,other,USSR,R,7,1341,47.759032258064515,60.490000000000016,БМПТ ussr_bmpt other,,2026-10-07T10:00:04.947358+00:00
2026-10-07,2613,sw_cv_90105_tml,CV 90105,https://thunderskill.com/en/vehicle/sw_cv_90105_tml,Ground forces,2,Light Tank,light_tank,SWEDEN,R,7,1317,60.42806451612902,72.45612903225805,CV 90105 sw_cv_90105_tml Light Tank,https://thunderskill.com/vehimgs/sw_cv_90105_tml.png,2026-10-07T10:00:04.947358+00:00
2026-10-07,2897,us_t26e5,T26E5,https://thunderskill.com/en/vehicle/us_t26e5,Ground forces,2,Heavy Tank,heavy_tank,USA,R,4,1311,57.97032258064516,77.93709677419355,T26E5 us_t26e5 Heavy Tank,https://thunderskill.com/vehimgs/us_t26e5.png,2026-10-07T10:00:04.947358+00:00
2026-10-07,2660,us_hstv_l,HSTV-L,https://thunderskill.com/en/vehicle/us_hstv_l,Ground forces,2,Light Tank,light_tank,USA,R,7,1297,57.41870967741935,65.2967741935484,HSTV-L us_hstv_l Light Tank,https://thunderskill.com/vehimgs/us_hstv_l.png,2026-10-07T10:00:04.947358+00:00
2026-10-07,1845,germ_flakpz_I_Gepard,Gepard,https://thunderskill.com/en/vehicle/germ_flakpz_I_Gepard,Ground forces,2,SPAA,spaa,GERMANY,R,6,1289,34.79645161290322,54.0241935483871,Gepard germ_flakpz_I_Gepard SPAA,https://thunderskill.com/vehimgs/germ_flakpz_i_gepard.png,2026-10-07T10:00:04.947358+00:00
2026-10-07,1950,ussr_t_55a,T-55A,https://thunderskill.com/en/vehicle/ussr_t_55a,Ground forces,2,Medium Tank,medium_tank,USSR,R,6,1272,49.54741935483871,67.58258064516129,T-55A ussr_t_55a Medium Tank,https://thunderskill.com/vehimgs/ussr_t_55a.png,2026-10-07T10:00:04.947358+00:00
2026-10-07,3694,us_m1a2_sep2_abrams_trophy,M1A2 (Trophy-HV),https://thunderskill.com/en/vehicle/us_m1a2_sep2_abrams_trophy,Ground forces,2,other,other,USA,R,8,1269,58.29903225806453,74.87774193548387,M1A2 (Trophy-HV) us_m1a2_sep2_abrams_trophy other,,2026-10-07T10:00:04.947358+00:00
2026-10-07,2145,us_xm_803,XM803,https://thunderskill.com/en/vehicle/us_xm_803,Ground forces,2,Medium Tank,medium_tank,USA,R,6,1258,60.80612903225805,75.66806451612904,XM803 us_xm_803 Medium Tank,https://thunderskill.com/vehimgs/us_xm_803.png,2026-10-07T10:00:04.947358+00:00
2026-10-07,1848,germ_leopard_I_a1,Leopard A1A1,https://thunderskill.com/en/vehicle/germ_leopard_I_a1,Ground forces,2,Medium Tank,medium_tank,GERMANY,R,6,1245,42.25161290322579,59.60774193548387,Leopard A1A1 germ_leopard_I_a1 Medium Tank,https://thunderskill.com/vehimgs/germ_leopard_i_a1.png,2026-10-07T10:00:04.947358+00:00
2026-10-07,3695,us_m1a2_sep3_abrams,M1A2 SEPv3,https://thunderskill.com/en/vehicle/us_m1a2_sep3_abrams,Ground forces,2,other,other,USA,R,8,1236,57.95451612903226,82.88709677419355,M1A2 SEPv3 us_m1a2_sep3_abrams other,,2026-10-07T10:00:04.947358+00:00
2026-10-07,3588,ussr_t_80ue1_sm,◍Т-80У-Е1,https://thunderskill.com/en/vehicle/ussr_t_80ue1_sm,Ground forces,2,other,other,USSR,R,7,1225,47.39129032258064,60.342580645161306,◍Т-80У-Е1 ussr_t_80ue1_sm other,,2026-10-07T10:00:04.947358+00:00
2026-10-07,2321,ussr_t_72a,T-72A,https://thunderskill.com/en/vehicle/ussr_t_72a,Ground forces,2,Medium Tank,medium_tank,USSR,R,6,1215,40.318709677419356,67.01290322580645,T-72A ussr_t_72a Medium Tank,https://thunderskill.com/vehimgs/ussr_t_72a.png,2026-10-07T10:00:04.947358+00:00
2026-10-07,3176,germ_kpz_t72m1,◊T-72M1,https://thunderskill.com/en/vehicle/germ_kpz_t72m1,Ground forces,2,Medium Tank,medium_tank,GERMANY,R,6,1212,47.462258064516135,66.34387096774195,◊T-72M1 germ_kpz_t72m1 Medium Tank,https://thunderskill.com/vehimgs/germ_kpz_t72m1.png,2026-10-07T10:00:04.947358+00:00
2026-10-07,2149,us_xm1_gm,XM1 (GM),https://thunderskill.com/en/vehicle/us_xm1_gm,Ground forces,2,Medium Tank,medium_tank,USA,R,6,1211,62.28451612903225,85.23612903225806,XM1 (GM) us_xm1_gm Medium Tank,https://thunderskill.com/vehimgs/us_xm1_gm.png,2026-10-07T10:00:04.947358+00:00
2026-10-07,3616,ussr_bmpt_72,БМПТ-72,https://thunderskill.com/en/vehicle/ussr_bmpt_72,Ground forces,2,other,other,USSR,R,7,1206,48.16612903225806,58.8806451612903,БМПТ-72 ussr_bmpt_72 other,,2026-10-07T10:00:04.947358+00:00
2026-10-07,1873,ussr_object_906,Object 906,https://thunderskill.com/en/vehicle/ussr_object_906,Ground forces,2,Light Tank,light_tank,USSR,R,5,1193,58.014516129032266,71.4232258064516,Object 906 ussr_object_906 Light Tank,https://thunderskill.com/vehimgs/ussr_object_906.png,2026-10-07T10:00:04.947358+00:00
2026-10-07,3194,us_m1_abrams_kvt,M1 KVT,https://thunderskill.com/en/vehicle/us_m1_abrams_kvt,Ground forces,2,Medium Tank,medium_tank,USA,R,7,1188,53.7041935483871,74.65999999999998,M1 KVT us_m1_abrams_kvt Medium Tank,https://thunderskill.com/vehimgs/us_m1_abrams_kvt.png,2026-10-07T10:00:04.947358+00:00
2026-10-07,3288,us_m1a2_sep2_abrams,M1A2 SEP V2,https://thunderskill.com/en/vehicle/us_m1a2_sep2_abrams,Ground forces,2,Medium Tank,medium_tank,USA,R,8,1172,52.754838709677415,70.70677419354838,M1A2 SEP V2 us_m1a2_sep2_abrams Medium Tank,https://thunderskill.com/vehimgs/us_m1a2_sep2_abrams.png,2026-10-07T10:00:04.947358+00:00
2026-10-07,1219,ussr_t_44_100,T-44-100,https://thunderskill.com/en/vehicle/ussr_t_44_100,Ground forces,2,Medium Tank,medium_tank,USSR,R,5,1150,49.064838709677424,68.07612903225807,T-44-100 ussr_t_44_100 Medium Tank,https://thunderskill.com/vehimgs/ussr_t_44_100.png,2026-10-07T10:00:04.947358+00:00
2026-10-07,3487,us_xm246,XM246,https://thunderskill.com/en/vehicle/us_xm246,Ground forces,2,SPAA,spaa,USA,R,6,1146,57.893870967741925,63.93838709677421,XM246 us_xm246 SPAA,,2026-10-07T10:00:04.947358+00:00
2026-10-07,2141,germ_leopard_2a4,Leopard 2A4,https://thunderskill.com/en/vehicle/germ_leopard_2a4,Ground forces,2,Medium Tank,medium_tank,GERMANY,R,7,1146,50.19064516129033,61.38709677419355,Leopard 2A4 germ_leopard_2a4 Medium Tank,https://thunderskill.com/vehimgs/germ_leopard_2a4.png,2026-10-07T10:00:04.947358+00:00
2026-10-07,2006,jp_type_5_ho_ri_prototype,Ho-Ri Prototype,https://thunderskill.com/en/vehicle/jp_type_5_ho_ri_prototype,Ground forces,2,Tank Destroyer,tank_destroyer,JAPAN,R,4,1144,57.86096774193549,77.14677419354841,Ho-Ri Prototype jp_type_5_ho_ri_prototype Tank Destroyer,https://thunderskill.com/vehimgs/jp_type_5_ho_ri_prototype.png,2026-10-07T10:00:04.947358+00:00
2026-10-07,2044,germ_begleitpanzer_57,Begleitpanzer 57,https://thunderskill.com/en/vehicle/germ_begleitpanzer_57,Ground forces,2,Light Tank,light_tank,GERMANY,R,6,1120,49.40451612903227,54.59806451612903,Begleitpanzer 57 germ_begleitpanzer_57 Light Tank,https://thunderskill.com/vehimgs/germ_begleitpanzer_57.png,2026-10-07T10:00:04.947358+00:00
2026-10-07,3556,us_t58,T58,https://thunderskill.com/en/vehicle/us_t58,Ground forces,2,other,other,USA,R,5,1100,63.39838709677421,84.9632258064516,T58 us_t58 other,,2026-10-07T10:00:04.947358+00:00
2026-10-07,1735,germ_pzkpfw_VI_ausf_b_tiger_IIp,Tiger II (P),https://thunderskill.com/en/vehicle/germ_pzkpfw_VI_ausf_b_tiger_IIp,Ground forces,2,Heavy Tank,heavy_tank,GERMANY,R,4,1068,36.34645161290323,64.1609677419355,Tiger II (P) germ_pzkpfw_VI_ausf_b_tiger_IIp Heavy Tank,https://thunderskill.com/vehimgs/germ_pzkpfw_vi_ausf_b_tiger_iip.png,2026-10-07T10:00:04.947358+00:00
2026-10-07,2109,us_m1_abrams,M1 Abrams,https://thunderskill.com/en/vehicle/us_m1_abrams,Ground forces,2,Medium Tank,medium_tank,USA,R,7,1058,52.01032258064516,75.49064516129035,M1 Abrams us_m1_abrams Medium Tank,https://thunderskill.com/vehimgs/us_m1_abrams.png,2026-10-07T10:00:04.947358+00:00
2026-10-07,3032,jp_m36b2_jgsdf,M36,https://thunderskill.com/en/vehicle/jp_m36b2_jgsdf,Ground forces,2,Tank Destroyer,tank_destroyer,JAPAN,R,4,1047,56.09548387096774,64.23806451612904,M36 jp_m36b2_jgsdf Tank Destroyer,https://thunderskill.com/vehimgs/jp_m36b2_jgsdf.png,2026-10-07T10:00:04.947358+00:00
2026-10-07,2791,germ_leopard_2pl,Leopard 2 PL,https://thunderskill.com/en/vehicle/germ_leopard_2pl,Ground forces,2,Medium Tank,medium_tank,GERMANY,R,8,1038,40.690322580645166,61.625806451612895,Leopard 2 PL germ_leopard_2pl Medium Tank,https://thunderskill.com/vehimgs/germ_leopard_2pl.png,2026-10-07T10:00:04.947358+00:00
2026-10-07,1706,us_m18_hellcat_black_cat,"M18 ""Black Cat""",https://thunderskill.com/en/vehicle/us_m18_hellcat_black_cat,Ground forces,2,Light Tank,light_tank,USA,R,3,1025,76.97451612903225,78.1041935483871,"M18 ""Black Cat"" us_m18_hellcat_black_cat Light Tank",https://thunderskill.com/vehimgs/us_m18_hellcat_black_cat.png,2026-10-07T10:00:04.947358+00:00
2026-10-07,3169,sw_itpsv_90,ItPsV Leopard,https://thunderskill.com/en/vehicle/sw_itpsv_90,Ground forces,2,SPAA,spaa,SWEDEN,R,6,1019,43.259032258064515,63.705161290322586,ItPsV Leopard sw_itpsv_90 SPAA,https://thunderskill.com/vehimgs/sw_itpsv_90.png,2026-10-07T10:00:04.947358+00:00
2026-10-07,3589,germ_leopard_2a4m_can_sm,◍Leopard 2A4M,https://thunderskill.com/en/vehicle/germ_leopard_2a4m_can_sm,Ground forces,2,other,other,GERMANY,R,7,1015,44.507741935483864,63.96516129032259,◍Leopard 2A4M germ_leopard_2a4m_can_sm other,,2026-10-07T10:00:04.947358+00:00
2026-10-07,3080,ussr_2s38,2S38,https://thunderskill.com/en/vehicle/ussr_2s38,Ground forces,2,Light Tank,light_tank,USSR,R,7,1004,47.20516129032259,53.19419354838711,2S38 ussr_2s38 Light Tank,https://thunderskill.com/vehimgs/ussr_2s38.png,2026-10-07T10:00:04.947358+00:00
2026-10-07,2689,ussr_bmp_2m,BMP-2M,https://thunderskill.com/en/vehicle/ussr_bmp_2m,Ground forces,2,Light Tank,light_tank,USSR,R,7,1000,44.77032258064515,45.536774193548396,BMP-2M ussr_bmp_2m Light Tank,https://thunderskill.com/vehimgs/ussr_bmp_2m.png,2026-10-07T10:00:04.947358+00:00
2026-10-07,3693,ussr_t_90m_arena_m,Т-90М (Арена-М),https://thunderskill.com/en/vehicle/ussr_t_90m_arena_m,Ground forces,2,other,other,USSR,R,8,966,60.38193548387098,72.74354838709677,Т-90М (Арена-М) ussr_t_90m_arena_m other,,2026-10-07T10:00:04.947358+00:00
2026-10-07,1448,ussr_zsu_57_2,ZSU-57-2,https://thunderskill.com/en/vehicle/ussr_zsu_57_2,Ground forces,2,SPAA,spaa,USSR,R,5,946,44.47967741935483,54.900967741935474,ZSU-57-2 ussr_zsu_57_2 SPAA,https://thunderskill.com/vehimgs/ussr_zsu_57_2.png,2026-10-07T10:00:04.947358+00:00
2026-10-07,2112,germ_leopard_2k,Leopard 2K,https://thunderskill.com/en/vehicle/germ_leopard_2k,Ground forces,2,Medium Tank,medium_tank,GERMANY,R,7,940,50.47806451612904,71.47548387096774,Leopard 2K germ_leopard_2k Medium Tank,https://thunderskill.com/vehimgs/germ_leopard_2k.png,2026-10-07T10:00:04.947358+00:00
2026-10-07,3239,germ_leopard_2a5_pso,Leopard 2 PSO,https://thunderskill.com/en/vehicle/germ_leopard_2a5_pso,Ground forces,2,Medium Tank,medium_tank,GERMANY,R,8,933,45.27096774193549,60.96354838709677,Leopard 2 PSO germ_leopard_2a5_pso Medium Tank,https://thunderskill.com/vehimgs/germ_leopard_2a5_pso.png,2026-10-07T10:00:04.947358+00:00
2026-10-07,3015,germ_leopard_2a4_pzbtl_123,Leopard 2 (PzBtl 123),https://thunderskill.com/en/vehicle/germ_leopard_2a4_pzbtl_123,Ground forces,2,Medium Tank,medium_tank,GERMANY,R,7,926,51.62774193548386,73.76548387096776,Leopard 2 (PzBtl 123) germ_leopard_2a4_pzbtl_123 Medium Tank,https://thunderskill.com/vehimgs/germ_leopard_2a4_pzbtl_123.png,2026-10-07T10:00:04.947358+00:00
2026-10-07,2528,us_m1a2_abrams,M1A2 Abrams,https://thunderskill.com/en/vehicle/us_m1a2_abrams,Ground forces,2,Medium Tank,medium_tank,USA,R,8,904,63.19612903225806,72.37354838709679,M1A2 Abrams us_m1a2_abrams Medium Tank,https://thunderskill.com/vehimgs/us_m1a2_abrams.png,2026-10-07T10:00:04.947358+00:00
2026-10-07,2901,ussr_2s25m,2S25M,https://thunderskill.com/en/vehicle/ussr_2s25m,Ground forces,2,Light Tank,light_tank,USSR,R,7,901,50.12483870967743,51.829032258064515,2S25M ussr_2s25m Light Tank,https://thunderskill.com/vehimgs/ussr_2s25m.png,2026-10-07T10:00:04.947358+00:00
2026-10-07,2172,germ_thyssen_henschel_tam,TAM,https://thunderskill.com/en/vehicle/germ_thyssen_henschel_tam,Ground forces,2,Light Tank,light_tank,GERMANY,R,6,900,46.269677419354835,51.869032258064514,TAM germ_thyssen_henschel_tam Light Tank,https://thunderskill.com/vehimgs/germ_thyssen_henschel_tam.png,2026-10-07T10:00:04.947358+00:00
2026-10-07,2365,ussr_t_80u,T-80U,https://thunderskill.com/en/vehicle/ussr_t_80u,Ground forces,2,Medium Tank,medium_tank,USSR,R,7,899,52.62193548387096,64.27967741935484,T-80U ussr_t_80u Medium Tank,https://thunderskill.com/vehimgs/ussr_t_80u.png,2026-10-07T10:00:04.947358+00:00
2026-10-07,2889,germ_wiesel_1_mk20,Wiesel 1A4,https://thunderskill.com/en/vehicle/germ_wiesel_1_mk20,Ground forces,2,SPAA,spaa,GERMANY,R,5,889,37.871290322580656,53.09387096774192,Wiesel 1A4 germ_wiesel_1_mk20 SPAA,https://thunderskill.com/vehimgs/germ_wiesel_1_mk20.png,2026-10-07T10:00:04.947358+00:00
2026-10-07,2530,ussr_bmp_3,BMP-3,https://thunderskill.com/en/vehicle/ussr_bmp_3,Ground forces,2,Light Tank,light_tank,USSR,R,6,884,39.812903225806465,47.571935483870966,BMP-3 ussr_bmp_3 Light Tank,https://thunderskill.com/vehimgs/ussr_bmp_3.png,2026-10-07T10:00:04.947358+00:00
2026-10-07,3592,ussr_t_34_85_stp_s53,Т-34-85 (СТП),https://thunderskill.com/en/vehicle/ussr_t_34_85_stp_s53,Ground forces,2,other,other,USSR,R,4,872,46.73774193548388,58.49580645161291,Т-34-85 (СТП) ussr_t_34_85_stp_s53 other,,2026-10-07T10:00:04.947358+00:00
2026-10-07,2367,germ_leopard_2a5,Leopard 2A5,https://thunderskill.com/en/vehicle/germ_leopard_2a5,Ground forces,2,Medium Tank,medium_tank,GERMANY,R,8,871,51.6890322580645,71.03741935483872,Leopard 2A5 germ_leopard_2a5 Medium Tank,https://thunderskill.com/vehimgs/germ_leopard_2a5.png,2026-10-07T10:00:04.947358+00:00
2026-10-07,3021,us_m1a1_aim_abrams,M1A1 AIM,https://thunderskill.com/en/vehicle/us_m1a1_aim_abrams,Ground forces,2,Medium Tank,medium_tank,USA,R,7,870,56.02774193548386,64.23483870967742,M1A1 AIM us_m1a1_aim_abrams Medium Tank,https://thunderskill.com/vehimgs/us_m1a1_aim_abrams.png,2026-10-07T10:00:04.947358+00:00
2026-10-07,3286,ussr_t_90m_2020,T-90M,https://thunderskill.com/en/vehicle/ussr_t_90m_2020,Ground forces,2,Medium Tank,medium_tank,USSR,R,8,870,51.5841935483871,63.87483870967741,T-90M ussr_t_90m_2020 Medium Tank,https://thunderskill.com/vehimgs/ussr_t_90m_2020.png,2026-10-07T10:00:04.947358+00:00
2026-10-07,3077,us_m1a2_sep_abrams,M1A2 SEP,https://thunderskill.com/en/vehicle/us_m1a2_sep_abrams,Ground forces,2,Medium Tank,medium_tank,USA,R,8,863,53.83806451612903,69.63967741935483,M1A2 SEP us_m1a2_sep_abrams Medium Tank,https://thunderskill.com/vehimgs/us_m1a2_sep_abrams.png,2026-10-07T10:00:04.947358+00:00
2026-10-07,1916,us_t34,T34,https://thunderskill.com/en/vehicle/us_t34,Ground forces,2,Heavy Tank,heavy_tank,USA,R,4,860,56.072903225806435,61.61419354838709,T34 us_t34 Heavy Tank,https://thunderskill.com/vehimgs/us_t34.png,2026-10-07T10:00:04.947358+00:00
2026-10-07,2548,germ_le_kpz_m41,leKPz M41,https://thunderskill.com/en/vehicle/germ_le_kpz_m41,Ground forces,2,Light Tank,light_tank,GERMANY,R,4,858,40.47870967741935,47.27451612903227,leKPz M41 germ_le_kpz_m41 Light Tank,https://thunderskill.com/vehimgs/germ_le_kpz_m41.png,2026-10-07T10:00:04.947358+00:00
2026-10-07,1934,germ_sdkfz_234_2,Sd.Kfz.234/2,https://thunderskill.com/en/vehicle/germ_sdkfz_234_2,Ground forces,2,Light Tank,light_tank,GERMANY,R,2,850,49.90903225806453,49.40064516129033,Sd.Kfz.234/2 germ_sdkfz_234_2 Light Tank,https://thunderskill.com/vehimgs/germ_sdkfz_234_2.png,2026-10-07T10:00:04.947358+00:00
2026-10-07,2376,us_m1a1_abrams,M1A1,https://thunderskill.com/en/vehicle/us_m1a1_abrams,Ground forces,2,Medium Tank,medium_tank,USA,R,7,833,58.31612903225806,73.42096774193548,M1A1 us_m1a1_abrams Medium Tank,https://thunderskill.com/vehimgs/us_m1a1_abrams.png,2026-10-07T10:00:04.947358+00:00
2026-10-07,2169,ussr_t_80b,T-80B,https://thunderskill.com/en/vehicle/ussr_t_80b,Ground forces,2,Medium Tank,medium_tank,USSR,R,7,816,47.032580645161275,63.657419354838694,T-80B ussr_t_80b Medium Tank,https://thunderskill.com/vehimgs/ussr_t_80b.png,2026-10-07T10:00:04.947358+00:00
2026-10-07,2738,ussr_t_72av_turms,T-72AV (TURMS-T),https://thunderskill.com/en/vehicle/ussr_t_72av_turms,Ground forces,2,Medium Tank,medium_tank,USSR,R,7,815,44.100322580645155,67.63806451612903,T-72AV (TURMS-T) ussr_t_72av_turms Medium Tank,https://thunderskill.com/vehimgs/ussr_t_72av_turms.png,2026-10-07T10:00:04.947358+00:00
2026-10-07,2143,jp_type_90,Type 90,https://thunderskill.com/en/vehicle/jp_type_90,Ground forces,2,Medium Tank,medium_tank,JAPAN,R,7,790,51.01870967741935,69.12161290322582,Type 90 jp_type_90 Medium Tank,https://thunderskill.com/vehimgs/jp_type_90.png,2026-10-07T10:00:04.947358+00:00
2026-10-07,3068,ussr_t_80uk,T-80UK,https://thunderskill.com/en/vehicle/ussr_t_80uk,Ground forces,2,Medium Tank,medium_tank,USSR,R,7,766,37.28290322580645,60.10032258064515,T-80UK ussr_t_80uk Medium Tank,https://thunderskill.com/vehimgs/ussr_t_80uk.png,2026-10-07T10:00:04.947358+00:00
2026-10-07,1587,us_m24_chaffee,M24,https://thunderskill.com/en/vehicle/us_m24_chaffee,Ground forces,2,Light Tank,light_tank,USA,R,2,762,54.23806451612903,63.48516129032258,M24 us_m24_chaffee Light Tank,https://thunderskill.com/vehimgs/us_m24_chaffee.png,2026-10-07T10:00:04.947358+00:00
2026-10-07,2400,it_of_40_mtca,OF-40 (MTCA),https://thunderskill.com/en/vehicle/it_of_40_mtca,Ground forces,2,Medium Tank,medium_tank,ITALY,R,6,753,61.849032258064526,87.52548387096775,OF-40 (MTCA) it_of_40_mtca Medium Tank,https://thunderskill.com/vehimgs/it_of_40_mtca.png,2026-10-07T10:00:04.947358+00:00
2026-10-07,2732,germ_leopard_1a5,Leopard 1A5,https://thunderskill.com/en/vehicle/germ_leopard_1a5,Ground forces,2,Medium Tank,medium_tank,GERMANY,R,6,743,46.413225806451614,58.29451612903226,Leopard 1A5 germ_leopard_1a5 Medium Tank,https://thunderskill.com/vehimgs/germ_leopard_1a5.png,2026-10-07T10:00:04.947358+00:00
2026-10-07,3582,ussr_bmd_4m2,БМД-4M2,https://thunderskill.com/en/vehicle/ussr_bmd_4m2,Ground forces,2,other,other,USSR,R,6,740,37.700645161290325,51.77935483870968,БМД-4M2 ussr_bmd_4m2 other,,2026-10-07T10:00:04.947358+00:00
2026-10-07,3442,us_rdf_lt,RDF/LT,https://thunderskill.com/en/vehicle/us_rdf_lt,Ground forces,2,Light Tank,light_tank,USA,R,7,733,52.91258064516129,61.04903225806452,RDF/LT us_rdf_lt Light Tank,,2026-10-07T10:00:04.947358+00:00
2026-10-07,1875,jp_type_74,Type 74 (E),https://thunderskill.com/en/vehicle/jp_type_74,Ground forces,2,Medium Tank,medium_tank,JAPAN,R,6,714,53.277419354838706,71.33483870967741,Type 74 (E) jp_type_74 Medium Tank,https://thunderskill.com/vehimgs/jp_type_74.png,2026-10-07T10:00:04.947358+00:00
2026-10-07,1893,jp_m4a3e8_76w_sherman,M4A3 (76) W,https://thunderskill.com/en/vehicle/jp_m4a3e8_76w_sherman,Ground forces,2,Medium Tank,medium_tank,JAPAN,R,4,712,61.1625,57.92870967741937,M4A3 (76) W jp_m4a3e8_76w_sherman Medium Tank,https://thunderskill.com/vehimgs/jp_m4a3e8_76w_sherman.png,2026-10-07T10:00:04.947358+00:00
2026-10-07,2167,ussr_bmp_2,BMP-2,https://thunderskill.com/en/vehicle/ussr_bmp_2,Ground forces,2,Light Tank,light_tank,USSR,R,6,712,45.34677419354838,54.93000000000001,BMP-2 ussr_bmp_2 Light Tank,https://thunderskill.com/vehimgs/ussr_bmp_2.png,2026-10-07T10:00:04.947358+00:00
2026-10-07,2729,germ_leopard_2a6,Leopard 2A6,https://thunderskill.com/en/vehicle/germ_leopard_2a6,Ground forces,2,Medium Tank,medium_tank,GERMANY,R,8,708,51.77935483870968,69.8909677419355,Leopard 2A6 germ_leopard_2a6 Medium Tank,https://thunderskill.com/vehimgs/germ_leopard_2a6.png,2026-10-07T10:00:04.947358+00:00
2026-10-07,3522,fr_leopard_2a4nl_les,Leopard 2 (OTCo),https://thunderskill.com/en/vehicle/fr_leopard_2a4nl_les,Ground forces,2,Medium Tank,medium_tank,FRANCE,R,7,707,53.36709677419355,67.2816129032258,Leopard 2 (OTCo) fr_leopard_2a4nl_les Medium Tank,,2026-10-07T10:00:04.947358+00:00
2026-10-07,3439,germ_pzh_2000,PzH 2000,https://thunderskill.com/en/vehicle/germ_pzh_2000,Ground forces,2,Tank Destroyer,tank_destroyer,GERMANY,R,5,701,34.560967741935485,42.68225806451613,PzH 2000 germ_pzh_2000 Tank Destroyer,,2026-10-07T10:00:04.947358+00:00
2026-10-07,2965,us_lav_ad,LAV-AD,https://thunderskill.com/en/vehicle/us_lav_ad,Ground forces,2,SPAA,spaa,USA,R,7,698,52.36290322580644,48.16806451612902,LAV-AD us_lav_ad SPAA,https://thunderskill.com/vehimgs/us_lav_ad.png,2026-10-07T10:00:04.947358+00:00
2026-10-07,1892,jp_m24_chaffee,M24,https://thunderskill.com/en/vehicle/jp_m24_chaffee,Ground forces,2,Light Tank,light_tank,JAPAN,R,3,690,61.57225806451612,60.4625806451613,M24 jp_m24_chaffee Light Tank,https://thunderskill.com/vehimgs/jp_m24_chaffee.png,2026-10-07T10:00:04.947358+00:00
2026-10-07,3560,us_stingray,Stingray,https://thunderskill.com/en/vehicle/us_stingray,Ground forces,2,other,other,USA,R,6,684,46.65935483870969,60.44516129032257,Stingray us_stingray other,,2026-10-07T10:00:04.947358+00:00
2026-10-07,3382,cn_al_khalid_1,Al-Khalid-I,https://thunderskill.com/en/vehicle/cn_al_khalid_1,Ground forces,2,Medium Tank,medium_tank,CHINA,R,7,682,51.72774193548387,70.0941935483871,Al-Khalid-I cn_al_khalid_1 Medium Tank,,2026-10-07T10:00:04.947358+00:00
2026-10-07,3630,us_m10_booker_late,M10 Booker,https://thunderskill.com/en/vehicle/us_m10_booker_late,Ground forces,2,other,other,USA,R,7,677,58.861935483871,66.28612903225806,M10 Booker us_m10_booker_late other,,2026-10-07T10:00:04.947358+00:00
2026-10-07,2703,fr_somua_sm,Somua SM,https://thunderskill.com/en/vehicle/fr_somua_sm,Ground forces,2,Heavy Tank,heavy_tank,FRANCE,R,5,662,69.29322580645162,74.78838709677422,Somua SM fr_somua_sm Heavy Tank,https://thunderskill.com/vehimgs/fr_somua_sm.png,2026-10-07T10:00:04.947358+00:00
2026-10-07,2740,ussr_t_90a,Т-90А,https://thunderskill.com/en/vehicle/ussr_t_90a,Ground forces,2,Medium Tank,medium_tank,USSR,R,7,656,43.27903225806452,56.39129032258066,Т-90А ussr_t_90a Medium Tank,https://thunderskill.com/vehimgs/ussr_t_90a.png,2026-10-07T10:00:04.947358+00:00
2026-10-07,2170,us_m1_ip_abrams,IPM1,https://thunderskill.com/en/vehicle/us_m1_ip_abrams,Ground forces,2,Medium Tank,medium_tank,USA,R,7,655,63.12483870967744,84.60580645161292,IPM1 us_m1_ip_abrams Medium Tank,https://thunderskill.com/vehimgs/us_m1_ip_abrams.png,2026-10-07T10:00:04.947358+00:00
2026-10-07,3193,ussr_btr_80a,BTR-80A,https://thunderskill.com/en/vehicle/ussr_btr_80a,Ground forces,2,Light Tank,light_tank,USSR,R,5,654,49.619354838709654,48.96290322580645,BTR-80A ussr_btr_80a Light Tank,https://thunderskill.com/vehimgs/ussr_btr_80a.png,2026-10-07T10:00:04.947358+00:00
2026-10-07,1226,germ_pzkpfw_VI_ausf_b_tiger_IIh_sla,Tiger II (H) Sla.16,https://thunderskill.com/en/vehicle/germ_pzkpfw_VI_ausf_b_tiger_IIh_sla,Ground forces,2,Heavy Tank,heavy_tank,GERMANY,R,4,650,53.634838709677425,79.83419354838709,Tiger II (H) Sla.16 germ_pzkpfw_VI_ausf_b_tiger_IIh_sla Heavy Tank,https://thunderskill.com/vehimgs/germ_pzkpfw_vi_ausf_b_tiger_iih_sla.png,2026-10-07T10:00:04.947358+00:00
2026-10-07,2702,ussr_t_72b3_2011,T-72B3,https://thunderskill.com/en/vehicle/ussr_t_72b3_2011,Ground forces,2,Medium Tank,medium_tank,USSR,R,7,649,49.188709677419354,64.9883870967742,T-72B3 ussr_t_72b3_2011 Medium Tank,https://thunderskill.com/vehimgs/ussr_t_72b3_2011.png,2026-10-07T10:00:04.947358+00:00
2026-10-07,1659,germ_pzkpfw_VI_ausf_h1_tiger,Tiger H1,https://thunderskill.com/en/vehicle/germ_pzkpfw_VI_ausf_h1_tiger,Ground forces,2,Heavy Tank,heavy_tank,GERMANY,R,3,647,36.657096774193555,58.26806451612904,Tiger H1 germ_pzkpfw_VI_ausf_h1_tiger Heavy Tank,https://thunderskill.com/vehimgs/germ_pzkpfw_vi_ausf_h1_tiger.png,2026-10-07T10:00:04.947358+00:00
2026-10-07,3316,sw_strv121b_christian2,Christian II,https://thunderskill.com/en/vehicle/sw_strv121b_christian2,Ground forces,2,Medium Tank,medium_tank,SWEDEN,R,7,639,58.26161290322581,76.28290322580645,Christian II sw_strv121b_christian2 Medium Tank,https://thunderskill.com/vehimgs/sw_strv121b_christian2.png,2026-10-07T10:00:04.947358+00:00
2026-10-07,2612,germ_radpanzer_90,Radkampfwagen 90,https://thunderskill.com/en/vehicle/germ_radpanzer_90,Ground forces,2,Light Tank,light_tank,GERMANY,R,7,639,52.752580645161295,58.57225806451614,Radkampfwagen 90 germ_radpanzer_90 Light Tank,https://thunderskill.com/vehimgs/germ_radpanzer_90.png,2026-10-07T10:00:06.368507+00:00
2026-10-07,2634,sw_strv_121,Strv 121,https://thunderskill.com/en/vehicle/sw_strv_121,Ground forces,2,Medium Tank,medium_tank,SWEDEN,R,7,629,57.34032258064517,67.51548387096773,Strv 121 sw_strv_121 Medium Tank,https://thunderskill.com/vehimgs/sw_strv_121.png,2026-10-07T10:00:06.368507+00:00
2026-10-07,1723,ussr_t_34_85_d_5t,T-34-85 (D-5T),https://thunderskill.com/en/vehicle/ussr_t_34_85_d_5t,Ground forces,2,Medium Tank,medium_tank,USSR,R,3,627,46.837419354838715,60.50612903225807,T-34-85 (D-5T) ussr_t_34_85_d_5t Medium Tank,https://thunderskill.com/vehimgs/ussr_t_34_85_d_5t.png,2026-10-07T10:00:06.368507+00:00
2026-10-07,2403,fr_amx_30_super,AMX-30 Super,https://thunderskill.com/en/vehicle/fr_amx_30_super,Ground forces,2,Medium Tank,medium_tank,FRANCE,R,6,621,51.455161290322586,54.10451612903225,AMX-30 Super fr_amx_30_super Medium Tank,https://thunderskill.com/vehimgs/fr_amx_30_super.png,2026-10-07T10:00:06.368507+00:00
2026-10-07,1985,ussr_t_64a_1971,T-64A (1971),https://thunderskill.com/en/vehicle/ussr_t_64a_1971,Ground forces,2,Medium Tank,medium_tank,USSR,R,6,598,45.062580645161276,61.969354838709684,T-64A (1971) ussr_t_64a_1971 Medium Tank,https://thunderskill.com/vehimgs/ussr_t_64a_1971.png,2026-10-07T10:00:06.368507+00:00
2026-10-07,1701,us_m26e1_pershing,M26E1,https://thunderskill.com/en/vehicle/us_m26e1_pershing,Ground forces,2,Medium Tank,medium_tank,USA,R,4,581,72.1758064516129,84.52548387096775,M26E1 us_m26e1_pershing Medium Tank,https://thunderskill.com/vehimgs/us_m26e1_pershing.png,2026-10-07T10:00:06.368507+00:00
2026-10-07,2852,germ_thyssen_henschel_tam_2ip,TAM 2IP,https://thunderskill.com/en/vehicle/germ_thyssen_henschel_tam_2ip,Ground forces,2,Light Tank,light_tank,GERMANY,R,6,573,54.538387096774194,73.20612903225808,TAM 2IP germ_thyssen_henschel_tam_2ip Light Tank,https://thunderskill.com/vehimgs/germ_thyssen_henschel_tam_2ip.png,2026-10-07T10:00:06.368507+00:00
2026-10-07,3666,ussr_pantsyr_sm_sv,Панцирь СМ-СВ,https://thunderskill.com/en/vehicle/ussr_pantsyr_sm_sv,Ground forces,2,other,other,USSR,R,8,572,48.9725806451613,71.46548387096773,Панцирь СМ-СВ ussr_pantsyr_sm_sv other,,2026-10-07T10:00:06.368507+00:00
2026-10-07,2981,ussr_t_55_amd_1,T-55AMD-1,https://thunderskill.com/en/vehicle/ussr_t_55_amd_1,Ground forces,2,Medium Tank,medium_tank,USSR,R,6,572,42.797096774193555,56.4725806451613,T-55AMD-1 ussr_t_55_amd_1 Medium Tank,https://thunderskill.com/vehimgs/ussr_t_55_amd_1.png,2026-10-07T10:00:06.368507+00:00
2026-10-07,1514,us_m41_walker_bulldog,M41A1,https://thunderskill.com/en/vehicle/us_m41_walker_bulldog,Ground forces,2,Light Tank,light_tank,USA,R,4,566,51.692903225806454,45.8141935483871,M41A1 us_m41_walker_bulldog Light Tank,https://thunderskill.com/vehimgs/us_m41_walker_bulldog.png,2026-10-07T10:00:06.368507+00:00
2026-10-07,1700,germ_pzkpfw_VI_ausf_e_tiger,Tiger E,https://thunderskill.com/en/vehicle/germ_pzkpfw_VI_ausf_e_tiger,Ground forces,2,Heavy Tank,heavy_tank,GERMANY,R,3,562,32.80645161290323,59.421290322580646,Tiger E germ_pzkpfw_VI_ausf_e_tiger Heavy Tank,https://thunderskill.com/vehimgs/germ_pzkpfw_vi_ausf_e_tiger.png,2026-10-07T10:00:06.368507+00:00
2026-10-07,3438,germ_pzkpfw_VI_ausf_h1_tiger_west,Tiger West,https://thunderskill.com/en/vehicle/germ_pzkpfw_VI_ausf_h1_tiger_west,Ground forces,2,Heavy Tank,heavy_tank,GERMANY,R,3,559,48.10967741935481,65.38580645161292,Tiger West germ_pzkpfw_VI_ausf_h1_tiger_west Heavy Tank,,2026-10-07T10:00:06.368507+00:00
2026-10-07,3665,cn_ztz_96b,ZTZ96B,https://thunderskill.com/en/vehicle/cn_ztz_96b,Ground forces,2,other,other,CHINA,R,7,557,66.46193548387096,81.75387096774195,ZTZ96B cn_ztz_96b other,,2026-10-07T10:00:06.368507+00:00
2026-10-07,2589,ussr_t_72b,T-72B,https://thunderskill.com/en/vehicle/ussr_t_72b,Ground forces,2,Medium Tank,medium_tank,USSR,R,7,555,42.00483870967742,60.60677419354839,T-72B ussr_t_72b Medium Tank,https://thunderskill.com/vehimgs/ussr_t_72b.png,2026-10-07T10:00:06.368507+00:00
2026-10-07,3273,sw_pbv_501,Pbv 501,https://thunderskill.com/en/vehicle/sw_pbv_501,Ground forces,2,Light Tank,light_tank,SWEDEN,R,4,543,45.170000000000016,46.957096774193545,Pbv 501 sw_pbv_501 Light Tank,https://thunderskill.com/vehimgs/sw_pbv_501.png,2026-10-07T10:00:06.368507+00:00
2026-10-07,2090,fr_amx_m4,AMX M4,https://thunderskill.com/en/vehicle/fr_amx_m4,Ground forces,2,Medium Tank,medium_tank,FRANCE,R,4,541,55.98096774193548,67.16806451612904,AMX M4 fr_amx_m4 Medium Tank,https://thunderskill.com/vehimgs/fr_amx_m4.png,2026-10-07T10:00:06.368507+00:00
2026-10-07,3139,us_m1128_wolfpack,M1128 Wolfpack,https://thunderskill.com/en/vehicle/us_m1128_wolfpack,Ground forces,2,Light Tank,light_tank,USA,R,7,538,52.31,56.190322580645166,M1128 Wolfpack us_m1128_wolfpack Light Tank,https://thunderskill.com/vehimgs/us_m1128_wolfpack.png,2026-10-07T10:00:06.368507+00:00
2026-10-07,3140,jp_sub_i_ii_20mm,SUB-I-II,https://thunderskill.com/en/vehicle/jp_sub_i_ii_20mm,Ground forces,2,SPAA,spaa,JAPAN,R,4,534,65.28709677419356,59.725806451612904,SUB-I-II jp_sub_i_ii_20mm SPAA,https://thunderskill.com/vehimgs/jp_sub_i_ii_20mm.png,2026-10-07T10:00:06.368507+00:00
2026-10-07,2111,ussr_t_64_b_1984,T-64B,https://thunderskill.com/en/vehicle/ussr_t_64_b_1984,Ground forces,2,Medium Tank,medium_tank,USSR,R,6,532,39.850322580645155,57.46709677419354,T-64B ussr_t_64_b_1984 Medium Tank,https://thunderskill.com/vehimgs/ussr_t_64_b_1984.png,2026-10-07T10:00:06.368507+00:00
2026-10-07,1894,jp_m41_walker_bulldog,M41A1,https://thunderskill.com/en/vehicle/jp_m41_walker_bulldog,Ground forces,2,Light Tank,light_tank,JAPAN,R,4,526,68.58612903225807,55.50064516129031,M41A1 jp_m41_walker_bulldog Light Tank,https://thunderskill.com/vehimgs/jp_m41_walker_bulldog.png,2026-10-07T10:00:06.368507+00:00
2026-10-07,1585,us_m4a3e8_76w_sherman,M4A3 (76) W,https://thunderskill.com/en/vehicle/us_m4a3e8_76w_sherman,Ground forces,2,Medium Tank,medium_tank,USA,R,3,522,54.77774193548386,72.67709677419356,M4A3 (76) W us_m4a3e8_76w_sherman Medium Tank,https://thunderskill.com/vehimgs/us_m4a3e8_76w_sherman.png,2026-10-07T10:00:06.368507+00:00
2026-10-07,2926,jp_type_10,Type 10,https://thunderskill.com/en/vehicle/jp_type_10,Ground forces,2,Medium Tank,medium_tank,JAPAN,R,8,520,57.707096774193545,73.68064516129034,Type 10 jp_type_10 Medium Tank,https://thunderskill.com/vehimgs/jp_type_10.png,2026-10-07T10:00:06.368507+00:00
2026-10-07,2867,ussr_2s25,2S25,https://thunderskill.com/en/vehicle/ussr_2s25,Ground forces,2,Light Tank,light_tank,USSR,R,6,520,51.40451612903227,60.351290322580645,2S25 ussr_2s25 Light Tank,https://thunderskill.com/vehimgs/ussr_2s25.png,2026-10-07T10:00:06.368507+00:00
2026-10-07,1698,ussr_is_2_1943,IS-2,https://thunderskill.com/en/vehicle/ussr_is_2_1943,Ground forces,2,Heavy Tank,heavy_tank,USSR,R,4,520,44.357741935483865,59.86193548387096,IS-2 ussr_is_2_1943 Heavy Tank,https://thunderskill.com/vehimgs/ussr_is_2_1943.png,2026-10-07T10:00:06.368507+00:00
2026-10-07,1571,us_m4a2_76w_sherman,M4A2 (76) W,https://thunderskill.com/en/vehicle/us_m4a2_76w_sherman,Ground forces,2,Medium Tank,medium_tank,USA,R,3,516,48.59677419354838,62.13225806451613,M4A2 (76) W us_m4a2_76w_sherman Medium Tank,https://thunderskill.com/vehimgs/us_m4a2_76w_sherman.png,2026-10-07T10:00:06.368507+00:00
2026-10-07,2974,il_merkava_mk_4m,Merkava Mk.4M,https://thunderskill.com/en/vehicle/il_merkava_mk_4m,Ground forces,2,Medium Tank,medium_tank,ISRAEL,R,8,515,74.64032258064519,90.15354838709678,Merkava Mk.4M il_merkava_mk_4m Medium Tank,https://thunderskill.com/vehimgs/il_merkava_mk_4m.png,2026-10-07T10:00:06.368507+00:00
2026-10-07,1631,us_m46_patton_73_armor_bat,"M46 ""Tiger""",https://thunderskill.com/en/vehicle/us_m46_patton_73_armor_bat,Ground forces,2,Medium Tank,medium_tank,USA,R,4,513,62.08483870967742,75.52741935483871,"M46 ""Tiger"" us_m46_patton_73_armor_bat Medium Tank",https://thunderskill.com/vehimgs/us_m46_patton_73_armor_bat.png,2026-10-07T10:00:06.368507+00:00
2026-10-07,2881,jp_type_74_c,Type 74 (C),https://thunderskill.com/en/vehicle/jp_type_74_c,Ground forces,2,Medium Tank,medium_tank,JAPAN,R,5,507,52.42193548387097,69.86967741935484,Type 74 (C) jp_type_74_c Medium Tank,https://thunderskill.com/vehimgs/jp_type_74_c.png,2026-10-07T10:00:06.368507+00:00
2026-10-07,3650,ussr_t_72b3_arena,"Т-72Б3 ""Арена""",https://thunderskill.com/en/vehicle/ussr_t_72b3_arena,Ground forces,2,other,other,USSR,R,7,502,37.458064516129035,50.45548387096774,"Т-72Б3 ""Арена"" ussr_t_72b3_arena other",,2026-10-07T10:00:06.368507+00:00
2026-10-07,1675,germ_pzkpfw_Maus,Maus,https://thunderskill.com/en/vehicle/germ_pzkpfw_Maus,Ground forces,2,Heavy Tank,heavy_tank,GERMANY,R,5,493,41.48258064516129,88.39967741935482,Maus germ_pzkpfw_Maus Heavy Tank,https://thunderskill.com/vehimgs/germ_pzkpfw_maus.png,2026-10-07T10:00:06.368507+00:00
2026-10-07,2876,us_m1a1_hc_abrams,M1A1 HC,https://thunderskill.com/en/vehicle/us_m1a1_hc_abrams,Ground forces,2,Medium Tank,medium_tank,USA,R,7,492,81.45806451612903,82.52548387096775,M1A1 HC us_m1a1_hc_abrams Medium Tank,https://thunderskill.com/vehimgs/us_m1a1_hc_abrams.png,2026-10-07T10:00:06.368507+00:00
2026-10-07,1222,us_t26e4_superpershing,T26E1-1,https://thunderskill.com/en/vehicle/us_t26e4_superpershing,Ground forces,2,Heavy Tank,heavy_tank,USA,R,4,492,56.9816129032258,67.60225806451614,T26E1-1 us_t26e4_superpershing Heavy Tank,https://thunderskill.com/vehimgs/us_t26e4_superpershing.png,2026-10-07T10:00:06.368507+00:00
2026-10-07,1697,ussr_is_2_1944,IS-2 (1944),https://thunderskill.com/en/vehicle/ussr_is_2_1944,Ground forces,2,Heavy Tank,heavy_tank,USSR,R,4,489,54.54870967741937,67.19032258064514,IS-2 (1944) ussr_is_2_1944 Heavy Tank,https://thunderskill.com/vehimgs/ussr_is_2_1944.png,2026-10-07T10:00:06.368507+00:00
2026-10-07,3388,germ_schutzenpanzer_puma_vjtf,PUMA VJTF,https://thunderskill.com/en/vehicle/germ_schutzenpanzer_puma_vjtf,Ground forces,2,Light Tank,light_tank,GERMANY,R,7,489,41.38,43.859999999999985,PUMA VJTF germ_schutzenpanzer_puma_vjtf Light Tank,,2026-10-07T10:00:06.368507+00:00
2026-10-07,1920,jp_type_87,Type 87,https://thunderskill.com/en/vehicle/jp_type_87,Ground forces,2,SPAA,spaa,JAPAN,R,6,482,41.92806451612905,50.935161290322576,Type 87 jp_type_87 SPAA,https://thunderskill.com/vehimgs/jp_type_87.png,2026-10-07T10:00:06.368507+00:00
2026-10-07,1997,ussr_bmp_1,BMP-1,https://thunderskill.com/en/vehicle/ussr_bmp_1,Ground forces,2,Light Tank,light_tank,USSR,R,5,482,51.924516129032256,41.821290322580644,BMP-1 ussr_bmp_1 Light Tank,https://thunderskill.com/vehimgs/ussr_bmp_1.png,2026-10-07T10:00:06.368507+00:00
2026-10-07,3016,uk_challenger_1_mk_3_gulf,Challenger DS,https://thunderskill.com/en/vehicle/uk_challenger_1_mk_3_gulf,Ground forces,2,Medium Tank,medium_tank,BRITAIN,R,7,477,56.00838709677419,76.61612903225806,Challenger DS uk_challenger_1_mk_3_gulf Medium Tank,https://thunderskill.com/vehimgs/uk_challenger_1_mk_3_gulf.png,2026-10-07T10:00:06.368507+00:00
2026-10-07,1506,ussr_pt_76b,PT-76B,https://thunderskill.com/en/vehicle/ussr_pt_76b,Ground forces,2,Light Tank,light_tank,USSR,R,3,476,47.134193548387096,38.92903225806452,PT-76B ussr_pt_76b Light Tank,https://thunderskill.com/vehimgs/ussr_pt_76b.png,2026-10-07T10:00:06.368507+00:00
2026-10-07,2312,us_m3_bradley,M3 Bradley,https://thunderskill.com/en/vehicle/us_m3_bradley,Ground forces,2,Light Tank,light_tank,USA,R,6,474,67.57290322580644,61.210645161290344,M3 Bradley us_m3_bradley Light Tank,https://thunderskill.com/vehimgs/us_m3_bradley.png,2026-10-07T10:00:06.368507+00:00
2026-10-07,2146,ussr_t_62m1,T-62M-1,https://thunderskill.com/en/vehicle/ussr_t_62m1,Ground forces,2,Medium Tank,medium_tank,USSR,R,6,472,48.673548387096766,61.96935483870967,T-62M-1 ussr_t_62m1 Medium Tank,https://thunderskill.com/vehimgs/ussr_t_62m1.png,2026-10-07T10:00:06.368507+00:00
2026-10-07,3437,germ_pzkpfw_VI_ausf_h1_tiger_east,Tiger Ost,https://thunderskill.com/en/vehicle/germ_pzkpfw_VI_ausf_h1_tiger_east,Ground forces,2,Heavy Tank,heavy_tank,GERMANY,R,3,471,52.781612903225806,65.49483870967741,Tiger Ost germ_pzkpfw_VI_ausf_h1_tiger_east Heavy Tank,,2026-10-07T10:00:06.368507+00:00
2026-10-07,2100,fr_amx_50,AMX-50 (TOA100),https://thunderskill.com/en/vehicle/fr_amx_50,Ground forces,2,Medium Tank,medium_tank,FRANCE,R,5,469,74.62677419354841,74.71129032258065,AMX-50 (TOA100) fr_amx_50 Medium Tank,https://thunderskill.com/vehimgs/fr_amx_50.png,2026-10-07T10:00:06.368507+00:00
2026-10-07,1895,jp_st_a1,ST-A1,https://thunderskill.com/en/vehicle/jp_st_a1,Ground forces,2,Medium Tank,medium_tank,JAPAN,R,4,461,52.79333333333334,57.7183870967742,ST-A1 jp_st_a1 Medium Tank,https://thunderskill.com/vehimgs/jp_st_a1.png,2026-10-07T10:00:06.368507+00:00
2026-10-07,2412,it_aubl_74_60_70m,AUBL/74 HVG,https://thunderskill.com/en/vehicle/it_aubl_74_60_70m,Ground forces,2,Light Tank,light_tank,ITALY,R,5,460,60.45387096774195,72.02612903225807,AUBL/74 HVG it_aubl_74_60_70m Light Tank,https://thunderskill.com/vehimgs/it_aubl_74_60_70m.png,2026-10-07T10:00:06.368507+00:00
2026-10-07,2730,us_m1128_mgs,M1128,https://thunderskill.com/en/vehicle/us_m1128_mgs,Ground forces,2,Light Tank,light_tank,USA,R,7,458,47.41612903225806,51.91290322580646,M1128 us_m1128_mgs Light Tank,https://thunderskill.com/vehimgs/us_m1128_mgs.png,2026-10-07T10:00:06.368507+00:00
2026-10-07,1681,ussr_t_10m,T-10M,https://thunderskill.com/en/vehicle/ussr_t_10m,Ground forces,2,Heavy Tank,heavy_tank,USSR,R,6,455,56.70709677419355,67.57129032258065,T-10M ussr_t_10m Heavy Tank,https://thunderskill.com/vehimgs/ussr_t_10m.png,2026-10-07T10:00:06.368507+00:00
2026-10-07,1290,germ_pzkpfw_V_ausf_a_panther,Panther A,https://thunderskill.com/en/vehicle/germ_pzkpfw_V_ausf_a_panther,Ground forces,2,Medium Tank,medium_tank,GERMANY,R,4,454,20.784516129032266,45.54354838709676,Panther A germ_pzkpfw_V_ausf_a_panther Medium Tank,https://thunderskill.com/vehimgs/germ_pzkpfw_v_ausf_a_panther.png,2026-10-07T10:00:06.368507+00:00
2026-10-07,2860,ussr_bmd_4,BMD-4,https://thunderskill.com/en/vehicle/ussr_bmd_4,Ground forces,2,Light Tank,light_tank,USSR,R,6,452,44.82096774193548,59.348709677419365,BMD-4 ussr_bmd_4 Light Tank,https://thunderskill.com/vehimgs/ussr_bmd_4.png,2026-10-07T10:00:06.368507+00:00
2026-10-07,1897,jp_m42_duster,M42,https://thunderskill.com/en/vehicle/jp_m42_duster,Ground forces,2,SPAA,spaa,JAPAN,R,3,451,54.38000000000001,48.0858064516129,M42 jp_m42_duster SPAA,https://thunderskill.com/vehimgs/jp_m42_duster.png,2026-10-07T10:00:06.368507+00:00
2026-10-07,3172,jp_type_16_mod,Type 16 (FPS),https://thunderskill.com/en/vehicle/jp_type_16_mod,Ground forces,2,Light Tank,light_tank,JAPAN,R,6,450,60.30806451612903,74.91838709677418,Type 16 (FPS) jp_type_16_mod Light Tank,https://thunderskill.com/vehimgs/jp_type_16_mod.png,2026-10-07T10:00:06.368507+00:00
2026-10-07,2962,il_m_51,M-51,https://thunderskill.com/en/vehicle/il_m_51,Ground forces,2,Medium Tank,medium_tank,ISRAEL,R,4,449,48.70967741935484,60.09870967741935,M-51 il_m_51 Medium Tank,https://thunderskill.com/vehimgs/il_m_51.png,2026-10-07T10:00:06.368507+00:00
2026-10-07,3205,jp_type_87_rcv_prot,Type 87 RCV (P),https://thunderskill.com/en/vehicle/jp_type_87_rcv_prot,Ground forces,2,Light Tank,light_tank,JAPAN,R,5,447,68.26903225806454,52.81870967741934,Type 87 RCV (P) jp_type_87_rcv_prot Light Tank,https://thunderskill.com/vehimgs/jp_type_87_rcv_prot.png,2026-10-07T10:00:06.368507+00:00
2026-10-07,2638,sw_ikv_91,Ikv 91,https://thunderskill.com/en/vehicle/sw_ikv_91,Ground forces,2,Light Tank,light_tank,SWEDEN,R,5,446,52.18354838709679,52.22548387096774,Ikv 91 sw_ikv_91 Light Tank,https://thunderskill.com/vehimgs/sw_ikv_91.png,2026-10-07T10:00:06.368507+00:00
2026-10-07,1308,germ_pzkpfw_IV_ausf_F2,Pz.IV F2,https://thunderskill.com/en/vehicle/germ_pzkpfw_IV_ausf_F2,Ground forces,2,Medium Tank,medium_tank,GERMANY,R,2,440,44.351290322580624,69.58322580645161,Pz.IV F2 germ_pzkpfw_IV_ausf_F2 Medium Tank,https://thunderskill.com/vehimgs/germ_pzkpfw_iv_ausf_f2.png,2026-10-07T10:00:06.368507+00:00
2026-10-07,3314,il_merkava_mk_3_raam_segol,Ra'am Sagol,https://thunderskill.com/en/vehicle/il_merkava_mk_3_raam_segol,Ground forces,2,Medium Tank,medium_tank,ISRAEL,R,7,438,67.85774193548387,78.47741935483873,Ra'am Sagol il_merkava_mk_3_raam_segol Medium Tank,https://thunderskill.com/vehimgs/il_merkava_mk_3_raam_segol.png,2026-10-07T10:00:06.368507+00:00
2026-10-07,1728,us_t92,T92,https://thunderskill.com/en/vehicle/us_t92,Ground forces,2,Light Tank,light_tank,USA,R,4,436,53.927419354838705,59.28806451612903,T92 us_t92 Light Tank,https://thunderskill.com/vehimgs/us_t92.png,2026-10-07T10:00:06.368507+00:00
2026-10-07,2458,jp_type_75,Type 75 SPH,https://thunderskill.com/en/vehicle/jp_type_75,Ground forces,2,Tank Destroyer,tank_destroyer,JAPAN,R,4,436,49.69709677419353,52.85838709677418,Type 75 SPH jp_type_75 Tank Destroyer,https://thunderskill.com/vehimgs/jp_type_75.png,2026-10-07T10:00:06.368507+00:00
2026-10-07,1826,us_m60a1,M60A1 (AOS),https://thunderskill.com/en/vehicle/us_m60a1,Ground forces,2,Medium Tank,medium_tank,USA,R,6,435,56.382903225806466,61.74483870967742,M60A1 (AOS) us_m60a1 Medium Tank,https://thunderskill.com/vehimgs/us_m60a1.png,2026-10-07T10:00:06.368507+00:00
2026-10-07,2156,us_xm1_chrysler,XM1 (Chrysler),https://thunderskill.com/en/vehicle/us_xm1_chrysler,Ground forces,2,Medium Tank,medium_tank,USA,R,6,423,64.48612903225809,88.46870967741934,XM1 (Chrysler) us_xm1_chrysler Medium Tank,https://thunderskill.com/vehimgs/us_xm1_chrysler.png,2026-10-07T10:00:06.368507+00:00
2026-10-07,2510,germ_mkpz_m48a2c,M48A2 C,https://thunderskill.com/en/vehicle/germ_mkpz_m48a2c,Ground forces,2,Medium Tank,medium_tank,GERMANY,R,5,422,29.99516129032259,44.36838709677421,M48A2 C germ_mkpz_m48a2c Medium Tank,https://thunderskill.com/vehimgs/germ_mkpz_m48a2c.png,2026-10-07T10:00:06.368507+00:00
2026-10-07,1863,jp_type_4_chi_to,Chi-To,https://thunderskill.com/en/vehicle/jp_type_4_chi_to,Ground forces,2,Medium Tank,medium_tank,JAPAN,R,3,421,86.67290322580646,72.93967741935485,Chi-To jp_type_4_chi_to Medium Tank,https://thunderskill.com/vehimgs/jp_type_4_chi_to.png,2026-10-07T10:00:06.368507+00:00
2026-10-07,2658,it_m24_chaffee,M24,https://thunderskill.com/en/vehicle/it_m24_chaffee,Ground forces,2,Light Tank,light_tank,ITALY,R,3,420,72.40032258064517,67.51354838709678,M24 it_m24_chaffee Light Tank,https://thunderskill.com/vehimgs/it_m24_chaffee.png,2026-10-07T10:00:06.368507+00:00
2026-10-07,1896,jp_st_b1,STB-2,https://thunderskill.com/en/vehicle/jp_st_b1,Ground forces,2,Medium Tank,medium_tank,JAPAN,R,5,419,64.09000000000002,66.85451612903225,STB-2 jp_st_b1 Medium Tank,https://thunderskill.com/vehimgs/jp_st_b1.png,2026-10-07T10:00:06.368507+00:00
2026-10-07,1644,ussr_t_34_85_zis_53,T-34-85,https://thunderskill.com/en/vehicle/ussr_t_34_85_zis_53,Ground forces,2,Medium Tank,medium_tank,USSR,R,4,417,46.9167741935484,62.9474193548387,T-34-85 ussr_t_34_85_zis_53 Medium Tank,https://thunderskill.com/vehimgs/ussr_t_34_85_zis_53.png,2026-10-07T10:00:06.368507+00:00
2026-10-07,1726,germ_pzkpfw_V_ausf_d_panther,Panther D,https://thunderskill.com/en/vehicle/germ_pzkpfw_V_ausf_d_panther,Ground forces,2,Medium Tank,medium_tank,GERMANY,R,3,416,35.79032258064517,50.65161290322581,Panther D germ_pzkpfw_V_ausf_d_panther Medium Tank,https://thunderskill.com/vehimgs/germ_pzkpfw_v_ausf_d_panther.png,2026-10-07T10:00:06.368507+00:00
2026-10-07,2343,jp_type_89,Type 89,https://thunderskill.com/en/vehicle/jp_type_89,Ground forces,2,Light Tank,light_tank,JAPAN,R,6,413,62.93741935483871,59.0074193548387,Type 89 jp_type_89 Light Tank,https://thunderskill.com/vehimgs/jp_type_89.png,2026-10-07T10:00:06.368507+00:00
2026-10-07,3307,ussr_object_292,Object 292,https://thunderskill.com/en/vehicle/ussr_object_292,Ground forces,2,Medium Tank,medium_tank,USSR,R,7,408,58.10566666666668,69.97096774193545,Object 292 ussr_object_292 Medium Tank,https://thunderskill.com/vehimgs/ussr_object_292.png,2026-10-07T10:00:06.368507+00:00
2026-10-07,3065,jp_type_16_mcv_prot,Type 16 (P),https://thunderskill.com/en/vehicle/jp_type_16_mcv_prot,Ground forces,2,Light Tank,light_tank,JAPAN,R,6,406,48.236451612903195,64.28967741935485,Type 16 (P) jp_type_16_mcv_prot Light Tank,https://thunderskill.com/vehimgs/jp_type_16_mcv_prot.png,2026-10-07T10:00:06.368507+00:00
2026-10-07,3093,sw_t_34_85_zis_53,T-34-85,https://thunderskill.com/en/vehicle/sw_t_34_85_zis_53,Ground forces,2,Medium Tank,medium_tank,SWEDEN,R,4,405,56.20096774193548,74.43741935483874,T-34-85 sw_t_34_85_zis_53 Medium Tank,https://thunderskill.com/vehimgs/sw_t_34_85_zis_53.png,2026-10-07T10:00:06.368507+00:00
2026-10-07,1965,jp_type_4_chi_to_late,Chi-To Late,https://thunderskill.com/en/vehicle/jp_type_4_chi_to_late,Ground forces,2,Medium Tank,medium_tank,JAPAN,R,3,403,81.52225806451614,77.2303225806452,Chi-To Late jp_type_4_chi_to_late Medium Tank,https://thunderskill.com/vehimgs/jp_type_4_chi_to_late.png,2026-10-07T10:00:06.368507+00:00
2026-10-07,1649,ussr_t_34_100,T-34-100,https://thunderskill.com/en/vehicle/ussr_t_34_100,Ground forces,2,Medium Tank,medium_tank,USSR,R,4,403,60.92419354838712,72.90161290322581,T-34-100 ussr_t_34_100 Medium Tank,https://thunderskill.com/vehimgs/ussr_t_34_100.png,2026-10-07T10:00:06.368507+00:00
2026-10-07,3190,germ_spz_oerlikon_raketenautomat,Raketenautomat,https://thunderskill.com/en/vehicle/germ_spz_oerlikon_raketenautomat,Ground forces,2,Tank Destroyer,tank_destroyer,GERMANY,R,5,403,29.887741935483884,49.788064516129054,Raketenautomat germ_spz_oerlikon_raketenautomat Tank Destroyer,https://thunderskill.com/vehimgs/germ_spz_oerlikon_raketenautomat.png,2026-10-07T10:00:06.368507+00:00
2026-10-07,1209,germ_flakpanzer_V_Coelian,Flakpanzer 341,https://thunderskill.com/en/vehicle/germ_flakpanzer_V_Coelian,Ground forces,2,SPAA,spaa,GERMANY,R,4,400,48.44774193548388,75.58387096774193,Flakpanzer 341 germ_flakpanzer_V_Coelian SPAA,https://thunderskill.com/vehimgs/germ_flakpanzer_v_coelian.png,2026-10-07T10:00:06.368507+00:00
2026-10-07,3230,us_losat_ccv,LOSAT,https://thunderskill.com/en/vehicle/us_losat_ccv,Ground forces,2,Missile Tank,tank_destroyer,USA,R,7,399,51.53833333333332,89.37419354838713,LOSAT us_losat_ccv Missile Tank,https://thunderskill.com/vehimgs/us_losat_ccv.png,2026-10-07T10:00:06.368507+00:00
2026-10-07,3594,ussr_btr_82at,БТР-82АТ,https://thunderskill.com/en/vehicle/ussr_btr_82at,Ground forces,2,other,other,USSR,R,6,398,45.868709677419346,54.90161290322581,БТР-82АТ ussr_btr_82at other,,2026-10-07T10:00:06.368507+00:00
2026-10-07,3486,fr_marder_df_105,DF105,https://thunderskill.com/en/vehicle/fr_marder_df_105,Ground forces,2,Light Tank,light_tank,FRANCE,R,5,397,50.03419354838708,67.68741935483871,DF105 fr_marder_df_105 Light Tank,,2026-10-07T10:00:06.368507+00:00
2026-10-07,1225,uk_falcon,Falcon,https://thunderskill.com/en/vehicle/uk_falcon,Ground forces,2,SPAA,spaa,BRITAIN,R,5,394,49.83548387096772,57.986129032258056,Falcon uk_falcon SPAA,https://thunderskill.com/vehimgs/uk_falcon.png,2026-10-07T10:00:06.368507+00:00
2026-10-07,1421,germ_pzkpfw_IV_ausf_H,Pz.IV H,https://thunderskill.com/en/vehicle/germ_pzkpfw_IV_ausf_H,Ground forces,2,Medium Tank,medium_tank,GERMANY,R,2,394,40.373548387096754,56.826774193548374,Pz.IV H germ_pzkpfw_IV_ausf_H Medium Tank,https://thunderskill.com/vehimgs/germ_pzkpfw_iv_ausf_h.png,2026-10-07T10:00:06.368507+00:00
2026-10-07,1905,jp_type_3_chi_nu_75cm_type_5,Chi-Nu II,https://thunderskill.com/en/vehicle/jp_type_3_chi_nu_75cm_type_5,Ground forces,2,Medium Tank,medium_tank,JAPAN,R,3,384,76.39806451612904,88.63225806451614,Chi-Nu II jp_type_3_chi_nu_75cm_type_5 Medium Tank,https://thunderskill.com/vehimgs/jp_type_3_chi_nu_75cm_type_5.png,2026-10-07T10:00:06.368507+00:00
2026-10-07,1828,ussr_kv_220,KV-220,https://thunderskill.com/en/vehicle/ussr_kv_220,Ground forces,2,Heavy Tank,heavy_tank,USSR,R,4,382,76.86645161290319,89.66709677419355,KV-220 ussr_kv_220 Heavy Tank,https://thunderskill.com/vehimgs/ussr_kv_220.png,2026-10-07T10:00:06.368507+00:00
2026-10-07,3292,uk_challenger_2_megatron,Challenger 2 OES,https://thunderskill.com/en/vehicle/uk_challenger_2_megatron,Ground forces,2,Medium Tank,medium_tank,BRITAIN,R,7,380,69.38483870967741,69.94451612903225,Challenger 2 OES uk_challenger_2_megatron Medium Tank,https://thunderskill.com/vehimgs/uk_challenger_2_megatron.png,2026-10-07T10:00:06.368507+00:00
2026-10-07,1601,germ_panzerjager_tiger,Jagdtiger,https://thunderskill.com/en/vehicle/germ_panzerjager_tiger,Ground forces,2,Tank Destroyer,tank_destroyer,GERMANY,R,4,379,35.27580645161291,66.13677419354838,Jagdtiger germ_panzerjager_tiger Tank Destroyer,https://thunderskill.com/vehimgs/germ_panzerjager_tiger.png,2026-10-07T10:00:06.368507+00:00
2026-10-07,1450,ussr_t_54_1947,T-54 (1947),https://thunderskill.com/en/vehicle/ussr_t_54_1947,Ground forces,2,Medium Tank,medium_tank,USSR,R,5,374,49.748387096774195,54.355806451612914,T-54 (1947) ussr_t_54_1947 Medium Tank,https://thunderskill.com/vehimgs/ussr_t_54_1947.png,2026-10-07T10:00:06.368507+00:00
2026-10-07,1861,jp_type_5_chi_ri,Chi-Ri II,https://thunderskill.com/en/vehicle/jp_type_5_chi_ri,Ground forces,2,Medium Tank,medium_tank,JAPAN,R,3,372,43.62370370370371,63.26516129032257,Chi-Ri II jp_type_5_chi_ri Medium Tank,https://thunderskill.com/vehimgs/jp_type_5_chi_ri.png,2026-10-07T10:00:06.368507+00:00
2026-10-07,3263,fr_amx_10p,AMX-10P,https://thunderskill.com/en/vehicle/fr_amx_10p,Ground forces,2,SPAA,spaa,FRANCE,R,4,372,52.954516129032264,47.6367741935484,AMX-10P fr_amx_10p SPAA,https://thunderskill.com/vehimgs/fr_amx_10p.png,2026-10-07T10:00:06.368507+00:00
2026-10-07,1919,uk_centurion_mk_1,Centurion Mk 1,https://thunderskill.com/en/vehicle/uk_centurion_mk_1,Ground forces,2,Medium Tank,medium_tank,BRITAIN,R,4,371,54.63935483870967,71.95838709677417,Centurion Mk 1 uk_centurion_mk_1 Medium Tank,https://thunderskill.com/vehimgs/uk_centurion_mk_1.png,2026-10-07T10:00:06.368507+00:00
2026-10-07,1910,us_t14,T14,https://thunderskill.com/en/vehicle/us_t14,Ground forces,2,Heavy Tank,heavy_tank,USA,R,3,369,57.12000000000002,91.9861290322581,T14 us_t14 Heavy Tank,https://thunderskill.com/vehimgs/us_t14.png,2026-10-07T10:00:06.368507+00:00
2026-10-07,2091,fr_lorraine_40t,Lorraine 40t,https://thunderskill.com/en/vehicle/fr_lorraine_40t,Ground forces,2,Medium Tank,medium_tank,FRANCE,R,5,368,66.82387096774197,64.13322580645162,Lorraine 40t fr_lorraine_40t Medium Tank,https://thunderskill.com/vehimgs/fr_lorraine_40t.png,2026-10-07T10:00:06.368507+00:00
2026-10-07,3289,sw_strv_122b_plus,Strv 122B+,https://thunderskill.com/en/vehicle/sw_strv_122b_plus,Ground forces,2,Medium Tank,medium_tank,SWEDEN,R,8,366,66.79709677419355,73.18935483870968,Strv 122B+ sw_strv_122b_plus Medium Tank,https://thunderskill.com/vehimgs/sw_strv_122b_plus.png,2026-10-07T10:00:06.368507+00:00
2026-10-07,3160,ussr_m53_59,M53/59,https://thunderskill.com/en/vehicle/ussr_m53_59,Ground forces,2,SPAA,spaa,USSR,R,4,361,35.3941935483871,45.50935483870967,M53/59 ussr_m53_59 SPAA,https://thunderskill.com/vehimgs/ussr_m53_59.png,2026-10-07T10:00:06.368507+00:00
2026-10-07,1491,us_m4a3e2_76w_sherman_jumbo,M4A3E2 (76) W,https://thunderskill.com/en/vehicle/us_m4a3e2_76w_sherman_jumbo,Ground forces,2,Heavy Tank,heavy_tank,USA,R,4,360,60.59483870967742,76.45935483870969,M4A3E2 (76) W us_m4a3e2_76w_sherman_jumbo Heavy Tank,https://thunderskill.com/vehimgs/us_m4a3e2_76w_sherman_jumbo.png,2026-10-07T10:00:06.368507+00:00
2026-10-07,3324,uk_fv721_fox,Fox,https://thunderskill.com/en/vehicle/uk_fv721_fox,Ground forces,2,Light Tank,light_tank,BRITAIN,R,5,360,62.456451612903244,70.89064516129031,Fox uk_fv721_fox Light Tank,https://thunderskill.com/vehimgs/uk_fv721_fox.png,2026-10-07T10:00:06.368507+00:00
2026-10-07,1719,ussr_t_34_1941_57,T-34-57,https://thunderskill.com/en/vehicle/ussr_t_34_1941_57,Ground forces,2,Medium Tank,medium_tank,USSR,R,3,360,56.37695652173913,58.477419354838716,T-34-57 ussr_t_34_1941_57 Medium Tank,https://thunderskill.com/vehimgs/ussr_t_34_1941_57.png,2026-10-07T10:00:06.368507+00:00
2026-10-07,2533,cn_ztz_96,ZTZ96,https://thunderskill.com/en/vehicle/cn_ztz_96,Ground forces,2,Medium Tank,medium_tank,CHINA,R,6,353,56.432258064516134,84.84000000000003,ZTZ96 cn_ztz_96 Medium Tank,https://thunderskill.com/vehimgs/cn_ztz_96.png,2026-10-07T10:00:06.368507+00:00
2026-10-07,3028,ussr_btr_zd,BTR-ZD,https://thunderskill.com/en/vehicle/ussr_btr_zd,Ground forces,2,SPAA,spaa,USSR,R,4,348,64.99806451612903,69.29451612903226,BTR-ZD ussr_btr_zd SPAA,https://thunderskill.com/vehimgs/ussr_btr_zd.png,2026-10-07T10:00:06.368507+00:00
2026-10-07,2093,fr_amx_30_1972,AMX-30 (1972),https://thunderskill.com/en/vehicle/fr_amx_30_1972,Ground forces,2,Medium Tank,medium_tank,FRANCE,R,5,347,55.547419354838695,66.10548387096775,AMX-30 (1972) fr_amx_30_1972 Medium Tank,https://thunderskill.com/vehimgs/fr_amx_30_1972.png,2026-10-07T10:00:06.368507+00:00
2026-10-07,1874,jp_type_60_sprg,Type 60 SPRG (C),https://thunderskill.com/en/vehicle/jp_type_60_sprg,Ground forces,2,Tank Destroyer,tank_destroyer,JAPAN,R,4,347,56.50032258064517,62.71483870967742,Type 60 SPRG (C) jp_type_60_sprg Tank Destroyer,https://thunderskill.com/vehimgs/jp_type_60_sprg.png,2026-10-07T10:00:06.368507+00:00
2026-10-07,3264,ussr_btr_152d,BTR-152D,https://thunderskill.com/en/vehicle/ussr_btr_152d,Ground forces,2,SPAA,spaa,USSR,R,3,347,25.3648,42.65193548387097,BTR-152D ussr_btr_152d SPAA,https://thunderskill.com/vehimgs/ussr_btr_152d.png,2026-10-07T10:00:06.368507+00:00
2026-10-07,3110,sw_t_72m1,T-72M1,https://thunderskill.com/en/vehicle/sw_t_72m1,Ground forces,2,Medium Tank,medium_tank,SWEDEN,R,6,342,51.25322580645161,72.02903225806453,T-72M1 sw_t_72m1 Medium Tank,https://thunderskill.com/vehimgs/sw_t_72m1.png,2026-10-07T10:00:06.368507+00:00
2026-10-07,2878,germ_marder_1a3,Marder 1A3,https://thunderskill.com/en/vehicle/germ_marder_1a3,Ground forces,2,Light Tank,light_tank,GERMANY,R,5,341,37.15903225806452,46.635483870967754,Marder 1A3 germ_marder_1a3 Light Tank,https://thunderskill.com/vehimgs/germ_marder_1a3.png,2026-10-07T10:00:06.368507+00:00
2026-10-07,1440,germ_panzerjager_panther,Jagdpanther G1,https://thunderskill.com/en/vehicle/germ_panzerjager_panther,Ground forces,2,Tank Destroyer,tank_destroyer,GERMANY,R,4,340,36.48161290322582,63.27645161290322,Jagdpanther G1 germ_panzerjager_panther Tank Destroyer,https://thunderskill.com/vehimgs/germ_panzerjager_panther.png,2026-10-07T10:00:07.975938+00:00
2026-10-07,3222,germ_spz_12_3,SPz 12-3 LGS,https://thunderskill.com/en/vehicle/germ_spz_12_3,Ground forces,2,Light Tank,light_tank,GERMANY,R,4,336,69.9775,85.24096774193552,SPz 12-3 LGS germ_spz_12_3 Light Tank,https://thunderskill.com/vehimgs/germ_spz_12_3.png,2026-10-07T10:00:07.975938+00:00
2026-10-07,2882,jp_m19,M19A1,https://thunderskill.com/en/vehicle/jp_m19,Ground forces,2,SPAA,spaa,JAPAN,R,3,333,54.52612903225808,54.07612903225806,M19A1 jp_m19 SPAA,https://thunderskill.com/vehimgs/jp_m19.png,2026-10-07T10:00:07.975938+00:00
2026-10-07,3689,jp_type_90b_sm,◍Type 90 (B),https://thunderskill.com/en/vehicle/jp_type_90b_sm,Ground forces,2,other,other,JAPAN,R,7,332,51.34870967741936,63.86548387096774,◍Type 90 (B) jp_type_90b_sm other,,2026-10-07T10:00:07.975938+00:00
2026-10-07,3705,uk_m1a2_sep3_abrams,M1A2,https://thunderskill.com/en/vehicle/uk_m1a2_sep3_abrams,Ground forces,2,other,other,BRITAIN,R,8,331,66.29645161290324,84.24161290322581,M1A2 uk_m1a2_sep3_abrams other,,2026-10-07T10:00:07.975938+00:00
2026-10-07,3509,ussr_t_34_85_zis_53_v80,"Т-34-85 ""Партизан""",https://thunderskill.com/en/vehicle/ussr_t_34_85_zis_53_v80,Ground forces,2,Medium Tank,medium_tank,USSR,R,3,331,57.14193548387098,69.4216129032258,"Т-34-85 ""Партизан"" ussr_t_34_85_zis_53_v80 Medium Tank",,2026-10-07T10:00:07.975938+00:00
2026-10-07,2918,germ_marder_df_105,DF105,https://thunderskill.com/en/vehicle/germ_marder_df_105,Ground forces,2,Light Tank,light_tank,GERMANY,R,5,331,33.45000000000001,57.84032258064516,DF105 germ_marder_df_105 Light Tank,https://thunderskill.com/vehimgs/germ_marder_df_105.png,2026-10-07T10:00:07.975938+00:00
2026-10-07,1671,germ_pzkpfw_V_ausf_g_panther,Panther G,https://thunderskill.com/en/vehicle/germ_pzkpfw_V_ausf_g_panther,Ground forces,2,Medium Tank,medium_tank,GERMANY,R,4,331,18.27935483870968,55.008709677419354,Panther G germ_pzkpfw_V_ausf_g_panther Medium Tank,https://thunderskill.com/vehimgs/germ_pzkpfw_v_ausf_g_panther.png,2026-10-07T10:00:07.975938+00:00
2026-10-07,1455,ussr_is_3,IS-3,https://thunderskill.com/en/vehicle/ussr_is_3,Ground forces,2,Heavy Tank,heavy_tank,USSR,R,5,330,61.36964285714287,67.29677419354839,IS-3 ussr_is_3 Heavy Tank,https://thunderskill.com/vehimgs/ussr_is_3.png,2026-10-07T10:00:07.975938+00:00
2026-10-07,2007,ussr_su_100p,SU-100P,https://thunderskill.com/en/vehicle/ussr_su_100p,Ground forces,2,Tank Destroyer,tank_destroyer,USSR,R,4,329,70.73064516129034,52.41612903225807,SU-100P ussr_su_100p Tank Destroyer,https://thunderskill.com/vehimgs/ussr_su_100p.png,2026-10-07T10:00:07.975938+00:00
2026-10-07,2837,uk_concept3_ngac,Concept 3,https://thunderskill.com/en/vehicle/uk_concept3_ngac,Ground forces,2,Light Tank,light_tank,BRITAIN,R,3,329,55.74612903225806,52.02451612903225,Concept 3 uk_concept3_ngac Light Tank,https://thunderskill.com/vehimgs/uk_concept3_ngac.png,2026-10-07T10:00:07.975938+00:00
2026-10-07,3101,jp_tkx_prot,TKX,https://thunderskill.com/en/vehicle/jp_tkx_prot,Ground forces,2,Medium Tank,medium_tank,JAPAN,R,8,326,61.498064516129034,69.78225806451611,TKX jp_tkx_prot Medium Tank,https://thunderskill.com/vehimgs/jp_tkx_prot.png,2026-10-07T10:00:07.975938+00:00
2026-10-07,2835,germ_marder_1a1,Marder A1-,https://thunderskill.com/en/vehicle/germ_marder_1a1,Ground forces,2,Light Tank,light_tank,GERMANY,R,5,326,30.080967741935495,31.492580645161297,Marder A1- germ_marder_1a1 Light Tank,https://thunderskill.com/vehimgs/germ_marder_1a1.png,2026-10-07T10:00:07.975938+00:00
2026-10-07,2543,sw_strv_103_0,Strv 103-0,https://thunderskill.com/en/vehicle/sw_strv_103_0,Ground forces,2,Medium Tank,medium_tank,SWEDEN,R,5,325,43.12032258064517,89.42645161290322,Strv 103-0 sw_strv_103_0 Medium Tank,https://thunderskill.com/vehimgs/sw_strv_103_0.png,2026-10-07T10:00:07.975938+00:00
2026-10-07,1983,us_m60a1_rise_passive_era,M60A1 RISE (P),https://thunderskill.com/en/vehicle/us_m60a1_rise_passive_era,Ground forces,2,Medium Tank,medium_tank,USA,R,6,322,59.876129032258085,64.70354838709676,M60A1 RISE (P) us_m60a1_rise_passive_era Medium Tank,https://thunderskill.com/vehimgs/us_m60a1_rise_passive_era.png,2026-10-07T10:00:07.975938+00:00
2026-10-07,3197,ussr_object_435,Object 435,https://thunderskill.com/en/vehicle/ussr_object_435,Ground forces,2,Medium Tank,medium_tank,USSR,R,6,320,50.594193548387096,55.91548387096777,Object 435 ussr_object_435 Medium Tank,https://thunderskill.com/vehimgs/ussr_object_435.png,2026-10-07T10:00:07.975938+00:00
2026-10-07,3474,uk_shir_2,FV4030/3,https://thunderskill.com/en/vehicle/uk_shir_2,Ground forces,2,Medium Tank,medium_tank,BRITAIN,R,6,319,60.518387096774205,87.64096774193548,FV4030/3 uk_shir_2 Medium Tank,,2026-10-07T10:00:07.975938+00:00
2026-10-07,1401,ussr_kv_1e,KV-1E,https://thunderskill.com/en/vehicle/ussr_kv_1e,Ground forces,2,Heavy Tank,heavy_tank,USSR,R,3,319,59.546129032258065,87.23290322580644,KV-1E ussr_kv_1e Heavy Tank,https://thunderskill.com/vehimgs/ussr_kv_1e.png,2026-10-07T10:00:07.975938+00:00
2026-10-07,3308,us_m551_76,M551(76),https://thunderskill.com/en/vehicle/us_m551_76,Ground forces,2,Light Tank,light_tank,USA,R,4,319,55.372903225806446,66.86903225806452,M551(76) us_m551_76 Light Tank,https://thunderskill.com/vehimgs/us_m551_76.png,2026-10-07T10:00:07.975938+00:00
2026-10-07,3103,sw_zsu_57_2,ZSU-57-2,https://thunderskill.com/en/vehicle/sw_zsu_57_2,Ground forces,2,SPAA,spaa,SWEDEN,R,5,319,47.30129032258064,53.18419354838711,ZSU-57-2 sw_zsu_57_2 SPAA,https://thunderskill.com/vehimgs/sw_zsu_57_2.png,2026-10-07T10:00:07.975938+00:00
2026-10-07,1599,us_m4a1_76w_sherman,M4A1 (76) W,https://thunderskill.com/en/vehicle/us_m4a1_76w_sherman,Ground forces,2,Medium Tank,medium_tank,USA,R,3,318,49.8716129032258,65.74612903225805,M4A1 (76) W us_m4a1_76w_sherman Medium Tank,https://thunderskill.com/vehimgs/us_m4a1_76w_sherman.png,2026-10-07T10:00:07.975938+00:00
2026-10-07,1865,jp_type_61,Type 61,https://thunderskill.com/en/vehicle/jp_type_61,Ground forces,2,Medium Tank,medium_tank,JAPAN,R,4,316,66.42612903225809,58.514193548387105,Type 61 jp_type_61 Medium Tank,https://thunderskill.com/vehimgs/jp_type_61.png,2026-10-07T10:00:07.975938+00:00
2026-10-07,3137,uk_khalid,Khalid,https://thunderskill.com/en/vehicle/uk_khalid,Ground forces,2,Medium Tank,medium_tank,BRITAIN,R,6,313,59.034838709677416,74.58451612903227,Khalid uk_khalid Medium Tank,https://thunderskill.com/vehimgs/uk_khalid.png,2026-10-07T10:00:07.975938+00:00
2026-10-07,3517,germ_iris_slm_fcs,IRIS-T SLM (СОЦ),https://thunderskill.com/en/vehicle/germ_iris_slm_fcs,Ground forces,2,SPAA,spaa,GERMANY,R,8,313,42.49199999999999,62.27838709677419,IRIS-T SLM (СОЦ) germ_iris_slm_fcs SPAA,,2026-10-07T10:00:07.975938+00:00
2026-10-07,2853,jp_m47_patton_II,M47,https://thunderskill.com/en/vehicle/jp_m47_patton_II,Ground forces,2,Medium Tank,medium_tank,JAPAN,R,5,313,55.729032258064514,60.07225806451614,M47 jp_m47_patton_II Medium Tank,https://thunderskill.com/vehimgs/jp_m47_patton_ii.png,2026-10-07T10:00:07.975938+00:00
2026-10-07,2761,jp_st_a3,ST-A3,https://thunderskill.com/en/vehicle/jp_st_a3,Ground forces,2,Medium Tank,medium_tank,JAPAN,R,4,310,55.629354838709666,68.02322580645159,ST-A3 jp_st_a3 Medium Tank,https://thunderskill.com/vehimgs/jp_st_a3.png,2026-10-07T10:00:07.975938+00:00
2026-10-07,2092,fr_amx_50_surbaisse,AMX-50 Surbaissé,https://thunderskill.com/en/vehicle/fr_amx_50_surbaisse,Ground forces,2,Heavy Tank,heavy_tank,FRANCE,R,5,310,76.92774193548388,62.37096774193548,AMX-50 Surbaissé fr_amx_50_surbaisse Heavy Tank,https://thunderskill.com/vehimgs/fr_amx_50_surbaisse.png,2026-10-07T10:00:07.975938+00:00
2026-10-07,2971,fr_amx_elc_bis,ELC bis,https://thunderskill.com/en/vehicle/fr_amx_elc_bis,Ground forces,2,Tank Destroyer,tank_destroyer,FRANCE,R,4,308,58.157419354838716,73.62161290322581,ELC bis fr_amx_elc_bis Tank Destroyer,https://thunderskill.com/vehimgs/fr_amx_elc_bis.png,2026-10-07T10:00:07.975938+00:00
2026-10-07,2147,fr_amx_40,AMX-40,https://thunderskill.com/en/vehicle/fr_amx_40,Ground forces,2,Medium Tank,medium_tank,FRANCE,R,6,308,66.60129032258065,64.18193548387096,AMX-40 fr_amx_40 Medium Tank,https://thunderskill.com/vehimgs/fr_amx_40.png,2026-10-07T10:00:07.975938+00:00
2026-10-07,2392,us_adats_bradley,ADATS,https://thunderskill.com/en/vehicle/us_adats_bradley,Ground forces,2,Missile Tank,tank_destroyer,USA,R,8,308,48.7455,36.20516129032257,ADATS us_adats_bradley Missile Tank,https://thunderskill.com/vehimgs/us_adats_bradley.png,2026-10-07T10:00:07.975938+00:00
2026-10-07,1648,germ_pzkpfw_V_ausf_f_panther,Panther F,https://thunderskill.com/en/vehicle/germ_pzkpfw_V_ausf_f_panther,Ground forces,2,Medium Tank,medium_tank,GERMANY,R,4,307,39.292,58.430967741935476,Panther F germ_pzkpfw_V_ausf_f_panther Medium Tank,https://thunderskill.com/vehimgs/germ_pzkpfw_v_ausf_f_panther.png,2026-10-07T10:00:07.975938+00:00
2026-10-07,2857,fr_panhard_ebr_1963,E.B.R. (1963),https://thunderskill.com/en/vehicle/fr_panhard_ebr_1963,Ground forces,2,Light Tank,light_tank,FRANCE,R,5,305,53.32322580645161,82.04774193548388,E.B.R. (1963) fr_panhard_ebr_1963 Light Tank,https://thunderskill.com/vehimgs/fr_panhard_ebr_1963.png,2026-10-07T10:00:07.975938+00:00
2026-10-07,3291,jp_type_99,Type 99,https://thunderskill.com/en/vehicle/jp_type_99,Ground forces,2,Tank Destroyer,tank_destroyer,JAPAN,R,5,305,67.07387096774194,58.41193548387097,Type 99 jp_type_99 Tank Destroyer,https://thunderskill.com/vehimgs/jp_type_99.png,2026-10-07T10:00:07.975938+00:00
2026-10-07,2303,it_fiat_6614_106sr,FIAT 6614,https://thunderskill.com/en/vehicle/it_fiat_6614_106sr,Ground forces,2,Light Tank,light_tank,ITALY,R,4,305,88.52266666666668,54.268709677419366,FIAT 6614 it_fiat_6614_106sr Light Tank,https://thunderskill.com/vehimgs/it_fiat_6614_106sr.png,2026-10-07T10:00:07.975938+00:00
2026-10-07,2563,sw_sav_fm48,SAV 20.12.48,https://thunderskill.com/en/vehicle/sw_sav_fm48,Ground forces,2,Tank Destroyer,tank_destroyer,SWEDEN,R,3,304,50.05451612903226,69.34870967741936,SAV 20.12.48 sw_sav_fm48 Tank Destroyer,https://thunderskill.com/vehimgs/sw_sav_fm48.png,2026-10-07T10:00:07.975938+00:00
2026-10-07,3323,ussr_zsu_23_4m4,ZSU-23-4M4,https://thunderskill.com/en/vehicle/ussr_zsu_23_4m4,Ground forces,2,SPAA,spaa,USSR,R,6,303,31.934193548387107,42.82645161290322,ZSU-23-4M4 ussr_zsu_23_4m4 SPAA,https://thunderskill.com/vehimgs/ussr_zsu_23_4m4.png,2026-10-07T10:00:07.975938+00:00
2026-10-07,1438,germ_kv_1_kwk_40,KW I C 756 (r),https://thunderskill.com/en/vehicle/germ_kv_1_kwk_40,Ground forces,2,Heavy Tank,heavy_tank,GERMANY,R,3,301,46.31483870967741,85.40387096774194,KW I C 756 (r) germ_kv_1_kwk_40 Heavy Tank,https://thunderskill.com/vehimgs/germ_kv_1_kwk_40.png,2026-10-07T10:00:07.975938+00:00
2026-10-07,2606,sw_strv_74,Strv 74,https://thunderskill.com/en/vehicle/sw_strv_74,Ground forces,2,Light Tank,light_tank,SWEDEN,R,4,301,46.07677419354839,60.753548387096764,Strv 74 sw_strv_74 Light Tank,https://thunderskill.com/vehimgs/sw_strv_74.png,2026-10-07T10:00:07.975938+00:00
2026-10-07,2711,ussr_t_72b_1989,T-72B (1989),https://thunderskill.com/en/vehicle/ussr_t_72b_1989,Ground forces,2,Medium Tank,medium_tank,USSR,R,7,301,33.527741935483874,55.7193548387097,T-72B (1989) ussr_t_72b_1989 Medium Tank,https://thunderskill.com/vehimgs/ussr_t_72b_1989.png,2026-10-07T10:00:07.975938+00:00
2026-10-07,2742,ussr_zsu_37_2,ZSU-37-2,https://thunderskill.com/en/vehicle/ussr_zsu_37_2,Ground forces,2,SPAA,spaa,USSR,R,5,299,34.93806451612904,45.08516129032258,ZSU-37-2 ussr_zsu_37_2 SPAA,https://thunderskill.com/vehimgs/ussr_zsu_37_2.png,2026-10-07T10:00:07.975938+00:00
2026-10-07,3561,sw_cv_90105,CV 90105 TML,https://thunderskill.com/en/vehicle/sw_cv_90105,Ground forces,2,other,other,SWEDEN,R,6,291,58.59870967741935,49.382580645161276,CV 90105 TML sw_cv_90105 other,,2026-10-07T10:00:07.975938+00:00
2026-10-07,3493,jp_type_74_red_star,Type 74 Red Star,https://thunderskill.com/en/vehicle/jp_type_74_red_star,Ground forces,2,Medium Tank,medium_tank,JAPAN,R,5,288,63.587666666666685,76.02129032258065,Type 74 Red Star jp_type_74_red_star Medium Tank,,2026-10-07T10:00:07.975938+00:00
2026-10-07,3195,uk_vijayanta,Vijayanta,https://thunderskill.com/en/vehicle/uk_vijayanta,Ground forces,2,Medium Tank,medium_tank,BRITAIN,R,6,288,64.04741935483871,71.46322580645162,Vijayanta uk_vijayanta Medium Tank,https://thunderskill.com/vehimgs/uk_vijayanta.png,2026-10-07T10:00:07.975938+00:00
2026-10-07,3025,il_merkava_mk_3b,Merkava Mk.3B,https://thunderskill.com/en/vehicle/il_merkava_mk_3b,Ground forces,2,Medium Tank,medium_tank,ISRAEL,R,7,288,73.5,53.0832258064516,Merkava Mk.3B il_merkava_mk_3b Medium Tank,https://thunderskill.com/vehimgs/il_merkava_mk_3b.png,2026-10-07T10:00:07.975938+00:00
2026-10-07,2963,cn_ztz_96a_prot,ZTZ96A (P),https://thunderskill.com/en/vehicle/cn_ztz_96a_prot,Ground forces,2,Medium Tank,medium_tank,CHINA,R,7,287,55.40193548387096,69.24225806451614,ZTZ96A (P) cn_ztz_96a_prot Medium Tank,https://thunderskill.com/vehimgs/cn_ztz_96a_prot.png,2026-10-07T10:00:07.975938+00:00
2026-10-07,2958,il_merkava_mk_2d,Merkava Mk.2D,https://thunderskill.com/en/vehicle/il_merkava_mk_2d,Ground forces,2,Medium Tank,medium_tank,ISRAEL,R,6,286,45.805161290322594,72.4532258064516,Merkava Mk.2D il_merkava_mk_2d Medium Tank,https://thunderskill.com/vehimgs/il_merkava_mk_2d.png,2026-10-07T10:00:07.975938+00:00
2026-10-07,1445,germ_flakpanzer_IV_Kugelblitz,Kugelblitz,https://thunderskill.com/en/vehicle/germ_flakpanzer_IV_Kugelblitz,Ground forces,2,SPAA,spaa,GERMANY,R,4,284,47.71935483870966,64.82096774193548,Kugelblitz germ_flakpanzer_IV_Kugelblitz SPAA,https://thunderskill.com/vehimgs/germ_flakpanzer_iv_kugelblitz.png,2026-10-07T10:00:07.975938+00:00
2026-10-07,3480,it_c1_ariete_certezza,Ariete Сertezza,https://thunderskill.com/en/vehicle/it_c1_ariete_certezza,Ground forces,2,Medium Tank,medium_tank,ITALY,R,7,282,62.235483870967755,66.68548387096776,Ariete Сertezza it_c1_ariete_certezza Medium Tank,,2026-10-07T10:00:07.975938+00:00
2026-10-07,3241,jp_type_10_prototype,TKX (P),https://thunderskill.com/en/vehicle/jp_type_10_prototype,Ground forces,2,Medium Tank,medium_tank,JAPAN,R,7,282,49.002903225806435,62.025806451612894,TKX (P) jp_type_10_prototype Medium Tank,https://thunderskill.com/vehimgs/jp_type_10_prototype.png,2026-10-07T10:00:07.975938+00:00
2026-10-07,2821,fr_sk105_a2,SK-105A2,https://thunderskill.com/en/vehicle/fr_sk105_a2,Ground forces,2,Light Tank,light_tank,FRANCE,R,6,281,59.15451612903227,79.92387096774192,SK-105A2 fr_sk105_a2 Light Tank,https://thunderskill.com/vehimgs/fr_sk105_a2.png,2026-10-07T10:00:07.975938+00:00
2026-10-07,2571,us_m60a3_tts,M60A3 TTS,https://thunderskill.com/en/vehicle/us_m60a3_tts,Ground forces,2,Medium Tank,medium_tank,USA,R,6,281,50.49709677419355,55.93838709677421,M60A3 TTS us_m60a3_tts Medium Tank,https://thunderskill.com/vehimgs/us_m60a3_tts.png,2026-10-07T10:00:07.975938+00:00
2026-10-07,1717,us_m18_super_hellcat,Super Hellcat,https://thunderskill.com/en/vehicle/us_m18_super_hellcat,Ground forces,2,Light Tank,light_tank,USA,R,4,280,61.93548387096776,77.61516129032256,Super Hellcat us_m18_super_hellcat Light Tank,https://thunderskill.com/vehimgs/us_m18_super_hellcat.png,2026-10-07T10:00:07.975938+00:00
2026-10-07,2302,it_m15_42_contraereo,M42 Contraereo,https://thunderskill.com/en/vehicle/it_m15_42_contraereo,Ground forces,2,SPAA,spaa,ITALY,R,3,280,49.985,61.588709677419345,M42 Contraereo it_m15_42_contraereo SPAA,https://thunderskill.com/vehimgs/it_m15_42_contraereo.png,2026-10-07T10:00:07.975938+00:00
2026-10-07,1623,us_m46_patton,M46,https://thunderskill.com/en/vehicle/us_m46_patton,Ground forces,2,Medium Tank,medium_tank,USA,R,4,279,57.67677419354839,62.692258064516125,M46 us_m46_patton Medium Tank,https://thunderskill.com/vehimgs/us_m46_patton.png,2026-10-07T10:00:07.975938+00:00
2026-10-07,2816,uk_rooikat_za_35,ZA-35,https://thunderskill.com/en/vehicle/uk_rooikat_za_35,Ground forces,2,SPAA,spaa,BRITAIN,R,6,277,60.10709677419357,58.504838709677415,ZA-35 uk_rooikat_za_35 SPAA,https://thunderskill.com/vehimgs/uk_rooikat_za_35.png,2026-10-07T10:00:07.975938+00:00
2026-10-07,1488,germ_flakpanzer_IV_Wirbelwind,Wirbelwind,https://thunderskill.com/en/vehicle/germ_flakpanzer_IV_Wirbelwind,Ground forces,2,SPAA,spaa,GERMANY,R,3,277,37.02032258064516,55.7890322580645,Wirbelwind germ_flakpanzer_IV_Wirbelwind SPAA,https://thunderskill.com/vehimgs/germ_flakpanzer_iv_wirbelwind.png,2026-10-07T10:00:07.975938+00:00
2026-10-07,3406,ussr_object_140,Object 140,https://thunderskill.com/en/vehicle/ussr_object_140,Ground forces,2,Medium Tank,medium_tank,USSR,R,6,276,53.214642857142856,70.3790322580645,Object 140 ussr_object_140 Medium Tank,,2026-10-07T10:00:07.975938+00:00
2026-10-07,3018,cn_ztz_99a,ZTZ99A,https://thunderskill.com/en/vehicle/cn_ztz_99a,Ground forces,2,Medium Tank,medium_tank,CHINA,R,8,274,67.05129032258066,72.73741935483869,ZTZ99A cn_ztz_99a Medium Tank,https://thunderskill.com/vehimgs/cn_ztz_99a.png,2026-10-07T10:00:07.975938+00:00
2026-10-07,1388,germ_panther_II,Panther II,https://thunderskill.com/en/vehicle/germ_panther_II,Ground forces,2,Medium Tank,medium_tank,GERMANY,R,4,269,54.16290322580645,75.66741935483873,Panther II germ_panther_II Medium Tank,https://thunderskill.com/vehimgs/germ_panther_ii.png,2026-10-07T10:00:07.975938+00:00
2026-10-07,3027,it_vbc_pt2,VBC (PT2),https://thunderskill.com/en/vehicle/it_vbc_pt2,Ground forces,2,Light Tank,light_tank,ITALY,R,6,269,55.080322580645166,50.73709677419355,VBC (PT2) it_vbc_pt2 Light Tank,https://thunderskill.com/vehimgs/it_vbc_pt2.png,2026-10-07T10:00:07.975938+00:00
2026-10-07,2162,ussr_t_55_am,T-55AM-1,https://thunderskill.com/en/vehicle/ussr_t_55_am,Ground forces,2,Medium Tank,medium_tank,USSR,R,6,268,40.57645161290322,64.1941935483871,T-55AM-1 ussr_t_55_am Medium Tank,https://thunderskill.com/vehimgs/ussr_t_55_am.png,2026-10-07T10:00:07.975938+00:00
2026-10-07,3520,sw_m24_chaffee_dk,M24DK,https://thunderskill.com/en/vehicle/sw_m24_chaffee_dk,Ground forces,2,Light Tank,light_tank,SWEDEN,R,3,266,51.615806451612904,51.88806451612903,M24DK sw_m24_chaffee_dk Light Tank,,2026-10-07T10:00:07.975938+00:00
2026-10-07,3436,germ_flakpanzer_IV_Ostwind_2_net,Ostwind Ost,https://thunderskill.com/en/vehicle/germ_flakpanzer_IV_Ostwind_2_net,Ground forces,2,SPAA,spaa,GERMANY,R,3,266,33.923225806451626,42.11999999999999,Ostwind Ost germ_flakpanzer_IV_Ostwind_2_net SPAA,,2026-10-07T10:00:07.975938+00:00
2026-10-07,3108,sw_leopard_2a4_fin,Leopard 2A4,https://thunderskill.com/en/vehicle/sw_leopard_2a4_fin,Ground forces,2,Medium Tank,medium_tank,SWEDEN,R,7,262,69.22354838709678,73.8609677419355,Leopard 2A4 sw_leopard_2a4_fin Medium Tank,https://thunderskill.com/vehimgs/sw_leopard_2a4_fin.png,2026-10-07T10:00:07.975938+00:00
2026-10-07,3071,sw_leopard_1a5no,Leopard 1A5NO2,https://thunderskill.com/en/vehicle/sw_leopard_1a5no,Ground forces,2,Medium Tank,medium_tank,SWEDEN,R,6,262,46.62037037037039,70.47838709677423,Leopard 1A5NO2 sw_leopard_1a5no Medium Tank,https://thunderskill.com/vehimgs/sw_leopard_1a5no.png,2026-10-07T10:00:07.975938+00:00
2026-10-07,2624,sw_strv_101,Strv 101,https://thunderskill.com/en/vehicle/sw_strv_101,Ground forces,2,Medium Tank,medium_tank,SWEDEN,R,5,262,40.86032258064515,50.86612903225805,Strv 101 sw_strv_101 Medium Tank,https://thunderskill.com/vehimgs/sw_strv_101.png,2026-10-07T10:00:07.975938+00:00
2026-10-07,3208,il_magach_6_rocket,Magach Hydra,https://thunderskill.com/en/vehicle/il_magach_6_rocket,Ground forces,2,Medium Tank,medium_tank,ISRAEL,R,6,261,86.32870967741937,94.08709677419353,Magach Hydra il_magach_6_rocket Medium Tank,https://thunderskill.com/vehimgs/il_magach_6_rocket.png,2026-10-07T10:00:07.975938+00:00
2026-10-07,3202,sw_sherman_3_4,Sherman III/IV,https://thunderskill.com/en/vehicle/sw_sherman_3_4,Ground forces,2,Medium Tank,medium_tank,SWEDEN,R,3,261,43.89241379310345,87.14548387096775,Sherman III/IV sw_sherman_3_4 Medium Tank,https://thunderskill.com/vehimgs/sw_sherman_3_4.png,2026-10-07T10:00:07.975938+00:00
2026-10-07,1763,germ_kv_1B_finland,KV-IB,https://thunderskill.com/en/vehicle/germ_kv_1B_finland,Ground forces,2,Heavy Tank,heavy_tank,GERMANY,R,3,260,55.85225806451613,93.72774193548382,KV-IB germ_kv_1B_finland Heavy Tank,https://thunderskill.com/vehimgs/germ_kv_1b_finland.png,2026-10-07T10:00:07.975938+00:00
2026-10-07,2166,fr_bat_chat_25t,Char 25t,https://thunderskill.com/en/vehicle/fr_bat_chat_25t,Ground forces,2,Light Tank,light_tank,FRANCE,R,5,260,52.08354838709677,69.58,Char 25t fr_bat_chat_25t Light Tank,https://thunderskill.com/vehimgs/fr_bat_chat_25t.png,2026-10-07T10:00:07.975938+00:00
2026-10-07,3275,uk_vickers_mk_11,Vickers Mk.11,https://thunderskill.com/en/vehicle/uk_vickers_mk_11,Ground forces,2,Light Tank,light_tank,BRITAIN,R,6,260,58.917419354838714,67.53193548387097,Vickers Mk.11 uk_vickers_mk_11 Light Tank,https://thunderskill.com/vehimgs/uk_vickers_mk_11.png,2026-10-07T10:00:07.975938+00:00
2026-10-07,2323,it_of_40_mk_1,OF-40,https://thunderskill.com/en/vehicle/it_of_40_mk_1,Ground forces,2,Medium Tank,medium_tank,ITALY,R,5,260,71.90129032258066,65.95903225806452,OF-40 it_of_40_mk_1 Medium Tank,https://thunderskill.com/vehimgs/it_of_40_mk_1.png,2026-10-07T10:00:07.975938+00:00
2026-10-07,2374,ussr_zprk_2s6,2S6,https://thunderskill.com/en/vehicle/ussr_zprk_2s6,Ground forces,2,SPAA,spaa,USSR,R,7,259,55.02387096774194,45.26225806451614,2S6 ussr_zprk_2s6 SPAA,https://thunderskill.com/vehimgs/ussr_zprk_2s6.png,2026-10-07T10:00:07.975938+00:00
2026-10-07,2171,germ_mkpz_m48a2ga2,M48A2 G A2,https://thunderskill.com/en/vehicle/germ_mkpz_m48a2ga2,Ground forces,2,Medium Tank,medium_tank,GERMANY,R,6,258,36.13967741935485,64.6083870967742,M48A2 G A2 germ_mkpz_m48a2ga2 Medium Tank,https://thunderskill.com/vehimgs/germ_mkpz_m48a2ga2.png,2026-10-07T10:00:07.975938+00:00
2026-10-07,1218,uk_chieftain_mk_3,Chieftain Mk 3,https://thunderskill.com/en/vehicle/uk_chieftain_mk_3,Ground forces,2,Medium Tank,medium_tank,BRITAIN,R,6,258,67.27806451612904,60.967741935483865,Chieftain Mk 3 uk_chieftain_mk_3 Medium Tank,https://thunderskill.com/vehimgs/uk_chieftain_mk_3.png,2026-10-07T10:00:07.975938+00:00
2026-10-07,2633,sw_strv_122,Strv 122A,https://thunderskill.com/en/vehicle/sw_strv_122,Ground forces,2,Medium Tank,medium_tank,SWEDEN,R,8,256,66.14935483870968,68.93709677419356,Strv 122A sw_strv_122 Medium Tank,https://thunderskill.com/vehimgs/sw_strv_122.png,2026-10-07T10:00:07.975938+00:00
2026-10-07,1900,jp_st_a2,ST-A2,https://thunderskill.com/en/vehicle/jp_st_a2,Ground forces,2,Medium Tank,medium_tank,JAPAN,R,4,256,56.6782142857143,61.210645161290316,ST-A2 jp_st_a2 Medium Tank,https://thunderskill.com/vehimgs/jp_st_a2.png,2026-10-07T10:00:07.975938+00:00
2026-10-07,2792,uk_ratel_90,Ratel 90,https://thunderskill.com/en/vehicle/uk_ratel_90,Ground forces,2,Light Tank,light_tank,BRITAIN,R,4,256,50.921290322580646,58.89322580645162,Ratel 90 uk_ratel_90 Light Tank,https://thunderskill.com/vehimgs/uk_ratel_90.png,2026-10-07T10:00:07.975938+00:00
2026-10-07,2079,fr_arl_44,ARL-44,https://thunderskill.com/en/vehicle/fr_arl_44,Ground forces,2,Tank Destroyer,tank_destroyer,FRANCE,R,3,256,47.86419354838709,50.099999999999994,ARL-44 fr_arl_44 Tank Destroyer,https://thunderskill.com/vehimgs/fr_arl_44.png,2026-10-07T10:00:07.975938+00:00
2026-10-07,2432,cn_m24_chaffee,␗M24,https://thunderskill.com/en/vehicle/cn_m24_chaffee,Ground forces,2,Light Tank,light_tank,CHINA,R,2,255,67.02666666666667,53.26548387096774,␗M24 cn_m24_chaffee Light Tank,https://thunderskill.com/vehimgs/cn_m24_chaffee.png,2026-10-07T10:00:07.975938+00:00
2026-10-07,2676,it_m18_hellcat,M18,https://thunderskill.com/en/vehicle/it_m18_hellcat,Ground forces,2,Light Tank,light_tank,ITALY,R,4,252,61.56225806451615,60.16709677419355,M18 it_m18_hellcat Light Tank,https://thunderskill.com/vehimgs/it_m18_hellcat.png,2026-10-07T10:00:07.975938+00:00
2026-10-07,1473,us_m4a3e2_sherman_jumbo,M4A3E2,https://thunderskill.com/en/vehicle/us_m4a3e2_sherman_jumbo,Ground forces,2,Heavy Tank,heavy_tank,USA,R,3,252,50.24740740740741,59.8774193548387,M4A3E2 us_m4a3e2_sherman_jumbo Heavy Tank,https://thunderskill.com/vehimgs/us_m4a3e2_sherman_jumbo.png,2026-10-07T10:00:07.975938+00:00
2026-10-07,1292,ussr_t_44,T-44,https://thunderskill.com/en/vehicle/ussr_t_44,Ground forces,2,Medium Tank,medium_tank,USSR,R,4,252,41.84225806451612,54.965161290322584,T-44 ussr_t_44 Medium Tank,https://thunderskill.com/vehimgs/ussr_t_44.png,2026-10-07T10:00:07.975938+00:00
2026-10-07,3331,germ_flakpanzer_zerstorer_45,Zerstörer 45,https://thunderskill.com/en/vehicle/germ_flakpanzer_zerstorer_45,Ground forces,2,SPAA,spaa,GERMANY,R,4,252,12.534838709677423,49.167741935483875,Zerstörer 45 germ_flakpanzer_zerstorer_45 SPAA,https://thunderskill.com/vehimgs/germ_flakpanzer_zerstorer_45.png,2026-10-07T10:00:07.975938+00:00
2026-10-07,1212,germ_pzkpfw_VI_ausf_b_tiger_IIh_kwk46,Tiger II (10.5 cm Kw.K),https://thunderskill.com/en/vehicle/germ_pzkpfw_VI_ausf_b_tiger_IIh_kwk46,Ground forces,2,Heavy Tank,heavy_tank,GERMANY,R,4,250,55.91483870967743,74.62193548387096,Tiger II (10.5 cm Kw.K) germ_pzkpfw_VI_ausf_b_tiger_IIh_kwk46 Heavy Tank,https://thunderskill.com/vehimgs/germ_pzkpfw_vi_ausf_b_tiger_iih_kwk46.png,2026-10-07T10:00:07.975938+00:00
2026-10-07,3042,germ_vk_3002m,VK 3002 (M),https://thunderskill.com/en/vehicle/germ_vk_3002m,Ground forces,2,Medium Tank,medium_tank,GERMANY,R,3,250,46.68806451612903,69.87451612903224,VK 3002 (M) germ_vk_3002m Medium Tank,https://thunderskill.com/vehimgs/germ_vk_3002m.png,2026-10-07T10:00:07.975938+00:00
2026-10-07,2680,sw_strf_9056,Strf 9040 BILL,https://thunderskill.com/en/vehicle/sw_strf_9056,Ground forces,2,Light Tank,light_tank,SWEDEN,R,7,249,52.175806451612914,42.6306451612903,Strf 9040 BILL sw_strf_9056 Light Tank,https://thunderskill.com/vehimgs/sw_strf_9056.png,2026-10-07T10:00:07.975938+00:00
2026-10-07,3293,it_pzkpfw_VI_ausf_e_tiger,Tigris,https://thunderskill.com/en/vehicle/it_pzkpfw_VI_ausf_e_tiger,Ground forces,2,Heavy Tank,heavy_tank,ITALY,R,4,248,66.60366666666667,84.13129032258065,Tigris it_pzkpfw_VI_ausf_e_tiger Heavy Tank,https://thunderskill.com/vehimgs/it_pzkpfw_vi_ausf_e_tiger.png,2026-10-07T10:00:07.975938+00:00
2026-10-07,1629,ussr_t_34_85E,T-34-85E,https://thunderskill.com/en/vehicle/ussr_t_34_85E,Ground forces,2,Medium Tank,medium_tank,USSR,R,4,247,67.51258064516132,89.1741935483871,T-34-85E ussr_t_34_85E Medium Tank,https://thunderskill.com/vehimgs/ussr_t_34_85e.png,2026-10-07T10:00:07.975938+00:00
2026-10-07,2159,ussr_is_7,IS-7,https://thunderskill.com/en/vehicle/ussr_is_7,Ground forces,2,Heavy Tank,heavy_tank,USSR,R,6,246,60.81000000000002,90.43612903225804,IS-7 ussr_is_7 Heavy Tank,https://thunderskill.com/vehimgs/ussr_is_7.png,2026-10-07T10:00:07.975938+00:00
2026-10-07,2330,it_fiat_6616_cockerill,AUBL/74,https://thunderskill.com/en/vehicle/it_fiat_6616_cockerill,Ground forces,2,Light Tank,light_tank,ITALY,R,4,246,59.316774193548376,43.780645161290316,AUBL/74 it_fiat_6616_cockerill Light Tank,https://thunderskill.com/vehimgs/it_fiat_6616_cockerill.png,2026-10-07T10:00:07.975938+00:00
2026-10-07,2623,sw_strv_81,Strv 81,https://thunderskill.com/en/vehicle/sw_strv_81,Ground forces,2,Medium Tank,medium_tank,SWEDEN,R,5,245,45.847096774193545,47.85064516129031,Strv 81 sw_strv_81 Medium Tank,https://thunderskill.com/vehimgs/sw_strv_81.png,2026-10-07T10:00:07.975938+00:00
2026-10-07,1427,us_m4a2_sherman,M4A2,https://thunderskill.com/en/vehicle/us_m4a2_sherman,Ground forces,2,Medium Tank,medium_tank,USA,R,2,244,69.89322580645162,63.5816129032258,M4A2 us_m4a2_sherman Medium Tank,https://thunderskill.com/vehimgs/us_m4a2_sherman.png,2026-10-07T10:00:07.975938+00:00
2026-10-07,1457,ussr_is_1,IS-1,https://thunderskill.com/en/vehicle/ussr_is_1,Ground forces,2,Heavy Tank,heavy_tank,USSR,R,3,244,69.24870967741937,49.86322580645163,IS-1 ussr_is_1 Heavy Tank,https://thunderskill.com/vehimgs/ussr_is_1.png,2026-10-07T10:00:07.975938+00:00
2026-10-07,3390,sw_kv_1_1942_fin,KV-1 m1942,https://thunderskill.com/en/vehicle/sw_kv_1_1942_fin,Ground forces,2,Heavy Tank,heavy_tank,SWEDEN,R,3,243,65.1041935483871,91.68903225806449,KV-1 m1942 sw_kv_1_1942_fin Heavy Tank,,2026-10-07T10:00:07.975938+00:00
2026-10-07,1559,ussr_bt_5,BT-5,https://thunderskill.com/en/vehicle/ussr_bt_5,Ground forces,2,Light Tank,light_tank,USSR,R,1,243,32.48806451612904,65.73645161290321,BT-5 ussr_bt_5 Light Tank,https://thunderskill.com/vehimgs/ussr_bt_5.png,2026-10-07T10:00:07.975938+00:00
2026-10-07,3530,us_m18_hellcat_kit_3rank,Hellcat (Hell),https://thunderskill.com/en/vehicle/us_m18_hellcat_kit_3rank,Ground forces,2,Light Tank,light_tank,USA,R,3,243,66.77161290322583,64.73999999999998,Hellcat (Hell) us_m18_hellcat_kit_3rank Light Tank,,2026-10-07T10:00:07.975938+00:00
2026-10-07,2168,us_m247,M247,https://thunderskill.com/en/vehicle/us_m247,Ground forces,2,SPAA,spaa,USA,R,6,243,52.5190322580645,62.52935483870967,M247 us_m247 SPAA,https://thunderskill.com/vehimgs/us_m247.png,2026-10-07T10:00:07.975938+00:00
2026-10-07,1604,germ_pz_IV_L70,Panzer IV/70(V),https://thunderskill.com/en/vehicle/germ_pz_IV_L70,Ground forces,2,Tank Destroyer,tank_destroyer,GERMANY,R,3,242,42.12,50.805806451612895,Panzer IV/70(V) germ_pz_IV_L70 Tank Destroyer,https://thunderskill.com/vehimgs/germ_pz_iv_l70.png,2026-10-07T10:00:07.975938+00:00
2026-10-07,3143,germ_flakpz_1a2_Gepard,Gepard 1A2,https://thunderskill.com/en/vehicle/germ_flakpz_1a2_Gepard,Ground forces,2,SPAA,spaa,GERMANY,R,7,241,40.28689655172414,47.02064516129032,Gepard 1A2 germ_flakpz_1a2_Gepard SPAA,https://thunderskill.com/vehimgs/germ_flakpz_1a2_gepard.png,2026-10-07T10:00:07.975938+00:00
2026-10-07,1466,ussr_t_34_57_1943,T-34-57 (1943),https://thunderskill.com/en/vehicle/ussr_t_34_57_1943,Ground forces,2,Medium Tank,medium_tank,USSR,R,3,240,60.0,69.82870967741935,T-34-57 (1943) ussr_t_34_57_1943 Medium Tank,https://thunderskill.com/vehimgs/ussr_t_34_57_1943.png,2026-10-07T10:00:09.825681+00:00
2026-10-07,3353,il_namer_rcws_30,Namer 30,https://thunderskill.com/en/vehicle/il_namer_rcws_30,Ground forces,2,Light Tank,light_tank,ISRAEL,R,7,240,62.19689655172413,50.48633333333333,Namer 30 il_namer_rcws_30 Light Tank,https://thunderskill.com/vehimgs/il_namer_rcws_30.png,2026-10-07T10:00:09.825681+00:00
2026-10-07,2097,fr_amx_13_75,AMX-13,https://thunderskill.com/en/vehicle/fr_amx_13_75,Ground forces,2,Light Tank,light_tank,FRANCE,R,4,239,67.88096774193548,51.5093548387097,AMX-13 fr_amx_13_75 Light Tank,https://thunderskill.com/vehimgs/fr_amx_13_75.png,2026-10-07T10:00:09.825681+00:00
2026-10-07,2653,it_sherman_75_37,Sherman I Composito,https://thunderskill.com/en/vehicle/it_sherman_75_37,Ground forces,2,Medium Tank,medium_tank,ITALY,R,3,233,80.15645161290324,80.00645161290323,Sherman I Composito it_sherman_75_37 Medium Tank,https://thunderskill.com/vehimgs/it_sherman_75_37.png,2026-10-07T10:00:09.825681+00:00
2026-10-07,2728,germ_sdkfz_251_21,Sd.Kfz.251/21,https://thunderskill.com/en/vehicle/germ_sdkfz_251_21,Ground forces,2,SPAA,spaa,GERMANY,R,2,231,32.94903225806452,63.858387096774216,Sd.Kfz.251/21 germ_sdkfz_251_21 SPAA,https://thunderskill.com/vehimgs/germ_sdkfz_251_21.png,2026-10-07T10:00:09.825681+00:00
2026-10-07,2890,germ_wiesel_1_tow,Wiesel 1A2,https://thunderskill.com/en/vehicle/germ_wiesel_1_tow,Ground forces,2,Missile Tank,tank_destroyer,GERMANY,R,7,231,69.13448275862069,58.02,Wiesel 1A2 germ_wiesel_1_tow Missile Tank,https://thunderskill.com/vehimgs/germ_wiesel_1_tow.png,2026-10-07T10:00:09.825681+00:00
2026-10-07,3173,ussr_pantsyr_s1,Pantsir-S1,https://thunderskill.com/en/vehicle/ussr_pantsyr_s1,Ground forces,2,SPAA,spaa,USSR,R,8,231,51.8952,28.477096774193548,Pantsir-S1 ussr_pantsyr_s1 SPAA,https://thunderskill.com/vehimgs/ussr_pantsyr_s1.png,2026-10-07T10:00:09.825681+00:00
2026-10-07,3328,us_m60_120s,120S,https://thunderskill.com/en/vehicle/us_m60_120s,Ground forces,2,Medium Tank,medium_tank,USA,R,7,227,56.59903225806452,63.45387096774192,120S us_m60_120s Medium Tank,https://thunderskill.com/vehimgs/us_m60_120s.png,2026-10-07T10:00:09.825681+00:00
2026-10-07,2373,uk_challenger_II,uk_challenger_ii_shop,https://thunderskill.com/en/vehicle/uk_challenger_II,Ground forces,2,Medium Tank,medium_tank,BRITAIN,R,7,226,57.65,69.21129032258065,uk_challenger_ii_shop uk_challenger_II Medium Tank,https://thunderskill.com/vehimgs/uk_challenger_ii.png,2026-10-07T10:00:09.825681+00:00
2026-10-07,3229,it_43m_turan_3,Turan III,https://thunderskill.com/en/vehicle/it_43m_turan_3,Ground forces,2,Medium Tank,medium_tank,ITALY,R,3,226,56.66730769230769,64.15322580645163,Turan III it_43m_turan_3 Medium Tank,https://thunderskill.com/vehimgs/it_43m_turan_3.png,2026-10-07T10:00:09.825681+00:00
2026-10-07,2866,jp_type_87_rcv,Type 87 RCV,https://thunderskill.com/en/vehicle/jp_type_87_rcv,Ground forces,2,Light Tank,light_tank,JAPAN,R,6,226,55.859,50.7409677419355,Type 87 RCV jp_type_87_rcv Light Tank,https://thunderskill.com/vehimgs/jp_type_87_rcv.png,2026-10-07T10:00:09.825681+00:00
2026-10-07,2094,fr_amx_30_b2,AMX-30B2,https://thunderskill.com/en/vehicle/fr_amx_30_b2,Ground forces,2,Medium Tank,medium_tank,FRANCE,R,6,224,51.935483870967744,60.71967741935486,AMX-30B2 fr_amx_30_b2 Medium Tank,https://thunderskill.com/vehimgs/fr_amx_30_b2.png,2026-10-07T10:00:09.825681+00:00
2026-10-07,1847,us_m56_scorpion,M56,https://thunderskill.com/en/vehicle/us_m56_scorpion,Ground forces,2,Tank Destroyer,tank_destroyer,USA,R,4,224,52.273548387096774,49.7290322580645,M56 us_m56_scorpion Tank Destroyer,https://thunderskill.com/vehimgs/us_m56_scorpion.png,2026-10-07T10:00:09.825681+00:00
2026-10-07,2913,sw_bkan_1c,Bkan 1C,https://thunderskill.com/en/vehicle/sw_bkan_1c,Ground forces,2,Tank Destroyer,tank_destroyer,SWEDEN,R,4,223,28.633225806451613,46.51645161290323,Bkan 1C sw_bkan_1c Tank Destroyer,https://thunderskill.com/vehimgs/sw_bkan_1c.png,2026-10-07T10:00:09.825681+00:00
2026-10-07,3214,il_magach_6b_gal,Magach 6B Gal,https://thunderskill.com/en/vehicle/il_magach_6b_gal,Ground forces,2,Medium Tank,medium_tank,ISRAEL,R,6,222,47.32774193548387,63.084193548387105,Magach 6B Gal il_magach_6b_gal Medium Tank,https://thunderskill.com/vehimgs/il_magach_6b_gal.png,2026-10-07T10:00:09.825681+00:00
2026-10-07,2585,jp_type_90b,Type 90 (B),https://thunderskill.com/en/vehicle/jp_type_90b,Ground forces,2,Medium Tank,medium_tank,JAPAN,R,7,222,52.166774193548406,55.84032258064518,Type 90 (B) jp_type_90b Medium Tank,https://thunderskill.com/vehimgs/jp_type_90b.png,2026-10-07T10:00:09.825681+00:00
2026-10-07,2707,germ_thyssen_henschel_tam_2c,TAM 2C,https://thunderskill.com/en/vehicle/germ_thyssen_henschel_tam_2c,Ground forces,2,Light Tank,light_tank,GERMANY,R,7,220,43.87000000000001,56.07741935483869,TAM 2C germ_thyssen_henschel_tam_2c Light Tank,https://thunderskill.com/vehimgs/germ_thyssen_henschel_tam_2c.png,2026-10-07T10:00:09.825681+00:00
2026-10-07,3058,cn_object_122tm,"Object 122MT ""MC""",https://thunderskill.com/en/vehicle/cn_object_122tm,Ground forces,2,Medium Tank,medium_tank,CHINA,R,6,219,59.83193548387098,72.2290322580645,"Object 122MT ""MC"" cn_object_122tm Medium Tank",https://thunderskill.com/vehimgs/cn_object_122tm.png,2026-10-07T10:00:09.825681+00:00
2026-10-07,3721,fr_leopard_1a5be,Leopard 1A5BE,https://thunderskill.com/en/vehicle/fr_leopard_1a5be,Ground forces,2,other,other,FRANCE,R,6,219,56.9809677419355,50.847419354838706,Leopard 1A5BE fr_leopard_1a5be other,,2026-10-07T10:00:09.825681+00:00
2026-10-07,3026,fr_vcac_mephisto,MEPHISTO,https://thunderskill.com/en/vehicle/fr_vcac_mephisto,Ground forces,2,Missile Tank,tank_destroyer,FRANCE,R,6,218,60.51419354838711,60.34548387096775,MEPHISTO fr_vcac_mephisto Missile Tank,https://thunderskill.com/vehimgs/fr_vcac_mephisto.png,2026-10-07T10:00:09.825681+00:00
2026-10-07,1444,germ_flakpanzer_IV_Ostwind,Ostwind,https://thunderskill.com/en/vehicle/germ_flakpanzer_IV_Ostwind,Ground forces,2,SPAA,spaa,GERMANY,R,3,218,42.64516129032259,56.4161290322581,Ostwind germ_flakpanzer_IV_Ostwind SPAA,https://thunderskill.com/vehimgs/germ_flakpanzer_iv_ostwind.png,2026-10-07T10:00:09.825681+00:00
2026-10-07,1202,us_m36,M36 GMC,https://thunderskill.com/en/vehicle/us_m36,Ground forces,2,Tank Destroyer,tank_destroyer,USA,R,3,218,71.34464285714286,54.2367741935484,M36 GMC us_m36 Tank Destroyer,https://thunderskill.com/vehimgs/us_m36.png,2026-10-07T10:00:09.825681+00:00
2026-10-07,2163,germ_leopard_a1a1_120,Leopard A1A1 (L/44),https://thunderskill.com/en/vehicle/germ_leopard_a1a1_120,Ground forces,2,Medium Tank,medium_tank,GERMANY,R,6,216,63.97935483870968,65.67354838709676,Leopard A1A1 (L/44) germ_leopard_a1a1_120 Medium Tank,https://thunderskill.com/vehimgs/germ_leopard_a1a1_120.png,2026-10-07T10:00:09.825681+00:00
2026-10-07,3719,il_hunter_afv,Hunter AFV,https://thunderskill.com/en/vehicle/il_hunter_afv,Ground forces,2,other,other,ISRAEL,R,7,215,68.7448,57.244800000000005,Hunter AFV il_hunter_afv other,,2026-10-07T10:00:09.825681+00:00
2026-10-07,1299,uk_a27m_cromwell_5,Cromwell V,https://thunderskill.com/en/vehicle/uk_a27m_cromwell_5,Ground forces,2,Medium Tank,medium_tank,BRITAIN,R,2,214,58.602903225806465,71.52225806451612,Cromwell V uk_a27m_cromwell_5 Medium Tank,https://thunderskill.com/vehimgs/uk_a27m_cromwell_5.png,2026-10-07T10:00:09.825681+00:00
2026-10-07,1449,germ_panzerbefelhswagen_IV_ausf_J,Pz.Bfw.IV,https://thunderskill.com/en/vehicle/germ_panzerbefelhswagen_IV_ausf_J,Ground forces,2,Medium Tank,medium_tank,GERMANY,R,3,214,42.482258064516124,66.18548387096776,Pz.Bfw.IV germ_panzerbefelhswagen_IV_ausf_J Medium Tank,https://thunderskill.com/vehimgs/germ_panzerbefelhswagen_iv_ausf_j.png,2026-10-07T10:00:09.825681+00:00
2026-10-07,1200,ussr_is_4m,IS-4M,https://thunderskill.com/en/vehicle/ussr_is_4m,Ground forces,2,Heavy Tank,heavy_tank,USSR,R,5,214,38.451428571428586,56.67451612903225,IS-4M ussr_is_4m Heavy Tank,https://thunderskill.com/vehimgs/ussr_is_4m.png,2026-10-07T10:00:09.825681+00:00
2026-10-07,3046,germ_leopard_2av,Leopard 2AV,https://thunderskill.com/en/vehicle/germ_leopard_2av,Ground forces,2,Medium Tank,medium_tank,GERMANY,R,7,212,65.65322580645162,74.97225806451613,Leopard 2AV germ_leopard_2av Medium Tank,https://thunderskill.com/vehimgs/germ_leopard_2av.png,2026-10-07T10:00:09.825681+00:00
2026-10-07,1434,germ_panzerjager_tiger_P_ferdinand,Ferdinand,https://thunderskill.com/en/vehicle/germ_panzerjager_tiger_P_ferdinand,Ground forces,2,Tank Destroyer,tank_destroyer,GERMANY,R,4,212,26.29032258064516,58.006774193548395,Ferdinand germ_panzerjager_tiger_P_ferdinand Tank Destroyer,https://thunderskill.com/vehimgs/germ_panzerjager_tiger_p_ferdinand.png,2026-10-07T10:00:09.825681+00:00
2026-10-07,2990,sw_strv_105,Strv 105,https://thunderskill.com/en/vehicle/sw_strv_105,Ground forces,2,Medium Tank,medium_tank,SWEDEN,R,6,212,55.407419354838716,57.94580645161292,Strv 105 sw_strv_105 Medium Tank,https://thunderskill.com/vehimgs/sw_strv_105.png,2026-10-07T10:00:09.825681+00:00
2026-10-07,1662,us_t32,T32,https://thunderskill.com/en/vehicle/us_t32,Ground forces,2,Heavy Tank,heavy_tank,USA,R,5,211,52.174347826086944,65.71000000000001,T32 us_t32 Heavy Tank,https://thunderskill.com/vehimgs/us_t32.png,2026-10-07T10:00:09.825681+00:00
2026-10-07,1907,ussr_is_6,IS-6,https://thunderskill.com/en/vehicle/ussr_is_6,Ground forces,2,Heavy Tank,heavy_tank,USSR,R,5,210,58.13888888888892,78.73999999999997,IS-6 ussr_is_6 Heavy Tank,https://thunderskill.com/vehimgs/ussr_is_6.png,2026-10-07T10:00:09.825681+00:00
2026-10-07,2098,fr_amx_30_dca,AMX-30 DCA,https://thunderskill.com/en/vehicle/fr_amx_30_dca,Ground forces,2,SPAA,spaa,FRANCE,R,6,210,42.83032258064515,48.118064516129,AMX-30 DCA fr_amx_30_dca SPAA,https://thunderskill.com/vehimgs/fr_amx_30_dca.png,2026-10-07T10:00:09.825681+00:00
2026-10-07,2972,germ_schutzenpanzer_puma,PUMA,https://thunderskill.com/en/vehicle/germ_schutzenpanzer_puma,Ground forces,2,Light Tank,light_tank,GERMANY,R,7,210,47.84903225806451,45.09387096774194,PUMA germ_schutzenpanzer_puma Light Tank,https://thunderskill.com/vehimgs/germ_schutzenpanzer_puma.png,2026-10-07T10:00:09.825681+00:00
2026-10-07,2925,it_vcc_80_hitfist_60,VCC-80/60,https://thunderskill.com/en/vehicle/it_vcc_80_hitfist_60,Ground forces,2,Light Tank,light_tank,ITALY,R,6,209,42.795161290322575,50.07258064516129,VCC-80/60 it_vcc_80_hitfist_60 Light Tank,https://thunderskill.com/vehimgs/it_vcc_80_hitfist_60.png,2026-10-07T10:00:09.825681+00:00
2026-10-07,2067,fr_m4a4_cn_75_50,M4A4 (SA50),https://thunderskill.com/en/vehicle/fr_m4a4_cn_75_50,Ground forces,2,Medium Tank,medium_tank,FRANCE,R,3,208,48.72451612903226,49.99838709677419,M4A4 (SA50) fr_m4a4_cn_75_50 Medium Tank,https://thunderskill.com/vehimgs/fr_m4a4_cn_75_50.png,2026-10-07T10:00:09.825681+00:00
2026-10-07,1814,ussr_it_1,IT-1,https://thunderskill.com/en/vehicle/ussr_it_1,Ground forces,2,Missile Tank,tank_destroyer,USSR,R,6,207,48.57839999999998,60.27225806451612,IT-1 ussr_it_1 Missile Tank,https://thunderskill.com/vehimgs/ussr_it_1.png,2026-10-07T10:00:09.825681+00:00
2026-10-07,2566,cn_wz_305,WZ305,https://thunderskill.com/en/vehicle/cn_wz_305,Ground forces,2,SPAA,spaa,CHINA,R,5,207,31.974193548387095,48.179354838709685,WZ305 cn_wz_305 SPAA,https://thunderskill.com/vehimgs/cn_wz_305.png,2026-10-07T10:00:09.825681+00:00
2026-10-07,3116,ussr_t_80um2,T-80UM2,https://thunderskill.com/en/vehicle/ussr_t_80um2,Ground forces,2,Medium Tank,medium_tank,USSR,R,7,206,48.81677419354839,77.16483870967745,T-80UM2 ussr_t_80um2 Medium Tank,https://thunderskill.com/vehimgs/ussr_t_80um2.png,2026-10-07T10:00:09.825681+00:00
2026-10-07,3210,cn_ztz_88b,ZTZ88B,https://thunderskill.com/en/vehicle/cn_ztz_88b,Ground forces,2,Medium Tank,medium_tank,CHINA,R,6,206,60.16129032258065,65.08903225806452,ZTZ88B cn_ztz_88b Medium Tank,https://thunderskill.com/vehimgs/cn_ztz_88b.png,2026-10-07T10:00:09.825681+00:00
2026-10-07,3602,fr_jaguar_ebrc,EBRC Jaguar,https://thunderskill.com/en/vehicle/fr_jaguar_ebrc,Ground forces,2,other,other,FRANCE,R,7,205,46.021290322580626,45.580000000000005,EBRC Jaguar fr_jaguar_ebrc other,,2026-10-07T10:00:09.825681+00:00
2026-10-07,3061,us_ccvl,CCVL,https://thunderskill.com/en/vehicle/us_ccvl,Ground forces,2,Light Tank,light_tank,USA,R,7,204,52.16000000000001,77.92032258064515,CCVL us_ccvl Light Tank,https://thunderskill.com/vehimgs/us_ccvl.png,2026-10-07T10:00:09.825681+00:00
2026-10-07,3262,ussr_object_775,Object 775,https://thunderskill.com/en/vehicle/ussr_object_775,Ground forces,2,Missile Tank,tank_destroyer,USSR,R,6,204,42.09645161290323,54.41419354838709,Object 775 ussr_object_775 Missile Tank,https://thunderskill.com/vehimgs/ussr_object_775.png,2026-10-07T10:00:09.825681+00:00
2026-10-07,3534,ussr_t_72b3_arena_m,Т-72Б3А,https://thunderskill.com/en/vehicle/ussr_t_72b3_arena_m,Ground forces,2,Medium Tank,medium_tank,USSR,R,8,204,35.867419354838724,48.707419354838706,Т-72Б3А ussr_t_72b3_arena_m Medium Tank,,2026-10-07T10:00:09.825681+00:00
2026-10-07,2446,it_c1_ariete_pso,Ariete PSO,https://thunderskill.com/en/vehicle/it_c1_ariete_pso,Ground forces,2,Medium Tank,medium_tank,ITALY,R,7,203,59.333999999999996,78.56133333333331,Ariete PSO it_c1_ariete_pso Medium Tank,https://thunderskill.com/vehimgs/it_c1_ariete_pso.png,2026-10-07T10:00:09.825681+00:00
2026-10-07,1476,us_m26_pershing,M26,https://thunderskill.com/en/vehicle/us_m26_pershing,Ground forces,2,Medium Tank,medium_tank,USA,R,4,202,73.92483870967742,67.20612903225805,M26 us_m26_pershing Medium Tank,https://thunderskill.com/vehimgs/us_m26_pershing.png,2026-10-07T10:00:09.825681+00:00
2026-10-07,3044,fr_m36b2_cefeo,M36B2,https://thunderskill.com/en/vehicle/fr_m36b2_cefeo,Ground forces,2,Tank Destroyer,tank_destroyer,FRANCE,R,3,202,47.84903225806451,56.98870967741936,M36B2 fr_m36b2_cefeo Tank Destroyer,https://thunderskill.com/vehimgs/fr_m36b2_cefeo.png,2026-10-07T10:00:09.825681+00:00
2026-10-07,1915,uk_fv4005,FV4005,https://thunderskill.com/en/vehicle/uk_fv4005,Ground forces,2,Tank Destroyer,tank_destroyer,BRITAIN,R,4,199,43.94193548387097,61.09870967741936,FV4005 uk_fv4005 Tank Destroyer,https://thunderskill.com/vehimgs/uk_fv4005.png,2026-10-07T10:00:09.825681+00:00
2026-10-07,3635,uk_ajax,Ajax,https://thunderskill.com/en/vehicle/uk_ajax,Ground forces,2,other,other,BRITAIN,R,7,199,68.85172413793104,55.50064516129032,Ajax uk_ajax other,,2026-10-07T10:00:09.825681+00:00
2026-10-07,2626,sw_strf_90c,Strf 9040C,https://thunderskill.com/en/vehicle/sw_strf_90c,Ground forces,2,Light Tank,light_tank,SWEDEN,R,7,199,78.33375000000002,54.3425806451613,Strf 9040C sw_strf_90c Light Tank,https://thunderskill.com/vehimgs/sw_strf_90c.png,2026-10-07T10:00:09.825681+00:00
2026-10-07,1615,ussr_su_122_54,SU-122-54,https://thunderskill.com/en/vehicle/ussr_su_122_54,Ground forces,2,Tank Destroyer,tank_destroyer,USSR,R,5,198,47.111,51.44290322580645,SU-122-54 ussr_su_122_54 Tank Destroyer,https://thunderskill.com/vehimgs/ussr_su_122_54.png,2026-10-07T10:00:09.825681+00:00
2026-10-07,2651,cn_type_69_2g,T-69 II G,https://thunderskill.com/en/vehicle/cn_type_69_2g,Ground forces,2,Medium Tank,medium_tank,CHINA,R,6,196,47.05096774193548,68.32129032258065,T-69 II G cn_type_69_2g Medium Tank,https://thunderskill.com/vehimgs/cn_type_69_2g.png,2026-10-07T10:00:09.825681+00:00
2026-10-07,3149,sw_t_55m,T-55M,https://thunderskill.com/en/vehicle/sw_t_55m,Ground forces,2,Medium Tank,medium_tank,SWEDEN,R,6,196,54.02000000000002,64.18999999999997,T-55M sw_t_55m Medium Tank,https://thunderskill.com/vehimgs/sw_t_55m.png,2026-10-07T10:00:09.825681+00:00
2026-10-07,2924,cn_m_41d,M41D,https://thunderskill.com/en/vehicle/cn_m_41d,Ground forces,2,Light Tank,light_tank,CHINA,R,6,196,60.00032258064516,40.35032258064515,M41D cn_m_41d Light Tank,https://thunderskill.com/vehimgs/cn_m_41d.png,2026-10-07T10:00:09.825681+00:00
2026-10-07,3269,fr_m26_pershing,M26,https://thunderskill.com/en/vehicle/fr_m26_pershing,Ground forces,2,Medium Tank,medium_tank,FRANCE,R,4,195,59.90774193548389,75.0583870967742,M26 fr_m26_pershing Medium Tank,https://thunderskill.com/vehimgs/fr_m26_pershing.png,2026-10-07T10:00:09.825681+00:00
2026-10-07,2002,us_m50_ontos,M50,https://thunderskill.com/en/vehicle/us_m50_ontos,Ground forces,2,Tank Destroyer,tank_destroyer,USA,R,4,194,58.17225806451613,65.60967741935484,M50 us_m50_ontos Tank Destroyer,https://thunderskill.com/vehimgs/us_m50_ontos.png,2026-10-07T10:00:09.825681+00:00
2026-10-07,2847,it_dardo_vcc,Dardo,https://thunderskill.com/en/vehicle/it_dardo_vcc,Ground forces,2,Light Tank,light_tank,ITALY,R,7,194,50.6758064516129,63.823548387096785,Dardo it_dardo_vcc Light Tank,https://thunderskill.com/vehimgs/it_dardo_vcc.png,2026-10-07T10:00:09.825681+00:00
2026-10-07,2815,fr_mars_15,MARS 15,https://thunderskill.com/en/vehicle/fr_mars_15,Ground forces,2,Light Tank,light_tank,FRANCE,R,6,194,46.02161290322581,59.332580645161286,MARS 15 fr_mars_15 Light Tank,https://thunderskill.com/vehimgs/fr_mars_15.png,2026-10-07T10:00:09.825681+00:00
2026-10-07,2344,us_t30,T30,https://thunderskill.com/en/vehicle/us_t30,Ground forces,2,Heavy Tank,heavy_tank,USA,R,4,192,58.29137931034485,87.50838709677421,T30 us_t30 Heavy Tank,https://thunderskill.com/vehimgs/us_t30.png,2026-10-07T10:00:09.825681+00:00
2026-10-07,3528,fr_msc,MSC,https://thunderskill.com/en/vehicle/fr_msc,Ground forces,2,Medium Tank,medium_tank,FRANCE,R,7,191,80.39040000000001,67.45129032258065,MSC fr_msc Medium Tank,,2026-10-07T10:00:09.825681+00:00
2026-10-07,2629,sw_lvkv_90c,Lvkv 9040C,https://thunderskill.com/en/vehicle/sw_lvkv_90c,Ground forces,2,SPAA,spaa,SWEDEN,R,7,191,44.085806451612896,59.64032258064513,Lvkv 9040C sw_lvkv_90c SPAA,https://thunderskill.com/vehimgs/sw_lvkv_90c.png,2026-10-07T10:00:09.825681+00:00
2026-10-07,2718,sw_strv_104,Strv 104,https://thunderskill.com/en/vehicle/sw_strv_104,Ground forces,2,Medium Tank,medium_tank,SWEDEN,R,6,190,48.11096774193548,51.37225806451612,Strv 104 sw_strv_104 Medium Tank,https://thunderskill.com/vehimgs/sw_strv_104.png,2026-10-07T10:00:09.825681+00:00
2026-10-07,1155,germ_kanonenjagdpanzer,JPz 4-5,https://thunderskill.com/en/vehicle/germ_kanonenjagdpanzer,Ground forces,2,Tank Destroyer,tank_destroyer,GERMANY,R,4,190,40.800909090909094,46.10225806451613,JPz 4-5 germ_kanonenjagdpanzer Tank Destroyer,https://thunderskill.com/vehimgs/germ_kanonenjagdpanzer.png,2026-10-07T10:00:09.825681+00:00
2026-10-07,3265,it_leopard_bofors,Leopard 40/70,https://thunderskill.com/en/vehicle/it_leopard_bofors,Ground forces,2,SPAA,spaa,ITALY,R,4,188,98.71807692307692,49.4825806451613,Leopard 40/70 it_leopard_bofors SPAA,https://thunderskill.com/vehimgs/it_leopard_bofors.png,2026-10-07T10:00:09.825681+00:00
2026-10-07,2557,uk_rooikat_76,Rooikat Mk.1D,https://thunderskill.com/en/vehicle/uk_rooikat_76,Ground forces,2,Light Tank,light_tank,BRITAIN,R,6,188,58.85137931034483,44.90677419354838,Rooikat Mk.1D uk_rooikat_76 Light Tank,https://thunderskill.com/vehimgs/uk_rooikat_76.png,2026-10-07T10:00:09.825681+00:00
2026-10-07,2798,uk_ttd,TTD,https://thunderskill.com/en/vehicle/uk_ttd,Ground forces,2,Medium Tank,medium_tank,BRITAIN,R,7,187,68.9258064516129,82.4709677419355,TTD uk_ttd Medium Tank,https://thunderskill.com/vehimgs/uk_ttd.png,2026-10-07T10:00:09.825681+00:00
2026-10-07,2817,uk_olifant_mk_1a,Olifant Mk.1A,https://thunderskill.com/en/vehicle/uk_olifant_mk_1a,Ground forces,2,Medium Tank,medium_tank,BRITAIN,R,6,187,68.3735483870968,76.85129032258061,Olifant Mk.1A uk_olifant_mk_1a Medium Tank,https://thunderskill.com/vehimgs/uk_olifant_mk_1a.png,2026-10-07T10:00:09.825681+00:00
2026-10-07,3568,jp_stingray,Stingray,https://thunderskill.com/en/vehicle/jp_stingray,Ground forces,2,other,other,JAPAN,R,6,187,54.97612903225807,71.1925806451613,Stingray jp_stingray other,,2026-10-07T10:00:09.825681+00:00
2026-10-07,3111,sw_charioteer_mk_7,Charioteer Mk VII,https://thunderskill.com/en/vehicle/sw_charioteer_mk_7,Ground forces,2,Medium Tank,medium_tank,SWEDEN,R,4,187,44.193548387096776,51.72,Charioteer Mk VII sw_charioteer_mk_7 Medium Tank,https://thunderskill.com/vehimgs/sw_charioteer_mk_7.png,2026-10-07T10:00:09.825681+00:00
2026-10-07,3714,jp_leopard_2ri,Leopard 2RI,https://thunderskill.com/en/vehicle/jp_leopard_2ri,Ground forces,2,other,other,JAPAN,R,8,185,72.56035714285714,68.17322580645164,Leopard 2RI jp_leopard_2ri other,,2026-10-07T10:00:09.825681+00:00
2026-10-07,3529,us_m4a3e8_76w_sherman_kit_3rank,Sherman (Hell),https://thunderskill.com/en/vehicle/us_m4a3e8_76w_sherman_kit_3rank,Ground forces,2,Medium Tank,medium_tank,USA,R,3,185,81.11066666666666,64.16612903225806,Sherman (Hell) us_m4a3e8_76w_sherman_kit_3rank Medium Tank,,2026-10-07T10:00:09.825681+00:00
2026-10-07,3201,us_m4_t26,M4/T26,https://thunderskill.com/en/vehicle/us_m4_t26,Ground forces,2,Medium Tank,medium_tank,USA,R,4,185,35.483870967741936,47.660645161290326,M4/T26 us_m4_t26 Medium Tank,https://thunderskill.com/vehimgs/us_m4_t26.png,2026-10-07T10:00:09.825681+00:00
2026-10-07,2911,fr_leclerc_sxxi,Leclerc SXXI,https://thunderskill.com/en/vehicle/fr_leclerc_sxxi,Ground forces,2,Medium Tank,medium_tank,FRANCE,R,8,184,58.74870967741936,68.93322580645162,Leclerc SXXI fr_leclerc_sxxi Medium Tank,https://thunderskill.com/vehimgs/fr_leclerc_sxxi.png,2026-10-07T10:00:09.825681+00:00
2026-10-07,3359,sw_landsverk_ush_204_gk,U-SH 204 GK,https://thunderskill.com/en/vehicle/sw_landsverk_ush_204_gk,Ground forces,2,SPAA,spaa,SWEDEN,R,4,183,41.61161290322578,34.80032258064516,U-SH 204 GK sw_landsverk_ush_204_gk SPAA,https://thunderskill.com/vehimgs/sw_landsverk_ush_204_gk.png,2026-10-07T10:00:09.825681+00:00
2026-10-07,2333,it_oto_r3_106sr,R3 T106 FA,https://thunderskill.com/en/vehicle/it_oto_r3_106sr,Ground forces,2,Light Tank,light_tank,ITALY,R,5,181,68.60322580645163,52.11870967741933,R3 T106 FA it_oto_r3_106sr Light Tank,https://thunderskill.com/vehimgs/it_oto_r3_106sr.png,2026-10-07T10:00:09.825681+00:00
2026-10-07,3418,us_skink_aa,Skink,https://thunderskill.com/en/vehicle/us_skink_aa,Ground forces,2,SPAA,spaa,USA,R,4,181,43.7332,43.47193548387096,Skink us_skink_aa SPAA,,2026-10-07T10:00:09.825681+00:00
2026-10-07,2429,germ_flakpanzer_IV_Ostwind_2,Ostwind II,https://thunderskill.com/en/vehicle/germ_flakpanzer_IV_Ostwind_2,Ground forces,2,SPAA,spaa,GERMANY,R,4,179,11.558387096774192,41.88741935483871,Ostwind II germ_flakpanzer_IV_Ostwind_2 SPAA,https://thunderskill.com/vehimgs/germ_flakpanzer_iv_ostwind_2.png,2026-10-07T10:00:09.825681+00:00
2026-10-07,3396,fr_cv_9035_nl,CV 9035NL,https://thunderskill.com/en/vehicle/fr_cv_9035_nl,Ground forces,2,Light Tank,light_tank,FRANCE,R,7,179,50.0,30.34173913043479,CV 9035NL fr_cv_9035_nl Light Tank,,2026-10-07T10:00:09.825681+00:00
2026-10-07,3095,sw_t_80u,T 80 U,https://thunderskill.com/en/vehicle/sw_t_80u,Ground forces,2,Medium Tank,medium_tank,SWEDEN,R,8,178,49.07370370370369,65.46032258064517,T 80 U sw_t_80u Medium Tank,https://thunderskill.com/vehimgs/sw_t_80u.png,2026-10-07T10:00:09.825681+00:00
2026-10-07,3424,fr_leopard_2a4nl,Leopard 2A4NL,https://thunderskill.com/en/vehicle/fr_leopard_2a4nl,Ground forces,2,Medium Tank,medium_tank,FRANCE,R,7,178,52.379999999999995,58.67870967741937,Leopard 2A4NL fr_leopard_2a4nl Medium Tank,,2026-10-07T10:00:09.825681+00:00
2026-10-07,3614,germ_th_400,R400,https://thunderskill.com/en/vehicle/germ_th_400,Ground forces,2,other,other,GERMANY,R,0,177,56.18322580645161,53.37838709677418,R400 germ_th_400 other,,2026-10-07T10:00:09.825681+00:00
2026-10-07,3425,il_sabra_mk1,Sabra Mk.I,https://thunderskill.com/en/vehicle/il_sabra_mk1,Ground forces,2,Medium Tank,medium_tank,ISRAEL,R,7,176,58.958333333333336,82.26935483870969,Sabra Mk.I il_sabra_mk1 Medium Tank,,2026-10-07T10:00:09.825681+00:00
2026-10-07,2081,fr_amx_13_fl_11,AMX-13 (FL11),https://thunderskill.com/en/vehicle/fr_amx_13_fl_11,Ground forces,2,Light Tank,light_tank,FRANCE,R,3,176,86.02290322580649,59.99999999999998,AMX-13 (FL11) fr_amx_13_fl_11 Light Tank,https://thunderskill.com/vehimgs/fr_amx_13_fl_11.png,2026-10-07T10:00:09.825681+00:00
2026-10-07,1968,us_t95e1,T95E1,https://thunderskill.com/en/vehicle/us_t95e1,Ground forces,2,Medium Tank,medium_tank,USA,R,6,176,73.44193548387099,58.53967741935485,T95E1 us_t95e1 Medium Tank,https://thunderskill.com/vehimgs/us_t95e1.png,2026-10-07T10:00:09.825681+00:00
2026-10-07,1458,us_m22_locust,M22,https://thunderskill.com/en/vehicle/us_m22_locust,Ground forces,2,Light Tank,light_tank,USA,R,1,176,60.66903225806454,39.74483870967742,M22 us_m22_locust Light Tank,https://thunderskill.com/vehimgs/us_m22_locust.png,2026-10-07T10:00:09.825681+00:00
2026-10-07,2336,fr_amx_10rc,AMX-10RC,https://thunderskill.com/en/vehicle/fr_amx_10rc,Ground forces,2,Light Tank,light_tank,FRANCE,R,6,175,52.580967741935474,58.519677419354856,AMX-10RC fr_amx_10rc Light Tank,https://thunderskill.com/vehimgs/fr_amx_10rc.png,2026-10-07T10:00:09.825681+00:00
2026-10-07,1625,germ_stug_III_ausf_G,StuG III G,https://thunderskill.com/en/vehicle/germ_stug_III_ausf_G,Ground forces,2,Tank Destroyer,tank_destroyer,GERMANY,R,2,175,8.010322580645159,58.37419354838708,StuG III G germ_stug_III_ausf_G Tank Destroyer,https://thunderskill.com/vehimgs/germ_stug_iii_ausf_g.png,2026-10-07T10:00:09.825681+00:00
2026-10-07,2619,sw_landsverk_ush_405,U-SH 405,https://thunderskill.com/en/vehicle/sw_landsverk_ush_405,Ground forces,2,Light Tank,light_tank,SWEDEN,R,5,175,51.15384615384615,49.33516129032258,U-SH 405 sw_landsverk_ush_405 Light Tank,https://thunderskill.com/vehimgs/sw_landsverk_ush_405.png,2026-10-07T10:00:09.825681+00:00
2026-10-07,2786,us_t55e1,T55E1,https://thunderskill.com/en/vehicle/us_t55e1,Ground forces,2,Tank Destroyer,tank_destroyer,USA,R,3,174,37.27319999999999,67.75064516129032,T55E1 us_t55e1 Tank Destroyer,https://thunderskill.com/vehimgs/us_t55e1.png,2026-10-07T10:00:09.825681+00:00
2026-10-07,1257,ussr_t_34_1941_l_11,T-34 (1940),https://thunderskill.com/en/vehicle/ussr_t_34_1941_l_11,Ground forces,2,Medium Tank,medium_tank,USSR,R,2,174,75.55566666666667,64.25290322580643,T-34 (1940) ussr_t_34_1941_l_11 Medium Tank,https://thunderskill.com/vehimgs/ussr_t_34_1941_l_11.png,2026-10-07T10:00:09.825681+00:00
2026-10-07,2529,germ_bmp_1_ddr,SPz BMP-1,https://thunderskill.com/en/vehicle/germ_bmp_1_ddr,Ground forces,2,Light Tank,light_tank,GERMANY,R,5,174,41.396774193548396,43.14677419354839,SPz BMP-1 germ_bmp_1_ddr Light Tank,https://thunderskill.com/vehimgs/germ_bmp_1_ddr.png,2026-10-07T10:00:09.825681+00:00
2026-10-07,2631,sw_cv_90120,CV 90120,https://thunderskill.com/en/vehicle/sw_cv_90120,Ground forces,2,Light Tank,light_tank,SWEDEN,R,8,173,82.47241379310344,71.20677419354837,CV 90120 sw_cv_90120 Light Tank,https://thunderskill.com/vehimgs/sw_cv_90120.png,2026-10-07T10:00:09.825681+00:00
2026-10-07,1825,ussr_t_62,T-62,https://thunderskill.com/en/vehicle/ussr_t_62,Ground forces,2,Medium Tank,medium_tank,USSR,R,6,173,59.73161290322581,66.97225806451613,T-62 ussr_t_62 Medium Tank,https://thunderskill.com/vehimgs/ussr_t_62.png,2026-10-07T10:00:09.825681+00:00
2026-10-07,2765,cn_ztz_99,ZTZ99-II,https://thunderskill.com/en/vehicle/cn_ztz_99,Ground forces,2,Medium Tank,medium_tank,CHINA,R,7,173,47.89387096774195,59.42193548387096,ZTZ99-II cn_ztz_99 Medium Tank,https://thunderskill.com/vehimgs/cn_ztz_99.png,2026-10-07T10:00:09.825681+00:00
2026-10-07,2341,it_b1_centauro,Centauro I 105,https://thunderskill.com/en/vehicle/it_b1_centauro,Ground forces,2,Light Tank,light_tank,ITALY,R,6,172,70.21612903225805,66.9509677419355,Centauro I 105 it_b1_centauro Light Tank,https://thunderskill.com/vehimgs/it_b1_centauro.png,2026-10-07T10:00:09.825681+00:00
2026-10-07,3054,us_m36b2,M36B2,https://thunderskill.com/en/vehicle/us_m36b2,Ground forces,2,Tank Destroyer,tank_destroyer,USA,R,3,172,66.53884615384617,48.459354838709686,M36B2 us_m36b2 Tank Destroyer,https://thunderskill.com/vehimgs/us_m36b2.png,2026-10-07T10:00:09.825681+00:00
2026-10-07,1981,uk_chieftain_mk_10,Chieftain Mk 10,https://thunderskill.com/en/vehicle/uk_chieftain_mk_10,Ground forces,2,Medium Tank,medium_tank,BRITAIN,R,6,171,65.28827586206899,55.71161290322579,Chieftain Mk 10 uk_chieftain_mk_10 Medium Tank,https://thunderskill.com/vehimgs/uk_chieftain_mk_10.png,2026-10-07T10:00:09.825681+00:00
2026-10-07,1554,uk_charioteer_mk_7,Charioteer Mk VII,https://thunderskill.com/en/vehicle/uk_charioteer_mk_7,Ground forces,2,Medium Tank,medium_tank,BRITAIN,R,4,170,52.381428571428565,64.53709677419354,Charioteer Mk VII uk_charioteer_mk_7 Medium Tank,https://thunderskill.com/vehimgs/uk_charioteer_mk_7.png,2026-10-07T10:00:09.825681+00:00
2026-10-07,1509,us_m26_t99,M26 T99,https://thunderskill.com/en/vehicle/us_m26_t99,Ground forces,2,Medium Tank,medium_tank,USA,R,4,169,50.3451724137931,80.29967741935481,M26 T99 us_m26_t99 Medium Tank,https://thunderskill.com/vehimgs/us_m26_t99.png,2026-10-07T10:00:09.825681+00:00
2026-10-07,1820,ussr_asu_85,ASU-85,https://thunderskill.com/en/vehicle/ussr_asu_85,Ground forces,2,Tank Destroyer,tank_destroyer,USSR,R,4,169,26.31578947368421,41.30967741935485,ASU-85 ussr_asu_85 Tank Destroyer,https://thunderskill.com/vehimgs/ussr_asu_85.png,2026-10-07T10:00:09.825681+00:00
2026-10-07,2521,germ_vt_1_2,VT1-2,https://thunderskill.com/en/vehicle/germ_vt_1_2,Ground forces,2,Tank Destroyer,tank_destroyer,GERMANY,R,6,168,47.51652173913044,93.6977419354839,VT1-2 germ_vt_1_2 Tank Destroyer,https://thunderskill.com/vehimgs/germ_vt_1_2.png,2026-10-07T10:00:11.536847+00:00
2026-10-07,3456,it_m44,M44,https://thunderskill.com/en/vehicle/it_m44,Ground forces,2,Tank Destroyer,tank_destroyer,ITALY,R,3,168,69.62548387096777,69.55967741935486,M44 it_m44 Tank Destroyer,,2026-10-07T10:00:11.536847+00:00
2026-10-07,3562,jp_oplot_t,BM Oplot-T,https://thunderskill.com/en/vehicle/jp_oplot_t,Ground forces,2,other,other,JAPAN,R,8,168,71.83032258064519,61.1748387096774,BM Oplot-T jp_oplot_t other,,2026-10-07T10:00:11.536847+00:00
2026-10-07,1481,us_m5a1_stuart,M5A1,https://thunderskill.com/en/vehicle/us_m5a1_stuart,Ground forces,2,Light Tank,light_tank,USA,R,2,167,53.117419354838724,60.1493548387097,M5A1 us_m5a1_stuart Light Tank,https://thunderskill.com/vehimgs/us_m5a1_stuart.png,2026-10-07T10:00:11.536847+00:00
2026-10-07,2556,fr_aml_90,AML-90,https://thunderskill.com/en/vehicle/fr_aml_90,Ground forces,2,Light Tank,light_tank,FRANCE,R,5,166,62.731935483870984,65.85354838709678,AML-90 fr_aml_90 Light Tank,https://thunderskill.com/vehimgs/fr_aml_90.png,2026-10-07T10:00:11.536847+00:00
2026-10-07,2892,fr_panhard_ebr_1951,E.B.R. (1951),https://thunderskill.com/en/vehicle/fr_panhard_ebr_1951,Ground forces,2,Light Tank,light_tank,FRANCE,R,3,166,53.333913043478255,57.33451612903228,E.B.R. (1951) fr_panhard_ebr_1951 Light Tank,https://thunderskill.com/vehimgs/fr_panhard_ebr_1951.png,2026-10-07T10:00:11.536847+00:00
2026-10-07,3112,sw_t_54_1951,T-54,https://thunderskill.com/en/vehicle/sw_t_54_1951,Ground forces,2,Medium Tank,medium_tank,SWEDEN,R,5,165,47.52846153846155,51.489677419354834,T-54 sw_t_54_1951 Medium Tank,https://thunderskill.com/vehimgs/sw_t_54_1951.png,2026-10-07T10:00:11.536847+00:00
2026-10-07,2810,uk_ratel_zt3,ZT3A2,https://thunderskill.com/en/vehicle/uk_ratel_zt3,Ground forces,2,Missile Tank,tank_destroyer,BRITAIN,R,6,164,38.611250000000005,71.33612903225804,ZT3A2 uk_ratel_zt3 Missile Tank,https://thunderskill.com/vehimgs/uk_ratel_zt3.png,2026-10-07T10:00:11.536847+00:00
2026-10-07,1843,us_m163_vulcan,M163,https://thunderskill.com/en/vehicle/us_m163_vulcan,Ground forces,2,SPAA,spaa,USA,R,5,164,60.12709677419356,42.1667741935484,M163 us_m163_vulcan SPAA,https://thunderskill.com/vehimgs/us_m163_vulcan.png,2026-10-07T10:00:11.536847+00:00
2026-10-07,2813,sw_ikv_91_105,Ikv 91-105,https://thunderskill.com/en/vehicle/sw_ikv_91_105,Ground forces,2,Light Tank,light_tank,SWEDEN,R,6,164,58.60290322580645,29.028064516129035,Ikv 91-105 sw_ikv_91_105 Light Tank,https://thunderskill.com/vehimgs/sw_ikv_91_105.png,2026-10-07T10:00:11.536847+00:00
2026-10-07,2099,fr_amx_13_90,AMX-13-90,https://thunderskill.com/en/vehicle/fr_amx_13_90,Ground forces,2,Light Tank,light_tank,FRANCE,R,5,163,71.38958333333333,73.79677419354839,AMX-13-90 fr_amx_13_90 Light Tank,https://thunderskill.com/vehimgs/fr_amx_13_90.png,2026-10-07T10:00:11.536847+00:00
2026-10-07,2054,fr_m4a1_sherman_fl_10,M4A1 (FL10),https://thunderskill.com/en/vehicle/fr_m4a1_sherman_fl_10,Ground forces,2,Medium Tank,medium_tank,FRANCE,R,3,162,57.74322580645161,65.7651612903226,M4A1 (FL10) fr_m4a1_sherman_fl_10 Medium Tank,https://thunderskill.com/vehimgs/fr_m4a1_sherman_fl_10.png,2026-10-07T10:00:11.536847+00:00
2026-10-07,2661,uk_challenger_2_dorchester,Challenger 2 (2F),https://thunderskill.com/en/vehicle/uk_challenger_2_dorchester,Ground forces,2,Medium Tank,medium_tank,BRITAIN,R,7,161,50.0,67.61645161290322,Challenger 2 (2F) uk_challenger_2_dorchester Medium Tank,https://thunderskill.com/vehimgs/uk_challenger_2_dorchester.png,2026-10-07T10:00:11.536847+00:00
2026-10-07,2978,uk_challenger_2_bn,Black Night,https://thunderskill.com/en/vehicle/uk_challenger_2_bn,Ground forces,2,Medium Tank,medium_tank,BRITAIN,R,8,159,57.77322580645161,63.08258064516128,Black Night uk_challenger_2_bn Medium Tank,https://thunderskill.com/vehimgs/uk_challenger_2_bn.png,2026-10-07T10:00:11.536847+00:00
2026-10-07,2472,cn_type_59d,ZTZ59D1,https://thunderskill.com/en/vehicle/cn_type_59d,Ground forces,2,Medium Tank,medium_tank,CHINA,R,6,159,36.773870967741935,56.42129032258064,ZTZ59D1 cn_type_59d Medium Tank,https://thunderskill.com/vehimgs/cn_type_59d.png,2026-10-07T10:00:11.536847+00:00
2026-10-07,1247,us_m42_duster,M42,https://thunderskill.com/en/vehicle/us_m42_duster,Ground forces,2,SPAA,spaa,USA,R,3,158,42.61133333333333,63.951935483870976,M42 us_m42_duster SPAA,https://thunderskill.com/vehimgs/us_m42_duster.png,2026-10-07T10:00:11.536847+00:00
2026-10-07,3647,uk_boxer_crv_block2,CRV Block 2,https://thunderskill.com/en/vehicle/uk_boxer_crv_block2,Ground forces,2,other,other,BRITAIN,R,7,158,77.15225806451616,37.78741935483871,CRV Block 2 uk_boxer_crv_block2 other,,2026-10-07T10:00:11.536847+00:00
2026-10-07,2683,germ_mkpz_super_m48,M48 Super,https://thunderskill.com/en/vehicle/germ_mkpz_super_m48,Ground forces,2,Medium Tank,medium_tank,GERMANY,R,6,157,71.13064516129035,76.22193548387095,M48 Super germ_mkpz_super_m48 Medium Tank,https://thunderskill.com/vehimgs/germ_mkpz_super_m48.png,2026-10-07T10:00:11.536847+00:00
2026-10-07,1699,ussr_t_54_1951,T-54 (1951),https://thunderskill.com/en/vehicle/ussr_t_54_1951,Ground forces,2,Medium Tank,medium_tank,USSR,R,5,157,48.171612903225814,55.641612903225806,T-54 (1951) ussr_t_54_1951 Medium Tank,https://thunderskill.com/vehimgs/ussr_t_54_1951.png,2026-10-07T10:00:11.536847+00:00
2026-10-07,3675,us_m1296_dragoon,M1296,https://thunderskill.com/en/vehicle/us_m1296_dragoon,Ground forces,2,other,other,USA,R,6,157,43.333333333333336,45.43096774193548,M1296 us_m1296_dragoon other,,2026-10-07T10:00:11.536847+00:00
2026-10-07,1503,ussr_is_2_1944_revenge,"IS-2 ""Revenge""",https://thunderskill.com/en/vehicle/ussr_is_2_1944_revenge,Ground forces,2,Heavy Tank,heavy_tank,USSR,R,4,154,79.03225806451613,68.84354838709676,"IS-2 ""Revenge"" ussr_is_2_1944_revenge Heavy Tank",https://thunderskill.com/vehimgs/ussr_is_2_1944_revenge.png,2026-10-07T10:00:11.536847+00:00
2026-10-07,3238,fr_leclerc_azur,Leclerc AZUR,https://thunderskill.com/en/vehicle/fr_leclerc_azur,Ground forces,2,Medium Tank,medium_tank,FRANCE,R,8,154,63.03903225806454,68.76096774193547,Leclerc AZUR fr_leclerc_azur Medium Tank,https://thunderskill.com/vehimgs/fr_leclerc_azur.png,2026-10-07T10:00:11.536847+00:00
2026-10-07,3056,il_merkava_mk_3c,Merkava Mk.3C,https://thunderskill.com/en/vehicle/il_merkava_mk_3c,Ground forces,2,Medium Tank,medium_tank,ISRAEL,R,7,152,44.23870967741937,58.41258064516128,Merkava Mk.3C il_merkava_mk_3c Medium Tank,https://thunderskill.com/vehimgs/il_merkava_mk_3c.png,2026-10-07T10:00:11.536847+00:00
2026-10-07,2116,uk_challenger_1,Challenger Mk.2,https://thunderskill.com/en/vehicle/uk_challenger_1,Ground forces,2,Medium Tank,medium_tank,BRITAIN,R,7,152,15.3758064516129,56.9593548387097,Challenger Mk.2 uk_challenger_1 Medium Tank,https://thunderskill.com/vehimgs/uk_challenger_1.png,2026-10-07T10:00:11.536847+00:00
2026-10-07,3259,it_breda_52_autocannone,Breda 90/53,https://thunderskill.com/en/vehicle/it_breda_52_autocannone,Ground forces,2,Tank Destroyer,tank_destroyer,ITALY,R,3,151,71.72129032258064,65.83612903225807,Breda 90/53 it_breda_52_autocannone Tank Destroyer,https://thunderskill.com/vehimgs/it_breda_52_autocannone.png,2026-10-07T10:00:11.536847+00:00
2026-10-07,2627,sw_strv_103a,Strv 103A,https://thunderskill.com/en/vehicle/sw_strv_103a,Ground forces,2,Medium Tank,medium_tank,SWEDEN,R,5,150,39.33740740740742,67.15774193548387,Strv 103A sw_strv_103a Medium Tank,https://thunderskill.com/vehimgs/sw_strv_103a.png,2026-10-07T10:00:11.536847+00:00
2026-10-07,1678,ussr_kv_1_zis_5,KV-1 (ZiS-5),https://thunderskill.com/en/vehicle/ussr_kv_1_zis_5,Ground forces,2,Heavy Tank,heavy_tank,USSR,R,3,149,98.85068965517242,84.27870967741939,KV-1 (ZiS-5) ussr_kv_1_zis_5 Heavy Tank,https://thunderskill.com/vehimgs/ussr_kv_1_zis_5.png,2026-10-07T10:00:11.536847+00:00
2026-10-07,2328,it_otomatic,OTOMATIC,https://thunderskill.com/en/vehicle/it_otomatic,Ground forces,2,SPAA,spaa,ITALY,R,7,149,48.808928571428574,72.63354838709677,OTOMATIC it_otomatic SPAA,https://thunderskill.com/vehimgs/it_otomatic.png,2026-10-07T10:00:11.536847+00:00
2026-10-07,3211,sw_cv_9030_fin,CV9030FIN,https://thunderskill.com/en/vehicle/sw_cv_9030_fin,Ground forces,2,Light Tank,light_tank,SWEDEN,R,6,149,69.77148148148147,55.47096774193548,CV9030FIN sw_cv_9030_fin Light Tank,https://thunderskill.com/vehimgs/sw_cv_9030_fin.png,2026-10-07T10:00:11.536847+00:00
2026-10-07,3653,jp_btr_3e1,BTR-3E1,https://thunderskill.com/en/vehicle/jp_btr_3e1,Ground forces,2,other,other,JAPAN,R,6,148,40.22100000000002,44.500322580645154,BTR-3E1 jp_btr_3e1 other,,2026-10-07T10:00:11.536847+00:00
2026-10-07,2912,ussr_2s3m,2S3M,https://thunderskill.com/en/vehicle/ussr_2s3m,Ground forces,2,Tank Destroyer,tank_destroyer,USSR,R,4,148,42.666000000000004,42.6151612903226,2S3M ussr_2s3m Tank Destroyer,https://thunderskill.com/vehimgs/ussr_2s3m.png,2026-10-07T10:00:11.536847+00:00
2026-10-07,1646,ussr_m4a2_76w_sherman,M4A2,https://thunderskill.com/en/vehicle/ussr_m4a2_76w_sherman,Ground forces,2,Medium Tank,medium_tank,USSR,R,3,147,58.21500000000002,80.97032258064517,M4A2 ussr_m4a2_76w_sherman Medium Tank,https://thunderskill.com/vehimgs/ussr_m4a2_76w_sherman.png,2026-10-07T10:00:11.536847+00:00
2026-10-07,2762,sw_strv_122b_plss,Strv 122B PLSS,https://thunderskill.com/en/vehicle/sw_strv_122b_plss,Ground forces,2,Medium Tank,medium_tank,SWEDEN,R,8,147,44.666000000000004,76.40612903225806,Strv 122B PLSS sw_strv_122b_plss Medium Tank,https://thunderskill.com/vehimgs/sw_strv_122b_plss.png,2026-10-07T10:00:11.536847+00:00
2026-10-07,2793,germ_sk105_a2,JaPz.K A2,https://thunderskill.com/en/vehicle/germ_sk105_a2,Ground forces,2,Light Tank,light_tank,GERMANY,R,6,147,38.44433333333333,64.46258064516128,JaPz.K A2 germ_sk105_a2 Light Tank,https://thunderskill.com/vehimgs/germ_sk105_a2.png,2026-10-07T10:00:11.536847+00:00
2026-10-07,2500,cn_type_62,Type 62,https://thunderskill.com/en/vehicle/cn_type_62,Ground forces,2,Light Tank,light_tank,CHINA,R,4,143,47.74129032258064,29.739677419354837,Type 62 cn_type_62 Light Tank,https://thunderskill.com/vehimgs/cn_type_62.png,2026-10-07T10:00:11.536847+00:00
2026-10-07,3041,ussr_object_248,Object 248,https://thunderskill.com/en/vehicle/ussr_object_248,Ground forces,2,Heavy Tank,heavy_tank,USSR,R,4,142,97.43615384615386,67.59193548387098,Object 248 ussr_object_248 Heavy Tank,https://thunderskill.com/vehimgs/ussr_object_248.png,2026-10-07T10:00:11.536847+00:00
2026-10-07,2065,fr_m10,M10 GMC,https://thunderskill.com/en/vehicle/fr_m10,Ground forces,2,Tank Destroyer,tank_destroyer,FRANCE,R,2,142,54.59862068965518,61.94774193548386,M10 GMC fr_m10 Tank Destroyer,https://thunderskill.com/vehimgs/fr_m10.png,2026-10-07T10:00:11.536847+00:00
2026-10-07,3043,it_44m_zrinyi_1,Zrinyi I,https://thunderskill.com/en/vehicle/it_44m_zrinyi_1,Ground forces,2,Tank Destroyer,tank_destroyer,ITALY,R,3,141,51.111,73.34774193548387,Zrinyi I it_44m_zrinyi_1 Tank Destroyer,https://thunderskill.com/vehimgs/it_44m_zrinyi_1.png,2026-10-07T10:00:11.536847+00:00
2026-10-07,2294,it_oto_r3_t20_fa,R3 T20 FA-HS,https://thunderskill.com/en/vehicle/it_oto_r3_t20_fa,Ground forces,2,SPAA,spaa,ITALY,R,4,141,31.74619047619048,36.86806451612903,R3 T20 FA-HS it_oto_r3_t20_fa SPAA,https://thunderskill.com/vehimgs/it_oto_r3_t20_fa.png,2026-10-07T10:00:11.536847+00:00
2026-10-07,2758,jp_type_74_f,Type 74 (F),https://thunderskill.com/en/vehicle/jp_type_74_f,Ground forces,2,Medium Tank,medium_tank,JAPAN,R,6,140,62.0,61.00806451612903,Type 74 (F) jp_type_74_f Medium Tank,https://thunderskill.com/vehimgs/jp_type_74_f.png,2026-10-07T10:00:11.536847+00:00
2026-10-07,3531,us_skink_aa_kit_3rank,Skink (Hell),https://thunderskill.com/en/vehicle/us_skink_aa_kit_3rank,Ground forces,2,SPAA,spaa,USA,R,3,140,55.86444444444445,52.128709677419344,Skink (Hell) us_skink_aa_kit_3rank SPAA,,2026-10-07T10:00:11.536847+00:00
2026-10-07,1414,ussr_t_50,T-50,https://thunderskill.com/en/vehicle/ussr_t_50,Ground forces,2,Light Tank,light_tank,USSR,R,2,140,68.27967741935484,48.99354838709678,T-50 ussr_t_50 Light Tank,https://thunderskill.com/vehimgs/ussr_t_50.png,2026-10-07T10:00:11.536847+00:00
2026-10-07,1841,ussr_zsu_23_4,ZSU-23-4,https://thunderskill.com/en/vehicle/ussr_zsu_23_4,Ground forces,2,SPAA,spaa,USSR,R,6,140,50.0,39.48645161290323,ZSU-23-4 ussr_zsu_23_4 SPAA,https://thunderskill.com/vehimgs/ussr_zsu_23_4.png,2026-10-07T10:00:11.536847+00:00
2026-10-07,3507,ussr_t_44_po,Т-44(ПМ),https://thunderskill.com/en/vehicle/ussr_t_44_po,Ground forces,2,Medium Tank,medium_tank,USSR,R,4,139,78.00040000000001,71.56419354838708,Т-44(ПМ) ussr_t_44_po Medium Tank,,2026-10-07T10:00:11.536847+00:00
2026-10-07,3167,cn_zts_63_1980,ZTS63,https://thunderskill.com/en/vehicle/cn_zts_63_1980,Ground forces,2,Light Tank,light_tank,CHINA,R,5,139,70.00160000000001,41.575161290322576,ZTS63 cn_zts_63_1980 Light Tank,https://thunderskill.com/vehimgs/cn_zts_63_1980.png,2026-10-07T10:00:11.536847+00:00
2026-10-07,3478,ussr_2s19_m1,2С19М1,https://thunderskill.com/en/vehicle/ussr_2s19_m1,Ground forces,2,Tank Destroyer,tank_destroyer,USSR,R,5,139,37.998000000000005,31.831612903225803,2С19М1 ussr_2s19_m1 Tank Destroyer,,2026-10-07T10:00:11.536847+00:00
2026-10-07,2752,fr_leclerc_s2,Leclerc S2,https://thunderskill.com/en/vehicle/fr_leclerc_s2,Ground forces,2,Medium Tank,medium_tank,FRANCE,R,8,138,42.498750000000015,69.32903225806452,Leclerc S2 fr_leclerc_s2 Medium Tank,https://thunderskill.com/vehimgs/fr_leclerc_s2.png,2026-10-07T10:00:11.536847+00:00
2026-10-07,2459,ussr_object_685,Object 685,https://thunderskill.com/en/vehicle/ussr_object_685,Ground forces,2,Light Tank,light_tank,USSR,R,6,138,51.07645161290322,56.86096774193548,Object 685 ussr_object_685 Light Tank,https://thunderskill.com/vehimgs/ussr_object_685.png,2026-10-07T10:00:11.536847+00:00
2026-10-07,1536,uk_sherman_vc_firefly,Sherman Firefly,https://thunderskill.com/en/vehicle/uk_sherman_vc_firefly,Ground forces,2,Medium Tank,medium_tank,BRITAIN,R,3,138,35.41607142857142,51.03225806451613,Sherman Firefly uk_sherman_vc_firefly Medium Tank,https://thunderskill.com/vehimgs/uk_sherman_vc_firefly.png,2026-10-07T10:00:11.536847+00:00
2026-10-07,3455,jp_m44,M44,https://thunderskill.com/en/vehicle/jp_m44,Ground forces,2,Tank Destroyer,tank_destroyer,JAPAN,R,3,138,67.62142857142857,42.48838709677419,M44 jp_m44 Tank Destroyer,,2026-10-07T10:00:11.536847+00:00
2026-10-07,2536,uk_vickers_mk7,Vickers Mk.7,https://thunderskill.com/en/vehicle/uk_vickers_mk7,Ground forces,2,Medium Tank,medium_tank,BRITAIN,R,7,135,49.4783870967742,71.97161290322583,Vickers Mk.7 uk_vickers_mk7 Medium Tank,https://thunderskill.com/vehimgs/uk_vickers_mk7.png,2026-10-07T10:00:11.536847+00:00
2026-10-07,3674,il_eitan,Eitan (P),https://thunderskill.com/en/vehicle/il_eitan,Ground forces,2,other,other,ISRAEL,R,7,135,79.66766666666668,55.40870967741936,Eitan (P) il_eitan other,,2026-10-07T10:00:11.536847+00:00
2026-10-07,3295,uk_challenger_2_lep,Challenger 3 TD,https://thunderskill.com/en/vehicle/uk_challenger_2_lep,Ground forces,2,Medium Tank,medium_tank,BRITAIN,R,8,135,53.763548387096755,42.819354838709685,Challenger 3 TD uk_challenger_2_lep Medium Tank,https://thunderskill.com/vehimgs/uk_challenger_2_lep.png,2026-10-07T10:00:11.536847+00:00
2026-10-07,1220,uk_a30_challenger,Challenger,https://thunderskill.com/en/vehicle/uk_a30_challenger,Ground forces,2,Medium Tank,medium_tank,BRITAIN,R,3,134,58.22366666666668,56.31483870967742,Challenger uk_a30_challenger Medium Tank,https://thunderskill.com/vehimgs/uk_a30_challenger.png,2026-10-07T10:00:11.536847+00:00
2026-10-07,2433,cn_t_34_85_d_5t,␗Т-34-85 (S-53),https://thunderskill.com/en/vehicle/cn_t_34_85_d_5t,Ground forces,2,Medium Tank,medium_tank,CHINA,R,4,133,39.559999999999995,62.73967741935482,␗Т-34-85 (S-53) cn_t_34_85_d_5t Medium Tank,https://thunderskill.com/vehimgs/cn_t_34_85_d_5t.png,2026-10-07T10:00:11.536847+00:00
2026-10-07,2371,jp_type_74_mod_g_kai,Type 74 (G),https://thunderskill.com/en/vehicle/jp_type_74_mod_g_kai,Ground forces,2,Medium Tank,medium_tank,JAPAN,R,6,133,51.76470588235294,60.924838709677445,Type 74 (G) jp_type_74_mod_g_kai Medium Tank,https://thunderskill.com/vehimgs/jp_type_74_mod_g_kai.png,2026-10-07T10:00:11.536847+00:00
2026-10-07,3664,uk_as_90_mk_2,AS90,https://thunderskill.com/en/vehicle/uk_as_90_mk_2,Ground forces,2,other,other,BRITAIN,R,4,133,0.0,50.38516129032255,AS90 uk_as_90_mk_2 other,,2026-10-07T10:00:11.536847+00:00
2026-10-07,3631,us_nasams_fcs,NASAMS 3 (СОЦ),https://thunderskill.com/en/vehicle/us_nasams_fcs,Ground forces,2,other,other,USA,R,8,133,50.0,49.34774193548387,NASAMS 3 (СОЦ) us_nasams_fcs other,,2026-10-07T10:00:11.536847+00:00
2026-10-07,2795,us_m3a3_bradley,M3A3 Bradley,https://thunderskill.com/en/vehicle/us_m3a3_bradley,Ground forces,2,Light Tank,light_tank,USA,R,7,133,39.68095238095238,41.65451612903226,M3A3 Bradley us_m3a3_bradley Light Tank,https://thunderskill.com/vehimgs/us_m3a3_bradley.png,2026-10-07T10:00:11.536847+00:00
2026-10-07,1977,germ_sdkfz_234_4,Sd.Kfz.234/4,https://thunderskill.com/en/vehicle/germ_sdkfz_234_4,Ground forces,2,Tank Destroyer,tank_destroyer,GERMANY,R,3,132,92.5809677419355,68.40129032258065,Sd.Kfz.234/4 germ_sdkfz_234_4 Tank Destroyer,https://thunderskill.com/vehimgs/germ_sdkfz_234_4.png,2026-10-07T10:00:11.536847+00:00
2026-10-07,3611,il_m113_hvms,Bardelas/60mm HVMS,https://thunderskill.com/en/vehicle/il_m113_hvms,Ground forces,2,other,other,ISRAEL,R,5,132,38.66466666666667,54.73290322580646,Bardelas/60mm HVMS il_m113_hvms other,,2026-10-07T10:00:11.536847+00:00
2026-10-07,2096,fr_lorraine_100,CA Lorraine,https://thunderskill.com/en/vehicle/fr_lorraine_100,Ground forces,2,Tank Destroyer,tank_destroyer,FRANCE,R,4,132,56.45193548387096,53.56354838709677,CA Lorraine fr_lorraine_100 Tank Destroyer,https://thunderskill.com/vehimgs/fr_lorraine_100.png,2026-10-07T10:00:11.536847+00:00
2026-10-07,3567,jp_m163_vulcan,M163,https://thunderskill.com/en/vehicle/jp_m163_vulcan,Ground forces,2,other,other,JAPAN,R,5,132,46.25142857142856,50.821612903225784,M163 jp_m163_vulcan other,,2026-10-07T10:00:11.536847+00:00
2026-10-07,3597,cn_oplot_t,Oplot-M,https://thunderskill.com/en/vehicle/cn_oplot_t,Ground forces,2,other,other,CHINA,R,8,131,53.940000000000005,57.426451612903215,Oplot-M cn_oplot_t other,,2026-10-07T10:00:11.536847+00:00
2026-10-07,3157,us_t1e1,T1E1,https://thunderskill.com/en/vehicle/us_t1e1,Ground forces,2,Heavy Tank,heavy_tank,USA,R,3,131,58.825294117647054,56.230967741935466,T1E1 us_t1e1 Heavy Tank,https://thunderskill.com/vehimgs/us_t1e1.png,2026-10-07T10:00:11.536847+00:00
2026-10-07,3420,cn_plz_05,PLZ05,https://thunderskill.com/en/vehicle/cn_plz_05,Ground forces,2,Tank Destroyer,tank_destroyer,CHINA,R,5,130,71.11200000000002,59.00516129032258,PLZ05 cn_plz_05 Tank Destroyer,,2026-10-07T10:00:11.536847+00:00
2026-10-07,1658,ussr_t_54_1949,T-54 (1949),https://thunderskill.com/en/vehicle/ussr_t_54_1949,Ground forces,2,Medium Tank,medium_tank,USSR,R,5,130,44.19354838709677,50.82000000000001,T-54 (1949) ussr_t_54_1949 Medium Tank,https://thunderskill.com/vehimgs/ussr_t_54_1949.png,2026-10-07T10:00:11.536847+00:00
2026-10-07,1420,germ_pzkpfw_IV_ausf_G,Pz.IV G,https://thunderskill.com/en/vehicle/germ_pzkpfw_IV_ausf_G,Ground forces,2,Medium Tank,medium_tank,GERMANY,R,2,130,11.558709677419353,47.65129032258065,Pz.IV G germ_pzkpfw_IV_ausf_G Medium Tank,https://thunderskill.com/vehimgs/germ_pzkpfw_iv_ausf_g.png,2026-10-07T10:00:11.536847+00:00
2026-10-07,3677,germ_boxer_swatrinf,sWaTrgInf,https://thunderskill.com/en/vehicle/germ_boxer_swatrinf,Ground forces,2,other,other,GERMANY,R,7,130,17.51590909090909,31.955483870967747,sWaTrgInf germ_boxer_swatrinf other,,2026-10-07T10:00:11.536847+00:00
2026-10-07,3154,fr_amx_50_1950,AMX-50 (TO90/930),https://thunderskill.com/en/vehicle/fr_amx_50_1950,Ground forces,2,Medium Tank,medium_tank,FRANCE,R,5,129,70.55766666666668,76.94387096774194,AMX-50 (TO90/930) fr_amx_50_1950 Medium Tank,https://thunderskill.com/vehimgs/fr_amx_50_1950.png,2026-10-07T10:00:11.536847+00:00
2026-10-07,3724,uk_fv107_scimitar_mk2,Scimitar Mk.2,https://thunderskill.com/en/vehicle/uk_fv107_scimitar_mk2,Ground forces,2,other,other,BRITAIN,R,6,129,65.15136363636363,43.75741935483871,Scimitar Mk.2 uk_fv107_scimitar_mk2 other,,2026-10-07T10:00:11.536847+00:00
2026-10-07,1471,us_m4_sherman,M4,https://thunderskill.com/en/vehicle/us_m4_sherman,Ground forces,2,Medium Tank,medium_tank,USA,R,2,128,0.0,62.0083870967742,M4 us_m4_sherman Medium Tank,https://thunderskill.com/vehimgs/us_m4_sherman.png,2026-10-07T10:00:11.536847+00:00
2026-10-07,2615,sw_strv_m42_delat_torn,Strv m/42 DT,https://thunderskill.com/en/vehicle/sw_strv_m42_delat_torn,Ground forces,2,Medium Tank,medium_tank,SWEDEN,R,3,128,45.00035714285712,55.39225806451614,Strv m/42 DT sw_strv_m42_delat_torn Medium Tank,https://thunderskill.com/vehimgs/sw_strv_m42_delat_torn.png,2026-10-07T10:00:11.536847+00:00
2026-10-07,3219,sw_patria_amv_ctcv_105,CT-CV 105HP,https://thunderskill.com/en/vehicle/sw_patria_amv_ctcv_105,Ground forces,2,Light Tank,light_tank,SWEDEN,R,7,128,62.25967741935486,55.26935483870971,CT-CV 105HP sw_patria_amv_ctcv_105 Light Tank,https://thunderskill.com/vehimgs/sw_patria_amv_ctcv_105.png,2026-10-07T10:00:11.536847+00:00
2026-10-07,3453,fr_vbci,VBCI,https://thunderskill.com/en/vehicle/fr_vbci,Ground forces,2,Light Tank,light_tank,FRANCE,R,6,128,80.24814814814818,50.213548387096786,VBCI fr_vbci Light Tank,,2026-10-07T10:00:11.536847+00:00
2026-10-07,3392,ussr_zsu_23_4m2,ЗСУ-23-4М2,https://thunderskill.com/en/vehicle/ussr_zsu_23_4m2,Ground forces,2,SPAA,spaa,USSR,R,5,128,35.32096774193548,45.80967741935483,ЗСУ-23-4М2 ussr_zsu_23_4m2 SPAA,,2026-10-07T10:00:11.536847+00:00
2026-10-07,3655,it_centauro_2,Centauro II (P),https://thunderskill.com/en/vehicle/it_centauro_2,Ground forces,2,other,other,ITALY,R,8,127,93.56344827586207,78.85620689655174,Centauro II (P) it_centauro_2 other,,2026-10-07T10:00:11.536847+00:00
2026-10-07,3651,fr_amx_elc_901,ELC 901,https://thunderskill.com/en/vehicle/fr_amx_elc_901,Ground forces,2,other,other,FRANCE,R,4,127,58.69652173913043,54.74064516129031,ELC 901 fr_amx_elc_901 other,,2026-10-07T10:00:11.536847+00:00
2026-10-07,2080,fr_amx_13_dca_40,AMX-13 DCA 40,https://thunderskill.com/en/vehicle/fr_amx_13_dca_40,Ground forces,2,SPAA,spaa,FRANCE,R,3,127,55.90999999999999,44.99290322580646,AMX-13 DCA 40 fr_amx_13_dca_40 SPAA,https://thunderskill.com/vehimgs/fr_amx_13_dca_40.png,2026-10-07T10:00:11.536847+00:00
2026-10-07,2464,cn_type_63_I,Type 63-I,https://thunderskill.com/en/vehicle/cn_type_63_I,Ground forces,2,Light Tank,light_tank,CHINA,R,4,127,51.504516129032254,32.84,Type 63-I cn_type_63_I Light Tank,https://thunderskill.com/vehimgs/cn_type_63_i.png,2026-10-07T10:00:11.536847+00:00
2026-10-07,3252,ussr_to_55,TO-55,https://thunderskill.com/en/vehicle/ussr_to_55,Ground forces,2,Medium Tank,medium_tank,USSR,R,5,126,89.10307692307691,84.76741935483868,TO-55 ussr_to_55 Medium Tank,https://thunderskill.com/vehimgs/ussr_to_55.png,2026-10-07T10:00:11.536847+00:00
2026-10-07,3187,uk_centurion_mk_2,Centurion Mk.2,https://thunderskill.com/en/vehicle/uk_centurion_mk_2,Ground forces,2,Medium Tank,medium_tank,BRITAIN,R,4,126,50.0,60.80419354838709,Centurion Mk.2 uk_centurion_mk_2 Medium Tank,https://thunderskill.com/vehimgs/uk_centurion_mk_2.png,2026-10-07T10:00:11.536847+00:00
2026-10-07,2873,cn_ztz_99_w,ZTZ99-III,https://thunderskill.com/en/vehicle/cn_ztz_99_w,Ground forces,2,Medium Tank,medium_tank,CHINA,R,7,126,48.92290322580646,53.38774193548383,ZTZ99-III cn_ztz_99_w Medium Tank,https://thunderskill.com/vehimgs/cn_ztz_99_w.png,2026-10-07T10:00:11.536847+00:00
2026-10-07,3634,germ_jaguar_2,Jaguar 2,https://thunderskill.com/en/vehicle/germ_jaguar_2,Ground forces,2,other,other,GERMANY,R,6,126,14.393636363636363,51.549354838709675,Jaguar 2 germ_jaguar_2 other,,2026-10-07T10:00:11.536847+00:00
2026-10-07,3643,il_merkava_mk_1,Merkava Mk.1,https://thunderskill.com/en/vehicle/il_merkava_mk_1,Ground forces,2,other,other,ISRAEL,R,6,125,61.78750000000001,81.44225806451615,Merkava Mk.1 il_merkava_mk_1 other,,2026-10-07T10:00:11.536847+00:00
2026-10-07,3085,sw_t_34_1941,T-34,https://thunderskill.com/en/vehicle/sw_t_34_1941,Ground forces,2,Medium Tank,medium_tank,SWEDEN,R,3,125,21.066,53.33129032258064,T-34 sw_t_34_1941 Medium Tank,https://thunderskill.com/vehimgs/sw_t_34_1941.png,2026-10-07T10:00:11.536847+00:00
2026-10-07,1664,us_m10,M10 GMC,https://thunderskill.com/en/vehicle/us_m10,Ground forces,2,Tank Destroyer,tank_destroyer,USA,R,2,125,44.87076923076923,44.796451612903226,M10 GMC us_m10 Tank Destroyer,https://thunderskill.com/vehimgs/us_m10.png,2026-10-07T10:00:11.536847+00:00
2026-10-07,3102,sw_pt_76b,PT-76,https://thunderskill.com/en/vehicle/sw_pt_76b,Ground forces,2,Light Tank,light_tank,SWEDEN,R,3,125,26.546785714285715,30.401000000000007,PT-76 sw_pt_76b Light Tank,https://thunderskill.com/vehimgs/sw_pt_76b.png,2026-10-07T10:00:11.536847+00:00
2026-10-07,3246,uk_t_90s_bheeshma,Bhishma TWMP,https://thunderskill.com/en/vehicle/uk_t_90s_bheeshma,Ground forces,2,Medium Tank,medium_tank,BRITAIN,R,7,124,59.75047619047618,61.36064516129032,Bhishma TWMP uk_t_90s_bheeshma Medium Tank,https://thunderskill.com/vehimgs/uk_t_90s_bheeshma.png,2026-10-07T10:00:11.536847+00:00
2026-10-07,2982,il_machbet,Machbet,https://thunderskill.com/en/vehicle/il_machbet,Ground forces,2,SPAA,spaa,ISRAEL,R,6,124,48.064516129032256,42.009354838709676,Machbet il_machbet SPAA,https://thunderskill.com/vehimgs/il_machbet.png,2026-10-07T10:00:11.536847+00:00
2026-10-07,3482,fr_marder_clovis,CLOVIS,https://thunderskill.com/en/vehicle/fr_marder_clovis,Ground forces,2,Light Tank,light_tank,FRANCE,R,5,123,85.75322580645161,82.61193548387097,CLOVIS fr_marder_clovis Light Tank,,2026-10-07T10:00:11.536847+00:00
2026-10-07,3069,il_magach_6r,Magach 6R,https://thunderskill.com/en/vehicle/il_magach_6r,Ground forces,2,Medium Tank,medium_tank,ISRAEL,R,6,123,91.66741935483873,74.83225806451615,Magach 6R il_magach_6r Medium Tank,https://thunderskill.com/vehimgs/il_magach_6r.png,2026-10-07T10:00:11.536847+00:00
2026-10-07,3526,us_sl_amraam_fcs,CLAWS (СОЦ),https://thunderskill.com/en/vehicle/us_sl_amraam_fcs,Ground forces,2,SPAA,spaa,USA,R,8,123,66.66826086956522,57.07172413793104,CLAWS (СОЦ) us_sl_amraam_fcs SPAA,,2026-10-07T10:00:11.536847+00:00
2026-10-07,3121,fr_amx_32_105,AMX-32 (105),https://thunderskill.com/en/vehicle/fr_amx_32_105,Ground forces,2,Medium Tank,medium_tank,FRANCE,R,6,123,57.09806451612905,53.79483870967742,AMX-32 (105) fr_amx_32_105 Medium Tank,https://thunderskill.com/vehimgs/fr_amx_32_105.png,2026-10-07T10:00:11.536847+00:00
2026-10-07,2744,it_leopard_1a5,Leopard 1A5,https://thunderskill.com/en/vehicle/it_leopard_1a5,Ground forces,2,Medium Tank,medium_tank,ITALY,R,6,122,84.14064516129032,69.08903225806452,Leopard 1A5 it_leopard_1a5 Medium Tank,https://thunderskill.com/vehimgs/it_leopard_1a5.png,2026-10-07T10:00:11.536847+00:00
2026-10-07,1778,ussr_pzkpfw_V,T-V,https://thunderskill.com/en/vehicle/ussr_pzkpfw_V,Ground forces,2,Medium Tank,medium_tank,USSR,R,4,122,14.782608695652174,68.10032258064517,T-V ussr_pzkpfw_V Medium Tank,https://thunderskill.com/vehimgs/ussr_pzkpfw_v.png,2026-10-07T10:00:11.536847+00:00
2026-10-07,2739,uk_vfm_5,VFM5,https://thunderskill.com/en/vehicle/uk_vfm_5,Ground forces,2,Light Tank,light_tank,BRITAIN,R,6,122,46.42857142857143,58.6841935483871,VFM5 uk_vfm_5 Light Tank,https://thunderskill.com/vehimgs/uk_vfm_5.png,2026-10-07T10:00:11.536847+00:00
2026-10-07,3538,it_leopard_1a2,Leopard 1A2,https://thunderskill.com/en/vehicle/it_leopard_1a2,Ground forces,2,Medium Tank,medium_tank,ITALY,R,5,122,68.62172413793104,43.91838709677421,Leopard 1A2 it_leopard_1a2 Medium Tank,,2026-10-07T10:00:11.536847+00:00
2026-10-07,2620,uk_rooikat_105_td,Rooikat 105,https://thunderskill.com/en/vehicle/uk_rooikat_105_td,Ground forces,2,Light Tank,light_tank,BRITAIN,R,6,121,48.958124999999995,61.46516129032257,Rooikat 105 uk_rooikat_105_td Light Tank,https://thunderskill.com/vehimgs/uk_rooikat_105_td.png,2026-10-07T10:00:11.536847+00:00
2026-10-07,3605,uk_chieftain_900,Chieftain 900,https://thunderskill.com/en/vehicle/uk_chieftain_900,Ground forces,2,other,other,BRITAIN,R,6,121,55.05758620689655,60.671612903225835,Chieftain 900 uk_chieftain_900 other,,2026-10-07T10:00:11.536847+00:00
2026-10-07,3248,it_zsu_57_2,◔ZSU-57-2,https://thunderskill.com/en/vehicle/it_zsu_57_2,Ground forces,2,SPAA,spaa,ITALY,R,5,121,78.26086956521739,58.145483870967745,◔ZSU-57-2 it_zsu_57_2 SPAA,https://thunderskill.com/vehimgs/it_zsu_57_2.png,2026-10-07T10:00:13.267887+00:00
2026-10-07,2780,fr_panhard_ebr_1954,E.B.R. (1954),https://thunderskill.com/en/vehicle/fr_panhard_ebr_1954,Ground forces,2,Light Tank,light_tank,FRANCE,R,4,120,68.89033333333333,67.02741935483871,E.B.R. (1954) fr_panhard_ebr_1954 Light Tank,https://thunderskill.com/vehimgs/fr_panhard_ebr_1954.png,2026-10-07T10:00:13.267887+00:00
2026-10-07,3237,cn_mbt2000,MBT-2000,https://thunderskill.com/en/vehicle/cn_mbt2000,Ground forces,2,Medium Tank,medium_tank,CHINA,R,7,120,47.04290322580645,62.46870967741937,MBT-2000 cn_mbt2000 Medium Tank,https://thunderskill.com/vehimgs/cn_mbt2000.png,2026-10-07T10:00:13.267887+00:00
2026-10-07,1223,ussr_zis_12_94KM_1945,ZiS-12 (94-KM),https://thunderskill.com/en/vehicle/ussr_zis_12_94KM_1945,Ground forces,2,SPAA,spaa,USSR,R,2,120,56.45225806451613,54.600322580645155,ZiS-12 (94-KM) ussr_zis_12_94KM_1945 SPAA,https://thunderskill.com/vehimgs/ussr_zis_12_94km_1945.png,2026-10-07T10:00:13.267887+00:00
2026-10-07,3358,cn_zsl_92,ZSL92,https://thunderskill.com/en/vehicle/cn_zsl_92,Ground forces,2,SPAA,spaa,CHINA,R,4,120,52.27318181818182,43.2625806451613,ZSL92 cn_zsl_92 SPAA,https://thunderskill.com/vehimgs/cn_zsl_92.png,2026-10-07T10:00:13.267887+00:00
2026-10-07,3636,it_freccia_hitfist_ows,Freccia OWS 30,https://thunderskill.com/en/vehicle/it_freccia_hitfist_ows,Ground forces,2,other,other,ITALY,R,7,119,77.77809523809525,57.56741935483871,Freccia OWS 30 it_freccia_hitfist_ows other,,2026-10-07T10:00:13.267887+00:00
2026-10-07,1813,us_m551,M551,https://thunderskill.com/en/vehicle/us_m551,Ground forces,2,Light Tank,light_tank,USA,R,6,119,31.25,46.21096774193548,M551 us_m551 Light Tank,https://thunderskill.com/vehimgs/us_m551.png,2026-10-07T10:00:13.267887+00:00
2026-10-07,1616,us_m4a3e2_sherman_jumbo_cobra_king,Cobra King,https://thunderskill.com/en/vehicle/us_m4a3e2_sherman_jumbo_cobra_king,Ground forces,2,Heavy Tank,heavy_tank,USA,R,3,118,66.66846153846156,74.42064516129032,Cobra King us_m4a3e2_sherman_jumbo_cobra_king Heavy Tank,https://thunderskill.com/vehimgs/us_m4a3e2_sherman_jumbo_cobra_king.png,2026-10-07T10:00:13.267887+00:00
2026-10-07,2327,it_of_40_mk_2a,OF-40 Mk.2A,https://thunderskill.com/en/vehicle/it_of_40_mk_2a,Ground forces,2,Medium Tank,medium_tank,ITALY,R,6,118,62.47419354838712,68.49645161290321,OF-40 Mk.2A it_of_40_mk_2a Medium Tank,https://thunderskill.com/vehimgs/it_of_40_mk_2a.png,2026-10-07T10:00:13.267887+00:00
2026-10-07,3575,jp_m60a3_tts,M60A3 TTS,https://thunderskill.com/en/vehicle/jp_m60a3_tts,Ground forces,2,other,other,JAPAN,R,6,117,36.09275862068965,71.31466666666667,M60A3 TTS jp_m60a3_tts other,,2026-10-07T10:00:13.267887+00:00
2026-10-07,3563,germ_m55,◄M55,https://thunderskill.com/en/vehicle/germ_m55,Ground forces,2,other,other,GERMANY,R,3,117,0.0,49.901935483870986,◄M55 germ_m55 other,,2026-10-07T10:00:13.267887+00:00
2026-10-07,3532,cn_pgz_625_fb10,CS/SA5,https://thunderskill.com/en/vehicle/cn_pgz_625_fb10,Ground forces,2,SPAA,spaa,CHINA,R,8,117,51.61322580645161,49.072580645161295,CS/SA5 cn_pgz_625_fb10 SPAA,,2026-10-07T10:00:13.267887+00:00
2026-10-07,3106,fr_vab_santal,SANTAL,https://thunderskill.com/en/vehicle/fr_vab_santal,Ground forces,2,SPAA,spaa,FRANCE,R,6,117,6.818181818181818,48.73838709677418,SANTAL fr_vab_santal SPAA,https://thunderskill.com/vehimgs/fr_vab_santal.png,2026-10-07T10:00:13.267887+00:00
2026-10-07,3405,ussr_kv_7_u13,KV-7 (U-13),https://thunderskill.com/en/vehicle/ussr_kv_7_u13,Ground forces,2,Heavy Tank,heavy_tank,USSR,R,3,115,61.445000000000014,86.59709677419357,KV-7 (U-13) ussr_kv_7_u13 Heavy Tank,,2026-10-07T10:00:13.267887+00:00
2026-10-07,1964,uk_vickers_mbt_mk_1,Vickers Mk.1,https://thunderskill.com/en/vehicle/uk_vickers_mbt_mk_1,Ground forces,2,Medium Tank,medium_tank,BRITAIN,R,5,114,41.80483870967741,57.52161290322582,Vickers Mk.1 uk_vickers_mbt_mk_1 Medium Tank,https://thunderskill.com/vehimgs/uk_vickers_mbt_mk_1.png,2026-10-07T10:00:13.267887+00:00
2026-10-07,2598,sw_pvkv_II,Pvkv II,https://thunderskill.com/en/vehicle/sw_pvkv_II,Ground forces,2,Tank Destroyer,tank_destroyer,SWEDEN,R,3,113,50.0,80.64129032258064,Pvkv II sw_pvkv_II Tank Destroyer,https://thunderskill.com/vehimgs/sw_pvkv_ii.png,2026-10-07T10:00:13.267887+00:00
2026-10-07,1173,germ_panzerbefelhswagen_VI_P,Pz.Bfw.VI (P),https://thunderskill.com/en/vehicle/germ_panzerbefelhswagen_VI_P,Ground forces,2,Heavy Tank,heavy_tank,GERMANY,R,4,113,24.19258064516129,77.33322580645161,Pz.Bfw.VI (P) germ_panzerbefelhswagen_VI_P Heavy Tank,https://thunderskill.com/vehimgs/germ_panzerbefelhswagen_vi_p.png,2026-10-07T10:00:13.267887+00:00
2026-10-07,1185,ussr_t_44_122,T-44-122,https://thunderskill.com/en/vehicle/ussr_t_44_122,Ground forces,2,Medium Tank,medium_tank,USSR,R,4,113,76.07645161290324,73.62516129032258,T-44-122 ussr_t_44_122 Medium Tank,https://thunderskill.com/vehimgs/ussr_t_44_122.png,2026-10-07T10:00:13.267887+00:00
2026-10-07,2766,sw_asrad_r,ASRAD-R,https://thunderskill.com/en/vehicle/sw_asrad_r,Ground forces,2,SPAA,spaa,SWEDEN,R,7,113,47.61857142857142,63.40870967741937,ASRAD-R sw_asrad_r SPAA,https://thunderskill.com/vehimgs/sw_asrad_r.png,2026-10-07T10:00:13.267887+00:00
2026-10-07,3072,il_magach_6m,Magach 6M,https://thunderskill.com/en/vehicle/il_magach_6m,Ground forces,2,Medium Tank,medium_tank,ISRAEL,R,6,113,48.924838709677424,56.19483870967742,Magach 6M il_magach_6m Medium Tank,https://thunderskill.com/vehimgs/il_magach_6m.png,2026-10-07T10:00:13.267887+00:00
2026-10-07,3267,us_m109a1,M109A1,https://thunderskill.com/en/vehicle/us_m109a1,Ground forces,2,Tank Destroyer,tank_destroyer,USA,R,4,113,82.18551724137934,42.808709677419344,M109A1 us_m109a1 Tank Destroyer,https://thunderskill.com/vehimgs/us_m109a1.png,2026-10-07T10:00:13.267887+00:00
2026-10-07,2124,fr_amx_30_b2_brenus,AMX-30B2 BRENUS,https://thunderskill.com/en/vehicle/fr_amx_30_b2_brenus,Ground forces,2,Medium Tank,medium_tank,FRANCE,R,6,112,77.5646153846154,60.28193548387097,AMX-30B2 BRENUS fr_amx_30_b2_brenus Medium Tank,https://thunderskill.com/vehimgs/fr_amx_30_b2_brenus.png,2026-10-07T10:00:13.267887+00:00
2026-10-07,1949,ussr_object_268,Object 268,https://thunderskill.com/en/vehicle/ussr_object_268,Ground forces,2,Tank Destroyer,tank_destroyer,USSR,R,5,112,41.86559999999999,56.81419354838709,Object 268 ussr_object_268 Tank Destroyer,https://thunderskill.com/vehimgs/ussr_object_268.png,2026-10-07T10:00:13.267887+00:00
2026-10-07,2652,fr_amx_13_chaffee,AMX-13-M24,https://thunderskill.com/en/vehicle/fr_amx_13_chaffee,Ground forces,2,Light Tank,light_tank,FRANCE,R,2,111,73.572,80.89909090909094,AMX-13-M24 fr_amx_13_chaffee Light Tank,https://thunderskill.com/vehimgs/fr_amx_13_chaffee.png,2026-10-07T10:00:13.267887+00:00
2026-10-07,3620,jp_type_61_mod,Type 61 (B),https://thunderskill.com/en/vehicle/jp_type_61_mod,Ground forces,2,other,other,JAPAN,R,4,111,66.66724137931035,70.77387096774194,Type 61 (B) jp_type_61_mod other,,2026-10-07T10:00:13.267887+00:00
2026-10-07,3329,it_centauro_rgo_120,Centauro RGO,https://thunderskill.com/en/vehicle/it_centauro_rgo_120,Ground forces,2,Light Tank,light_tank,ITALY,R,7,111,88.31517241379312,56.294838709677414,Centauro RGO it_centauro_rgo_120 Light Tank,https://thunderskill.com/vehimgs/it_centauro_rgo_120.png,2026-10-07T10:00:13.267887+00:00
2026-10-07,3113,il_zsu_57_2,ZSU-57-2,https://thunderskill.com/en/vehicle/il_zsu_57_2,Ground forces,2,SPAA,spaa,ISRAEL,R,4,111,35.0,42.03548387096776,ZSU-57-2 il_zsu_57_2 SPAA,https://thunderskill.com/vehimgs/il_zsu_57_2.png,2026-10-07T10:00:13.267887+00:00
2026-10-07,2304,it_semovente_breda_501,Breda 501,https://thunderskill.com/en/vehicle/it_semovente_breda_501,Ground forces,2,Tank Destroyer,tank_destroyer,ITALY,R,3,110,100.0,79.91000000000001,Breda 501 it_semovente_breda_501 Tank Destroyer,https://thunderskill.com/vehimgs/it_semovente_breda_501.png,2026-10-07T10:00:13.267887+00:00
2026-10-07,1197,ussr_kv_85,KV-85,https://thunderskill.com/en/vehicle/ussr_kv_85,Ground forces,2,Heavy Tank,heavy_tank,USSR,R,3,110,66.66666666666667,63.19161290322581,KV-85 ussr_kv_85 Heavy Tank,https://thunderskill.com/vehimgs/ussr_kv_85.png,2026-10-07T10:00:13.267887+00:00
2026-10-07,1529,ussr_su_100_1945,SU-100,https://thunderskill.com/en/vehicle/ussr_su_100_1945,Ground forces,2,Tank Destroyer,tank_destroyer,USSR,R,4,110,30.245925925925924,52.21709677419354,SU-100 ussr_su_100_1945 Tank Destroyer,https://thunderskill.com/vehimgs/ussr_su_100_1945.png,2026-10-07T10:00:13.267887+00:00
2026-10-07,3463,sw_cv_90_mk4,CV 90 Mk.IV,https://thunderskill.com/en/vehicle/sw_cv_90_mk4,Ground forces,2,SPAA,spaa,SWEDEN,R,8,110,54.66700000000001,51.10064516129029,CV 90 Mk.IV sw_cv_90_mk4 SPAA,,2026-10-07T10:00:13.267887+00:00
2026-10-07,3715,cn_pgz_88,PGZ88,https://thunderskill.com/en/vehicle/cn_pgz_88,Ground forces,2,other,other,CHINA,R,5,109,28.887333333333327,38.33225806451613,PGZ88 cn_pgz_88 other,,2026-10-07T10:00:13.267887+00:00
2026-10-07,2385,germ_vsw_flak_41,VFW,https://thunderskill.com/en/vehicle/germ_vsw_flak_41,Ground forces,2,Tank Destroyer,tank_destroyer,GERMANY,R,3,108,74.22266666666665,82.25161290322582,VFW germ_vsw_flak_41 Tank Destroyer,https://thunderskill.com/vehimgs/germ_vsw_flak_41.png,2026-10-07T10:00:13.267887+00:00
2026-10-07,3005,germ_panzerjager_tiger_P_elefant,Elefant,https://thunderskill.com/en/vehicle/germ_panzerjager_tiger_P_elefant,Ground forces,2,Tank Destroyer,tank_destroyer,GERMANY,R,4,108,35.18277777777777,82.07700000000003,Elefant germ_panzerjager_tiger_P_elefant Tank Destroyer,https://thunderskill.com/vehimgs/germ_panzerjager_tiger_p_elefant.png,2026-10-07T10:00:13.267887+00:00
2026-10-07,2806,it_pzkpfw_IV_ausf_G,Pz.IV G,https://thunderskill.com/en/vehicle/it_pzkpfw_IV_ausf_G,Ground forces,2,Medium Tank,medium_tank,ITALY,R,3,108,93.155,62.206129032258055,Pz.IV G it_pzkpfw_IV_ausf_G Medium Tank,https://thunderskill.com/vehimgs/it_pzkpfw_iv_ausf_g.png,2026-10-07T10:00:13.267887+00:00
2026-10-07,2383,us_m901_itv,M901,https://thunderskill.com/en/vehicle/us_m901_itv,Ground forces,2,Missile Tank,tank_destroyer,USA,R,6,108,58.045517241379294,56.50483870967743,M901 us_m901_itv Missile Tank,https://thunderskill.com/vehimgs/us_m901_itv.png,2026-10-07T10:00:13.267887+00:00
2026-10-07,2903,it_vcc_80_hitfist_30,VCC-80/30,https://thunderskill.com/en/vehicle/it_vcc_80_hitfist_30,Ground forces,2,Light Tank,light_tank,ITALY,R,7,108,57.02392857142858,53.795999999999985,VCC-80/30 it_vcc_80_hitfist_30 Light Tank,https://thunderskill.com/vehimgs/it_vcc_80_hitfist_30.png,2026-10-07T10:00:13.267887+00:00
2026-10-07,2900,germ_wiesel_2_adwc,Ozelot,https://thunderskill.com/en/vehicle/germ_wiesel_2_adwc,Ground forces,2,SPAA,spaa,GERMANY,R,7,108,39.130434782608695,46.81225806451612,Ozelot germ_wiesel_2_adwc SPAA,https://thunderskill.com/vehimgs/germ_wiesel_2_adwc.png,2026-10-07T10:00:13.267887+00:00
2026-10-07,2471,cn_type_86,ZBD86,https://thunderskill.com/en/vehicle/cn_type_86,Ground forces,2,Light Tank,light_tank,CHINA,R,5,108,72.03777777777776,38.82741935483869,ZBD86 cn_type_86 Light Tank,https://thunderskill.com/vehimgs/cn_type_86.png,2026-10-07T10:00:13.267887+00:00
2026-10-07,1624,ussr_bt_7_1937,BT-7,https://thunderskill.com/en/vehicle/ussr_bt_7_1937,Ground forces,2,Light Tank,light_tank,USSR,R,1,107,45.07500000000002,78.94387096774193,BT-7 ussr_bt_7_1937 Light Tank,https://thunderskill.com/vehimgs/ussr_bt_7_1937.png,2026-10-07T10:00:13.267887+00:00
2026-10-07,3001,ussr_t_72m2_moderna,T-72M2 Moderna,https://thunderskill.com/en/vehicle/ussr_t_72m2_moderna,Ground forces,2,Medium Tank,medium_tank,USSR,R,7,107,55.965263157894746,64.65370370370368,T-72M2 Moderna ussr_t_72m2_moderna Medium Tank,https://thunderskill.com/vehimgs/ussr_t_72m2_moderna.png,2026-10-07T10:00:13.267887+00:00
2026-10-07,3407,uk_fv107_scimitar,Scimitar,https://thunderskill.com/en/vehicle/uk_fv107_scimitar,Ground forces,2,Light Tank,light_tank,BRITAIN,R,5,107,79.67903225806452,45.82999999999999,Scimitar uk_fv107_scimitar Light Tank,,2026-10-07T10:00:13.267887+00:00
2026-10-07,3428,ussr_9a33bm3,Оса-АКМ,https://thunderskill.com/en/vehicle/ussr_9a33bm3,Ground forces,2,SPAA,spaa,USSR,R,7,107,35.57423076923078,40.33387096774194,Оса-АКМ ussr_9a33bm3 SPAA,,2026-10-07T10:00:13.267887+00:00
2026-10-07,2991,cn_ztz_88a,ZTZ88A,https://thunderskill.com/en/vehicle/cn_ztz_88a,Ground forces,2,Medium Tank,medium_tank,CHINA,R,6,106,82.05192307692307,83.68870967741937,ZTZ88A cn_ztz_88a Medium Tank,https://thunderskill.com/vehimgs/cn_ztz_88a.png,2026-10-07T10:00:13.267887+00:00
2026-10-07,3104,sw_pzkpfw_IV_ausf_J,Pz.IV,https://thunderskill.com/en/vehicle/sw_pzkpfw_IV_ausf_J,Ground forces,2,Medium Tank,medium_tank,SWEDEN,R,3,106,0.0,55.830322580645166,Pz.IV sw_pzkpfw_IV_ausf_J Medium Tank,https://thunderskill.com/vehimgs/sw_pzkpfw_iv_ausf_j.png,2026-10-07T10:00:13.267887+00:00
2026-10-07,1622,germ_stug_III_ausf_F,StuG III F,https://thunderskill.com/en/vehicle/germ_stug_III_ausf_F,Ground forces,2,Tank Destroyer,tank_destroyer,GERMANY,R,2,105,39.50555555555556,69.41709677419354,StuG III F germ_stug_III_ausf_F Tank Destroyer,https://thunderskill.com/vehimgs/germ_stug_iii_ausf_f.png,2026-10-07T10:00:13.267887+00:00
2026-10-07,1461,us_m6a1,M6A1,https://thunderskill.com/en/vehicle/us_m6a1,Ground forces,2,Heavy Tank,heavy_tank,USA,R,3,105,50.0,64.69677419354839,M6A1 us_m6a1 Heavy Tank,https://thunderskill.com/vehimgs/us_m6a1.png,2026-10-07T10:00:13.267887+00:00
2026-10-07,3623,cn_m1a2t,M1A2T,https://thunderskill.com/en/vehicle/cn_m1a2t,Ground forces,2,other,other,CHINA,R,8,105,88.4951612903226,63.55548387096774,M1A2T cn_m1a2t other,,2026-10-07T10:00:13.267887+00:00
2026-10-07,1443,germ_pzkpfw_IV_ausf_J,Pz.IV J,https://thunderskill.com/en/vehicle/germ_pzkpfw_IV_ausf_J,Ground forces,2,Medium Tank,medium_tank,GERMANY,R,2,105,32.758620689655174,54.218709677419334,Pz.IV J germ_pzkpfw_IV_ausf_J Medium Tank,https://thunderskill.com/vehimgs/germ_pzkpfw_iv_ausf_j.png,2026-10-07T10:00:13.267887+00:00
2026-10-07,2961,il_m_51_w,M-51 (W),https://thunderskill.com/en/vehicle/il_m_51_w,Ground forces,2,Medium Tank,medium_tank,ISRAEL,R,4,105,70.13833333333334,46.21064516129033,M-51 (W) il_m_51_w Medium Tank,https://thunderskill.com/vehimgs/il_m_51_w.png,2026-10-07T10:00:13.267887+00:00
2026-10-07,3445,us_m44,M44,https://thunderskill.com/en/vehicle/us_m44,Ground forces,2,Tank Destroyer,tank_destroyer,USA,R,3,105,11.763529411764704,44.392580645161296,M44 us_m44 Tank Destroyer,,2026-10-07T10:00:13.267887+00:00
2026-10-07,3511,us_t86,T86,https://thunderskill.com/en/vehicle/us_t86,Ground forces,2,Light Tank,light_tank,USA,R,3,104,71.47538461538463,73.38838709677421,T86 us_t86 Light Tank,,2026-10-07T10:00:13.267887+00:00
2026-10-07,1526,ussr_t_34_1942,T-34 (1942),https://thunderskill.com/en/vehicle/ussr_t_34_1942,Ground forces,2,Medium Tank,medium_tank,USSR,R,2,104,30.76923076923077,60.49225806451614,T-34 (1942) ussr_t_34_1942 Medium Tank,https://thunderskill.com/vehimgs/ussr_t_34_1942.png,2026-10-07T10:00:13.267887+00:00
2026-10-07,2893,sw_strf_90b,Strf 9040B,https://thunderskill.com/en/vehicle/sw_strf_90b,Ground forces,2,Light Tank,light_tank,SWEDEN,R,6,103,83.92612903225807,75.85677419354838,Strf 9040B sw_strf_90b Light Tank,https://thunderskill.com/vehimgs/sw_strf_90b.png,2026-10-07T10:00:13.267887+00:00
2026-10-07,3062,il_magach_6c,Magach 6C,https://thunderskill.com/en/vehicle/il_magach_6c,Ground forces,2,Medium Tank,medium_tank,ISRAEL,R,6,103,50.5383870967742,74.30225806451614,Magach 6C il_magach_6c Medium Tank,https://thunderskill.com/vehimgs/il_magach_6c.png,2026-10-07T10:00:13.267887+00:00
2026-10-07,3261,germ_m109g,M109G,https://thunderskill.com/en/vehicle/germ_m109g,Ground forces,2,Tank Destroyer,tank_destroyer,GERMANY,R,4,103,14.74307692307692,30.00903225806452,M109G germ_m109g Tank Destroyer,https://thunderskill.com/vehimgs/germ_m109g.png,2026-10-07T10:00:13.267887+00:00
2026-10-07,3171,il_merkava_mk_4_lic,Merkava Mk.4 LIC,https://thunderskill.com/en/vehicle/il_merkava_mk_4_lic,Ground forces,2,Medium Tank,medium_tank,ISRAEL,R,8,102,62.753913043478256,64.04774193548388,Merkava Mk.4 LIC il_merkava_mk_4_lic Medium Tank,https://thunderskill.com/vehimgs/il_merkava_mk_4_lic.png,2026-10-07T10:00:13.267887+00:00
2026-10-07,3055,it_vrcc_centauro,VRCC,https://thunderskill.com/en/vehicle/it_vrcc_centauro,Ground forces,2,Light Tank,light_tank,ITALY,R,6,102,50.74074074074074,63.76225806451614,VRCC it_vrcc_centauro Light Tank,https://thunderskill.com/vehimgs/it_vrcc_centauro.png,2026-10-07T10:00:13.267887+00:00
2026-10-07,1241,us_m47_patton_II,M47,https://thunderskill.com/en/vehicle/us_m47_patton_II,Ground forces,2,Medium Tank,medium_tank,USA,R,5,102,46.82523809523809,53.99935483870969,M47 us_m47_patton_II Medium Tank,https://thunderskill.com/vehimgs/us_m47_patton_ii.png,2026-10-07T10:00:13.267887+00:00
2026-10-07,2155,uk_chieftain_marksman,Chieftain Marksman,https://thunderskill.com/en/vehicle/uk_chieftain_marksman,Ground forces,2,SPAA,spaa,BRITAIN,R,6,102,66.66666666666667,52.37387096774192,Chieftain Marksman uk_chieftain_marksman SPAA,https://thunderskill.com/vehimgs/uk_chieftain_marksman.png,2026-10-07T10:00:13.267887+00:00
2026-10-07,1877,jp_type_3_chi_nu,Chi-Nu,https://thunderskill.com/en/vehicle/jp_type_3_chi_nu,Ground forces,2,Medium Tank,medium_tank,JAPAN,R,3,102,96.11133333333333,49.964193548387094,Chi-Nu jp_type_3_chi_nu Medium Tank,https://thunderskill.com/vehimgs/jp_type_3_chi_nu.png,2026-10-07T10:00:13.267887+00:00
2026-10-07,3256,it_t_72m1,◔T-72M1,https://thunderskill.com/en/vehicle/it_t_72m1,Ground forces,2,Medium Tank,medium_tank,ITALY,R,6,100,50.0,73.54193548387099,◔T-72M1 it_t_72m1 Medium Tank,https://thunderskill.com/vehimgs/it_t_72m1.png,2026-10-07T10:00:13.267887+00:00
2026-10-07,2404,fr_leclerc_s1,Leclerc,https://thunderskill.com/en/vehicle/fr_leclerc_s1,Ground forces,2,Medium Tank,medium_tank,FRANCE,R,8,100,83.03678571428573,70.23645161290322,Leclerc fr_leclerc_s1 Medium Tank,https://thunderskill.com/vehimgs/fr_leclerc_s1.png,2026-10-07T10:00:13.267887+00:00
2026-10-07,3048,uk_skink_aa,Skink,https://thunderskill.com/en/vehicle/uk_skink_aa,Ground forces,2,SPAA,spaa,BRITAIN,R,4,100,32.73857142857142,60.635483870967775,Skink uk_skink_aa SPAA,https://thunderskill.com/vehimgs/uk_skink_aa.png,2026-10-07T10:00:13.267887+00:00
2026-10-07,3182,uk_challenger_2e,Challenger 2E,https://thunderskill.com/en/vehicle/uk_challenger_2e,Ground forces,2,Medium Tank,medium_tank,BRITAIN,R,8,100,100.0,56.56387096774194,Challenger 2E uk_challenger_2e Medium Tank,https://thunderskill.com/vehimgs/uk_challenger_2e.png,2026-10-07T10:00:13.267887+00:00
2026-10-07,1208,uk_centurion_mk_10,Centurion Mk 10,https://thunderskill.com/en/vehicle/uk_centurion_mk_10,Ground forces,2,Medium Tank,medium_tank,BRITAIN,R,5,100,55.91354838709677,55.439677419354844,Centurion Mk 10 uk_centurion_mk_10 Medium Tank,https://thunderskill.com/vehimgs/uk_centurion_mk_10.png,2026-10-07T10:00:13.267887+00:00
2026-10-07,2731,germ_flarakrad,FlaRakRad,https://thunderskill.com/en/vehicle/germ_flarakrad,Ground forces,2,SPAA,spaa,GERMANY,R,8,100,0.0,30.736451612903224,FlaRakRad germ_flarakrad SPAA,https://thunderskill.com/vehimgs/germ_flarakrad.png,2026-10-07T10:00:13.267887+00:00
2026-10-07,1862,jp_type_95_so_ki,So-Ki,https://thunderskill.com/en/vehicle/jp_type_95_so_ki,Ground forces,2,SPAA,spaa,JAPAN,R,2,100,50.0,26.34000000000001,So-Ki jp_type_95_so_ki SPAA,https://thunderskill.com/vehimgs/jp_type_95_so_ki.png,2026-10-07T10:00:13.267887+00:00
2026-10-07,1703,ussr_t_34E,T-34E,https://thunderskill.com/en/vehicle/ussr_t_34E,Ground forces,2,Medium Tank,medium_tank,USSR,R,2,98,98.14814814814815,81.21935483870969,T-34E ussr_t_34E Medium Tank,https://thunderskill.com/vehimgs/ussr_t_34e.png,2026-10-07T10:00:13.267887+00:00
2026-10-07,2636,cn_ztz_96a,ZTZ96A,https://thunderskill.com/en/vehicle/cn_ztz_96a,Ground forces,2,Medium Tank,medium_tank,CHINA,R,7,98,49.583333333333336,61.2,ZTZ96A cn_ztz_96a Medium Tank,https://thunderskill.com/vehimgs/cn_ztz_96a.png,2026-10-07T10:00:13.267887+00:00
2026-10-07,2639,sw_pvrbv_551,Pvrbv 551,https://thunderskill.com/en/vehicle/sw_pvrbv_551,Ground forces,2,Missile Tank,tank_destroyer,SWEDEN,R,5,98,37.961666666666666,57.11580645161289,Pvrbv 551 sw_pvrbv_551 Missile Tank,https://thunderskill.com/vehimgs/sw_pvrbv_551.png,2026-10-07T10:00:13.267887+00:00
2026-10-07,2622,sw_lvkv_42,Lvkv 42,https://thunderskill.com/en/vehicle/sw_lvkv_42,Ground forces,2,SPAA,spaa,SWEDEN,R,4,98,50.0,51.964838709677416,Lvkv 42 sw_lvkv_42 SPAA,https://thunderskill.com/vehimgs/sw_lvkv_42.png,2026-10-07T10:00:13.267887+00:00
2026-10-07,3412,fr_leopard_2a6nl,Leopard 2A6NL,https://thunderskill.com/en/vehicle/fr_leopard_2a6nl,Ground forces,2,Medium Tank,medium_tank,FRANCE,R,8,97,95.42153846153845,86.41423076923077,Leopard 2A6NL fr_leopard_2a6nl Medium Tank,,2026-10-07T10:00:13.267887+00:00
2026-10-07,2988,il_m48a1_patton_III,Magach 1,https://thunderskill.com/en/vehicle/il_m48a1_patton_III,Ground forces,2,Medium Tank,medium_tank,ISRAEL,R,4,97,50.0,45.3658064516129,Magach 1 il_m48a1_patton_III Medium Tank,https://thunderskill.com/vehimgs/il_m48a1_patton_iii.png,2026-10-07T10:00:13.267887+00:00
2026-10-07,3349,fr_vextra_105,Vextra 105,https://thunderskill.com/en/vehicle/fr_vextra_105,Ground forces,2,Light Tank,light_tank,FRANCE,R,6,97,60.25653846153846,44.583870967741944,Vextra 105 fr_vextra_105 Light Tank,https://thunderskill.com/vehimgs/fr_vextra_105.png,2026-10-07T10:00:13.267887+00:00
2026-10-07,2434,cn_type_58,Т-34-85 Gai,https://thunderskill.com/en/vehicle/cn_type_58,Ground forces,2,Medium Tank,medium_tank,CHINA,R,4,96,76.59608695652173,71.6158064516129,Т-34-85 Gai cn_type_58 Medium Tank,https://thunderskill.com/vehimgs/cn_type_58.png,2026-10-07T10:00:13.267887+00:00
2026-10-07,3446,fr_m44,M44,https://thunderskill.com/en/vehicle/fr_m44,Ground forces,2,Tank Destroyer,tank_destroyer,FRANCE,R,3,96,43.3316,39.07000000000001,M44 fr_m44 Tank Destroyer,,2026-10-07T10:00:13.267887+00:00
2026-10-07,3450,germ_m44,M44,https://thunderskill.com/en/vehicle/germ_m44,Ground forces,2,Tank Destroyer,tank_destroyer,GERMANY,R,3,95,0.0,56.46225806451614,M44 germ_m44 Tank Destroyer,,2026-10-07T10:00:13.267887+00:00
2026-10-07,3725,it_fiat_6616_ub,FIAT 6616UB,https://thunderskill.com/en/vehicle/it_fiat_6616_ub,Ground forces,2,other,other,ITALY,R,4,95,93.10344827586206,50.95354838709677,FIAT 6616UB it_fiat_6616_ub other,,2026-10-07T10:00:13.267887+00:00
2026-10-07,1810,ussr_asu_57,ASU-57,https://thunderskill.com/en/vehicle/ussr_asu_57,Ground forces,2,Tank Destroyer,tank_destroyer,USSR,R,3,95,46.666666666666664,34.32064516129033,ASU-57 ussr_asu_57 Tank Destroyer,https://thunderskill.com/vehimgs/ussr_asu_57.png,2026-10-07T10:00:13.267887+00:00
2026-10-07,2325,it_otobreda_sidam_25,SIDAM 25,https://thunderskill.com/en/vehicle/it_otobreda_sidam_25,Ground forces,2,SPAA,spaa,ITALY,R,6,94,38.095238095238095,39.13096774193547,SIDAM 25 it_otobreda_sidam_25 SPAA,https://thunderskill.com/vehimgs/it_otobreda_sidam_25.png,2026-10-07T10:00:13.267887+00:00
2026-10-07,1539,uk_fv221_caernarvon,Caernarvon,https://thunderskill.com/en/vehicle/uk_fv221_caernarvon,Ground forces,2,Heavy Tank,heavy_tank,BRITAIN,R,5,94,72.22333333333334,38.32999999999999,Caernarvon uk_fv221_caernarvon Heavy Tank,https://thunderskill.com/vehimgs/uk_fv221_caernarvon.png,2026-10-07T10:00:13.267887+00:00
2026-10-07,2342,it_m113a1_tow,M113A1 (TOW),https://thunderskill.com/en/vehicle/it_m113a1_tow,Ground forces,2,Missile Tank,tank_destroyer,ITALY,R,6,93,52.38095238095238,30.02612903225806,M113A1 (TOW) it_m113a1_tow Missile Tank,https://thunderskill.com/vehimgs/it_m113a1_tow.png,2026-10-07T10:00:13.267887+00:00
2026-10-07,1928,uk_a_33_excelsior,Excelsior,https://thunderskill.com/en/vehicle/uk_a_33_excelsior,Ground forces,2,Heavy Tank,heavy_tank,BRITAIN,R,3,92,96.15384615384616,93.05580645161287,Excelsior uk_a_33_excelsior Heavy Tank,https://thunderskill.com/vehimgs/uk_a_33_excelsior.png,2026-10-07T10:00:13.267887+00:00
2026-10-07,1523,uk_17_pdr_m10_achilles_norfolk_yeomanry,Achilles (65 Rg.),https://thunderskill.com/en/vehicle/uk_17_pdr_m10_achilles_norfolk_yeomanry,Ground forces,2,Tank Destroyer,tank_destroyer,BRITAIN,R,3,92,54.386842105263156,86.78736842105263,Achilles (65 Rg.) uk_17_pdr_m10_achilles_norfolk_yeomanry Tank Destroyer,https://thunderskill.com/vehimgs/uk_17_pdr_m10_achilles_norfolk_yeomanry.png,2026-10-07T10:00:13.267887+00:00
2026-10-07,3268,uk_tog_2,TOG II,https://thunderskill.com/en/vehicle/uk_tog_2,Ground forces,2,Heavy Tank,heavy_tank,BRITAIN,R,3,92,65.47607142857143,70.46516129032257,TOG II uk_tog_2 Heavy Tank,https://thunderskill.com/vehimgs/uk_tog_2.png,2026-10-07T10:00:13.267887+00:00
2026-10-07,2818,uk_rooikat_mttd,Rooikat MTTD,https://thunderskill.com/en/vehicle/uk_rooikat_mttd,Ground forces,2,Light Tank,light_tank,BRITAIN,R,6,92,98.85068965517242,64.85064516129032,Rooikat MTTD uk_rooikat_mttd Light Tank,https://thunderskill.com/vehimgs/uk_rooikat_mttd.png,2026-10-07T10:00:13.267887+00:00
2026-10-07,2996,il_merkava_mk_1b,Merkava Mk.1B,https://thunderskill.com/en/vehicle/il_merkava_mk_1b,Ground forces,2,Medium Tank,medium_tank,ISRAEL,R,6,92,19.736842105263158,58.02047619047618,Merkava Mk.1B il_merkava_mk_1b Medium Tank,https://thunderskill.com/vehimgs/il_merkava_mk_1b.png,2026-10-07T10:00:13.267887+00:00
2026-10-07,3297,cn_vt_4b,VT4A1,https://thunderskill.com/en/vehicle/cn_vt_4b,Ground forces,2,Medium Tank,medium_tank,CHINA,R,8,92,52.564615384615394,48.84838709677419,VT4A1 cn_vt_4b Medium Tank,https://thunderskill.com/vehimgs/cn_vt_4b.png,2026-10-07T10:00:13.267887+00:00
2026-10-07,3166,cn_qn506,QN506,https://thunderskill.com/en/vehicle/cn_qn506,Ground forces,2,Light Tank,light_tank,CHINA,R,7,92,28.028181818181814,37.04935483870968,QN506 cn_qn506 Light Tank,https://thunderskill.com/vehimgs/cn_qn506.png,2026-10-07T10:00:13.267887+00:00
2026-10-07,3515,ussr_t_34_85_zis_53_kit_3rank,Т-34-85 ('45),https://thunderskill.com/en/vehicle/ussr_t_34_85_zis_53_kit_3rank,Ground forces,2,Medium Tank,medium_tank,USSR,R,3,91,12.499166666666666,61.100967741935456,Т-34-85 ('45) ussr_t_34_85_zis_53_kit_3rank Medium Tank,,2026-10-07T10:00:13.267887+00:00
2026-10-07,2877,uk_vickers_mbt_mk_3,Vickers Mk.3,https://thunderskill.com/en/vehicle/uk_vickers_mbt_mk_3,Ground forces,2,Medium Tank,medium_tank,BRITAIN,R,6,91,68.77903225806452,56.86806451612901,Vickers Mk.3 uk_vickers_mbt_mk_3 Medium Tank,https://thunderskill.com/vehimgs/uk_vickers_mbt_mk_3.png,2026-10-07T10:00:13.267887+00:00
2026-10-07,2435,cn_m18_hellcat,␗M18 GMC,https://thunderskill.com/en/vehicle/cn_m18_hellcat,Ground forces,2,Light Tank,light_tank,CHINA,R,4,91,56.668000000000006,55.32870967741937,␗M18 GMC cn_m18_hellcat Light Tank,https://thunderskill.com/vehimgs/cn_m18_hellcat.png,2026-10-07T10:00:13.267887+00:00
2026-10-07,2969,il_aml_90,AML-90,https://thunderskill.com/en/vehicle/il_aml_90,Ground forces,2,Light Tank,light_tank,ISRAEL,R,4,91,50.0,47.68612903225806,AML-90 il_aml_90 Light Tank,https://thunderskill.com/vehimgs/il_aml_90.png,2026-10-07T10:00:13.267887+00:00
2026-10-07,3352,it_leopard_2a7_hungary,Leopard 2A7HU,https://thunderskill.com/en/vehicle/it_leopard_2a7_hungary,Ground forces,2,Medium Tank,medium_tank,ITALY,R,8,90,73.59,80.99838709677415,Leopard 2A7HU it_leopard_2a7_hungary Medium Tank,https://thunderskill.com/vehimgs/it_leopard_2a7_hungary.png,2026-10-07T10:00:13.267887+00:00
2026-10-07,2973,il_merkava_mk_4b,Merkava Mk.4B,https://thunderskill.com/en/vehicle/il_merkava_mk_4b,Ground forces,2,Medium Tank,medium_tank,ISRAEL,R,8,90,50.0,75.0312903225807,Merkava Mk.4B il_merkava_mk_4b Medium Tank,https://thunderskill.com/vehimgs/il_merkava_mk_4b.png,2026-10-07T10:00:13.267887+00:00
2026-10-07,2511,cn_cm11,CM11,https://thunderskill.com/en/vehicle/cn_cm11,Ground forces,2,Medium Tank,medium_tank,CHINA,R,6,90,72.40833333333333,71.59799999999998,CM11 cn_cm11 Medium Tank,https://thunderskill.com/vehimgs/cn_cm11.png,2026-10-07T10:00:13.267887+00:00
2026-10-07,1639,us_m4a3_105_sherman,M4A3 (105),https://thunderskill.com/en/vehicle/us_m4a3_105_sherman,Ground forces,2,Medium Tank,medium_tank,USA,R,2,90,0.0,62.58322580645163,M4A3 (105) us_m4a3_105_sherman Medium Tank,https://thunderskill.com/vehimgs/us_m4a3_105_sherman.png,2026-10-07T10:00:13.267887+00:00
2026-10-07,3657,germ_sdkfz_234_2_mod,"Sd.Kfz.234/2 ""Biene""",https://thunderskill.com/en/vehicle/germ_sdkfz_234_2_mod,Ground forces,2,other,other,GERMANY,R,2,90,50.0,43.83612903225806,"Sd.Kfz.234/2 ""Biene"" germ_sdkfz_234_2_mod other",,2026-10-07T10:00:13.267887+00:00
2026-10-07,3496,ussr_2s19_m2,2С19М2,https://thunderskill.com/en/vehicle/ussr_2s19_m2,Ground forces,2,Tank Destroyer,tank_destroyer,USSR,R,5,90,44.443809523809534,37.037586206896556,2С19М2 ussr_2s19_m2 Tank Destroyer,,2026-10-07T10:00:13.267887+00:00
2026-10-07,2473,cn_m60a3_tts,␗M60A3 TTS,https://thunderskill.com/en/vehicle/cn_m60a3_tts,Ground forces,2,Medium Tank,medium_tank,CHINA,R,6,88,44.229615384615386,76.31516129032256,␗M60A3 TTS cn_m60a3_tts Medium Tank,https://thunderskill.com/vehimgs/cn_m60a3_tts.png,2026-10-07T10:00:15.379080+00:00
2026-10-07,2805,cn_ptl_02,PTL02,https://thunderskill.com/en/vehicle/cn_ptl_02,Ground forces,2,Light Tank,light_tank,CHINA,R,6,88,100.0,62.98967741935484,PTL02 cn_ptl_02 Light Tank,https://thunderskill.com/vehimgs/cn_ptl_02.png,2026-10-07T10:00:15.379080+00:00
2026-10-07,3141,cn_wz_1001,WZ1001(E) LCT,https://thunderskill.com/en/vehicle/cn_wz_1001,Ground forces,2,Medium Tank,medium_tank,CHINA,R,8,88,64.85521739130435,61.695666666666675,WZ1001(E) LCT cn_wz_1001 Medium Tank,https://thunderskill.com/vehimgs/cn_wz_1001.png,2026-10-07T10:00:15.379080+00:00
2026-10-07,1546,uk_valentine_mk_11,Valentine XI,https://thunderskill.com/en/vehicle/uk_valentine_mk_11,Ground forces,2,Medium Tank,medium_tank,BRITAIN,R,2,87,55.74827586206896,77.08838709677414,Valentine XI uk_valentine_mk_11 Medium Tank,https://thunderskill.com/vehimgs/uk_valentine_mk_11.png,2026-10-07T10:00:15.379080+00:00
2026-10-07,1634,uk_conqueror_mk_2,Conqueror,https://thunderskill.com/en/vehicle/uk_conqueror_mk_2,Ground forces,2,Heavy Tank,heavy_tank,BRITAIN,R,5,87,76.002,67.09741935483869,Conqueror uk_conqueror_mk_2 Heavy Tank,https://thunderskill.com/vehimgs/uk_conqueror_mk_2.png,2026-10-07T10:00:15.379080+00:00
2026-10-07,1971,uk_chieftain_mk_5,Chieftain Mk 5,https://thunderskill.com/en/vehicle/uk_chieftain_mk_5,Ground forces,2,Medium Tank,medium_tank,BRITAIN,R,6,87,58.064516129032256,63.008064516129025,Chieftain Mk 5 uk_chieftain_mk_5 Medium Tank,https://thunderskill.com/vehimgs/uk_chieftain_mk_5.png,2026-10-07T10:00:15.379080+00:00
2026-10-07,1505,ussr_kv_1_L_11,KV-1 (L-11),https://thunderskill.com/en/vehicle/ussr_kv_1_L_11,Ground forces,2,Heavy Tank,heavy_tank,USSR,R,2,87,88.46153846153847,60.27161290322581,KV-1 (L-11) ussr_kv_1_L_11 Heavy Tank,https://thunderskill.com/vehimgs/ussr_kv_1_l_11.png,2026-10-07T10:00:15.379080+00:00
2026-10-07,2642,ussr_object_279,Object 279,https://thunderskill.com/en/vehicle/ussr_object_279,Ground forces,2,Heavy Tank,heavy_tank,USSR,R,6,86,75.00166666666668,73.0451612903226,Object 279 ussr_object_279 Heavy Tank,https://thunderskill.com/vehimgs/ussr_object_279.png,2026-10-07T10:00:15.379080+00:00
2026-10-07,3403,germ_boxer_3105,Boxer MGS,https://thunderskill.com/en/vehicle/germ_boxer_3105,Ground forces,2,Light Tank,light_tank,GERMANY,R,7,86,39.41869565217391,54.5140740740741,Boxer MGS germ_boxer_3105 Light Tank,,2026-10-07T10:00:15.379080+00:00
2026-10-07,1167,uk_centurion_mk_3,Centurion Mk 3,https://thunderskill.com/en/vehicle/uk_centurion_mk_3,Ground forces,2,Medium Tank,medium_tank,BRITAIN,R,4,86,44.44333333333333,48.26741935483871,Centurion Mk 3 uk_centurion_mk_3 Medium Tank,https://thunderskill.com/vehimgs/uk_centurion_mk_3.png,2026-10-07T10:00:15.379080+00:00
2026-10-07,2158,germ_sdkfz_234_3,Sd.Kfz.234/3,https://thunderskill.com/en/vehicle/germ_sdkfz_234_3,Ground forces,2,Tank Destroyer,tank_destroyer,GERMANY,R,1,85,58.0,87.93349999999995,Sd.Kfz.234/3 germ_sdkfz_234_3 Tank Destroyer,https://thunderskill.com/vehimgs/germ_sdkfz_234_3.png,2026-10-07T10:00:15.379080+00:00
2026-10-07,2764,cn_ptz_89,PTZ89,https://thunderskill.com/en/vehicle/cn_ptz_89,Ground forces,2,Tank Destroyer,tank_destroyer,CHINA,R,6,85,92.20483870967743,80.84806451612906,PTZ89 cn_ptz_89 Tank Destroyer,https://thunderskill.com/vehimgs/cn_ptz_89.png,2026-10-07T10:00:15.379080+00:00
2026-10-07,3691,uk_challenger_2_megatron_sm,◍Challenger 2 OES,https://thunderskill.com/en/vehicle/uk_challenger_2_megatron_sm,Ground forces,2,other,other,BRITAIN,R,7,85,79.33400000000002,74.47000000000001,◍Challenger 2 OES uk_challenger_2_megatron_sm other,,2026-10-07T10:00:15.379080+00:00
2026-10-07,3389,us_t1e1_90,T1E1 (90),https://thunderskill.com/en/vehicle/us_t1e1_90,Ground forces,2,Heavy Tank,heavy_tank,USA,R,3,85,50.0,64.4416129032258,T1E1 (90) us_t1e1_90 Heavy Tank,,2026-10-07T10:00:15.379080+00:00
2026-10-07,1295,uk_a27m_cromwell_1,Cromwell I,https://thunderskill.com/en/vehicle/uk_a27m_cromwell_1,Ground forces,2,Medium Tank,medium_tank,BRITAIN,R,2,85,68.81774193548387,59.63741935483868,Cromwell I uk_a27m_cromwell_1 Medium Tank,https://thunderskill.com/vehimgs/uk_a27m_cromwell_1.png,2026-10-07T10:00:15.379080+00:00
2026-10-07,2625,sw_veak_40,VEAK 40,https://thunderskill.com/en/vehicle/sw_veak_40,Ground forces,2,SPAA,spaa,SWEDEN,R,5,85,50.0,40.885806451612915,VEAK 40 sw_veak_40 SPAA,https://thunderskill.com/vehimgs/sw_veak_40.png,2026-10-07T10:00:15.379080+00:00
2026-10-07,3257,it_zsu_23_4,◔ZSU-23-4,https://thunderskill.com/en/vehicle/it_zsu_23_4,Ground forces,2,SPAA,spaa,ITALY,R,6,85,14.814444444444442,35.42451612903228,◔ZSU-23-4 it_zsu_23_4 SPAA,https://thunderskill.com/vehimgs/it_zsu_23_4.png,2026-10-07T10:00:15.379080+00:00
2026-10-07,2992,il_magach_6b,Magach 6B,https://thunderskill.com/en/vehicle/il_magach_6b,Ground forces,2,Medium Tank,medium_tank,ISRAEL,R,6,84,100.0,88.32935483870969,Magach 6B il_magach_6b Medium Tank,https://thunderskill.com/vehimgs/il_magach_6b.png,2026-10-07T10:00:15.379080+00:00
2026-10-07,1469,germ_pzkpfw_III_ausf_N,Pz.III N,https://thunderskill.com/en/vehicle/germ_pzkpfw_III_ausf_N,Ground forces,2,Medium Tank,medium_tank,GERMANY,R,2,84,46.8247619047619,87.55870967741936,Pz.III N germ_pzkpfw_III_ausf_N Medium Tank,https://thunderskill.com/vehimgs/germ_pzkpfw_iii_ausf_n.png,2026-10-07T10:00:15.379080+00:00
2026-10-07,3004,ussr_is_2_1944_321,IS-2 No.321,https://thunderskill.com/en/vehicle/ussr_is_2_1944_321,Ground forces,2,Heavy Tank,heavy_tank,USSR,R,4,84,100.0,79.28322580645161,IS-2 No.321 ussr_is_2_1944_321 Heavy Tank,https://thunderskill.com/vehimgs/ussr_is_2_1944_321.png,2026-10-07T10:00:15.379080+00:00
2026-10-07,1483,us_m19,M19A1,https://thunderskill.com/en/vehicle/us_m19,Ground forces,2,SPAA,spaa,USA,R,3,84,74.30625,49.210645161290316,M19A1 us_m19 SPAA,https://thunderskill.com/vehimgs/us_m19.png,2026-10-07T10:00:15.379080+00:00
2026-10-07,2104,uk_armored_car_aec_mk_2,AEC Mk II,https://thunderskill.com/en/vehicle/uk_armored_car_aec_mk_2,Ground forces,2,Light Tank,light_tank,BRITAIN,R,2,83,57.53222222222222,70.0061290322581,AEC Mk II uk_armored_car_aec_mk_2 Light Tank,https://thunderskill.com/vehimgs/uk_armored_car_aec_mk_2.png,2026-10-07T10:00:15.379080+00:00
2026-10-07,3483,fr_amd_35_kwk39,AMD.35 (PaK),https://thunderskill.com/en/vehicle/fr_amd_35_kwk39,Ground forces,2,Light Tank,light_tank,FRANCE,R,2,83,67.85714285714286,53.67677419354836,AMD.35 (PaK) fr_amd_35_kwk39 Light Tank,,2026-10-07T10:00:15.379080+00:00
2026-10-07,1189,uk_crusader_aa_mk_1,Crusader AA Mk I,https://thunderskill.com/en/vehicle/uk_crusader_aa_mk_1,Ground forces,2,SPAA,spaa,BRITAIN,R,2,83,0.0,48.858064516129005,Crusader AA Mk I uk_crusader_aa_mk_1 SPAA,https://thunderskill.com/vehimgs/uk_crusader_aa_mk_1.png,2026-10-07T10:00:15.379080+00:00
2026-10-07,2704,jp_navy_120mm_spg,Chi-Ha LG,https://thunderskill.com/en/vehicle/jp_navy_120mm_spg,Ground forces,2,Tank Destroyer,tank_destroyer,JAPAN,R,2,82,86.29129032258064,71.83645161290323,Chi-Ha LG jp_navy_120mm_spg Tank Destroyer,https://thunderskill.com/vehimgs/jp_navy_120mm_spg.png,2026-10-07T10:00:15.379080+00:00
2026-10-07,3100,il_zsu_23_4,ZSU-23-4,https://thunderskill.com/en/vehicle/il_zsu_23_4,Ground forces,2,SPAA,spaa,ISRAEL,R,6,82,77.27272727272727,41.1274193548387,ZSU-23-4 il_zsu_23_4 SPAA,https://thunderskill.com/vehimgs/il_zsu_23_4.png,2026-10-07T10:00:15.379080+00:00
2026-10-07,1567,uk_a_43_black_prince,Black Prince,https://thunderskill.com/en/vehicle/uk_a_43_black_prince,Ground forces,2,Heavy Tank,heavy_tank,BRITAIN,R,4,81,76.54333333333334,86.05999999999999,Black Prince uk_a_43_black_prince Heavy Tank,https://thunderskill.com/vehimgs/uk_a_43_black_prince.png,2026-10-07T10:00:15.379080+00:00
2026-10-07,2799,uk_olifant_mk_2,Olifant Mk.2,https://thunderskill.com/en/vehicle/uk_olifant_mk_2,Ground forces,2,Medium Tank,medium_tank,BRITAIN,R,6,81,50.0,64.8132258064516,Olifant Mk.2 uk_olifant_mk_2 Medium Tank,https://thunderskill.com/vehimgs/uk_olifant_mk_2.png,2026-10-07T10:00:15.379080+00:00
2026-10-07,2050,fr_amx_13_75_ss11,AMX-13 (SS.11),https://thunderskill.com/en/vehicle/fr_amx_13_75_ss11,Ground forces,2,Light Tank,light_tank,FRANCE,R,4,81,72.61928571428572,54.57387096774193,AMX-13 (SS.11) fr_amx_13_75_ss11 Light Tank,https://thunderskill.com/vehimgs/fr_amx_13_75_ss11.png,2026-10-07T10:00:15.379080+00:00
2026-10-07,1607,ussr_su_152,SU-152,https://thunderskill.com/en/vehicle/ussr_su_152,Ground forces,2,Tank Destroyer,tank_destroyer,USSR,R,3,81,0.0,50.58838709677421,SU-152 ussr_su_152 Tank Destroyer,https://thunderskill.com/vehimgs/ussr_su_152.png,2026-10-07T10:00:15.379080+00:00
2026-10-07,2635,fr_amx_32,AMX-32,https://thunderskill.com/en/vehicle/fr_amx_32,Ground forces,2,Medium Tank,medium_tank,FRANCE,R,6,81,100.0,45.8667741935484,AMX-32 fr_amx_32 Medium Tank,https://thunderskill.com/vehimgs/fr_amx_32.png,2026-10-07T10:00:15.379080+00:00
2026-10-07,2008,ussr_object_120,Object 120,https://thunderskill.com/en/vehicle/ussr_object_120,Ground forces,2,Tank Destroyer,tank_destroyer,USSR,R,5,80,51.42857142857143,79.05458333333335,Object 120 ussr_object_120 Tank Destroyer,https://thunderskill.com/vehimgs/ussr_object_120.png,2026-10-07T10:00:15.379080+00:00
2026-10-07,3465,il_namer_tsrikhon,Namer Tsrikhon,https://thunderskill.com/en/vehicle/il_namer_tsrikhon,Ground forces,2,Light Tank,light_tank,ISRAEL,R,8,80,85.34620689655175,63.66620689655172,Namer Tsrikhon il_namer_tsrikhon Light Tank,,2026-10-07T10:00:15.379080+00:00
2026-10-07,2846,cn_pgz_09,PGZ09,https://thunderskill.com/en/vehicle/cn_pgz_09,Ground forces,2,SPAA,spaa,CHINA,R,6,79,59.375625,63.27129032258063,PGZ09 cn_pgz_09 SPAA,https://thunderskill.com/vehimgs/cn_pgz_09.png,2026-10-07T10:00:15.379080+00:00
2026-10-07,1668,us_t25,T25,https://thunderskill.com/en/vehicle/us_t25,Ground forces,2,Medium Tank,medium_tank,USA,R,4,79,0.0,45.81677419354839,T25 us_t25 Medium Tank,https://thunderskill.com/vehimgs/us_t25.png,2026-10-07T10:00:15.379080+00:00
2026-10-07,2970,il_centurion_mk_5_shot,Sho't,https://thunderskill.com/en/vehicle/il_centurion_mk_5_shot,Ground forces,2,Medium Tank,medium_tank,ISRAEL,R,4,78,58.60225806451612,67.80999999999999,Sho't il_centurion_mk_5_shot Medium Tank,https://thunderskill.com/vehimgs/il_centurion_mk_5_shot.png,2026-10-07T10:00:15.379080+00:00
2026-10-07,2088,fr_m4a3e2_sherman_jumbo,M4A3E2,https://thunderskill.com/en/vehicle/fr_m4a3e2_sherman_jumbo,Ground forces,2,Heavy Tank,heavy_tank,FRANCE,R,3,78,14.285714285714286,46.360333333333365,M4A3E2 fr_m4a3e2_sherman_jumbo Heavy Tank,https://thunderskill.com/vehimgs/fr_m4a3e2_sherman_jumbo.png,2026-10-07T10:00:15.379080+00:00
2026-10-07,2463,cn_is_2_1943,␗IS-2,https://thunderskill.com/en/vehicle/cn_is_2_1943,Ground forces,2,Heavy Tank,heavy_tank,CHINA,R,4,78,2.380714285714286,42.00666666666669,␗IS-2 cn_is_2_1943 Heavy Tank,https://thunderskill.com/vehimgs/cn_is_2_1943.png,2026-10-07T10:00:15.379080+00:00
2026-10-07,2721,cn_type_69_2a,Type 69-IIa,https://thunderskill.com/en/vehicle/cn_type_69_2a,Ground forces,2,Medium Tank,medium_tank,CHINA,R,5,77,49.46290322580645,73.77225806451615,Type 69-IIa cn_type_69_2a Medium Tank,https://thunderskill.com/vehimgs/cn_type_69_2a.png,2026-10-07T10:00:15.379080+00:00
2026-10-07,1191,ussr_kv_2_1939,KV-2 (1939),https://thunderskill.com/en/vehicle/ussr_kv_2_1939,Ground forces,2,Heavy Tank,heavy_tank,USSR,R,2,77,43.332,48.69612903225808,KV-2 (1939) ussr_kv_2_1939 Heavy Tank,https://thunderskill.com/vehimgs/ussr_kv_2_1939.png,2026-10-07T10:00:15.379080+00:00
2026-10-07,2790,uk_marmon_herrington_mk_6_6pdr,SARC MkVI (6pdr),https://thunderskill.com/en/vehicle/uk_marmon_herrington_mk_6_6pdr,Ground forces,2,Light Tank,light_tank,BRITAIN,R,2,77,55.357142857142854,40.81967741935484,SARC MkVI (6pdr) uk_marmon_herrington_mk_6_6pdr Light Tank,https://thunderskill.com/vehimgs/uk_marmon_herrington_mk_6_6pdr.png,2026-10-07T10:00:15.379080+00:00
2026-10-07,3342,sw_kungstiger,Kungstiger,https://thunderskill.com/en/vehicle/sw_kungstiger,Ground forces,2,Heavy Tank,heavy_tank,SWEDEN,R,4,76,70.955,87.93322580645163,Kungstiger sw_kungstiger Heavy Tank,https://thunderskill.com/vehimgs/sw_kungstiger.png,2026-10-07T10:00:15.379080+00:00
2026-10-07,3606,cn_cm_34,CM34,https://thunderskill.com/en/vehicle/cn_cm_34,Ground forces,2,other,other,CHINA,R,6,76,70.3711111111111,70.89190476190478,CM34 cn_cm_34 other,,2026-10-07T10:00:15.379080+00:00
2026-10-07,3317,cn_zbd_04a,ZBD04A,https://thunderskill.com/en/vehicle/cn_zbd_04a,Ground forces,2,Light Tank,light_tank,CHINA,R,7,76,64.58500000000001,55.494193548387095,ZBD04A cn_zbd_04a Light Tank,https://thunderskill.com/vehimgs/cn_zbd_04a.png,2026-10-07T10:00:15.379080+00:00
2026-10-07,3423,jp_icv_ifv_prototype,ICV (P),https://thunderskill.com/en/vehicle/jp_icv_ifv_prototype,Ground forces,2,Light Tank,light_tank,JAPAN,R,7,76,50.0,51.46750000000001,ICV (P) jp_icv_ifv_prototype Light Tank,,2026-10-07T10:00:15.379080+00:00
2026-10-07,2411,ussr_bt_7a_f32,BT-7A (F-32),https://thunderskill.com/en/vehicle/ussr_bt_7a_f32,Ground forces,2,Light Tank,light_tank,USSR,R,2,75,98.27586206896552,71.8325806451613,BT-7A (F-32) ussr_bt_7a_f32 Light Tank,https://thunderskill.com/vehimgs/ussr_bt_7a_f32.png,2026-10-07T10:00:15.379080+00:00
2026-10-07,1782,germ_pzkpfw_VI_tiger_P,VK 45.01 (P),https://thunderskill.com/en/vehicle/germ_pzkpfw_VI_tiger_P,Ground forces,2,Heavy Tank,heavy_tank,GERMANY,R,3,74,42.86000000000001,79.20599999999999,VK 45.01 (P) germ_pzkpfw_VI_tiger_P Heavy Tank,https://thunderskill.com/vehimgs/germ_pzkpfw_vi_tiger_p.png,2026-10-07T10:00:15.379080+00:00
2026-10-07,2825,us_xm_8,XM8,https://thunderskill.com/en/vehicle/us_xm_8,Ground forces,2,Light Tank,light_tank,USA,R,6,74,78.26304347826087,78.31322580645165,XM8 us_xm_8 Light Tank,https://thunderskill.com/vehimgs/us_xm_8.png,2026-10-07T10:00:15.379080+00:00
2026-10-07,1369,us_m103,M103,https://thunderskill.com/en/vehicle/us_m103,Ground forces,2,Heavy Tank,heavy_tank,USA,R,5,74,44.92695652173913,52.39580645161288,M103 us_m103 Heavy Tank,https://thunderskill.com/vehimgs/us_m103.png,2026-10-07T10:00:15.379080+00:00
2026-10-07,3162,germ_sdkfz_222,Sd.Kfz.222,https://thunderskill.com/en/vehicle/germ_sdkfz_222,Ground forces,2,SPAA,spaa,GERMANY,R,1,73,100.0,71.40741935483874,Sd.Kfz.222 germ_sdkfz_222 SPAA,https://thunderskill.com/vehimgs/germ_sdkfz_222.png,2026-10-07T10:00:15.379080+00:00
2026-10-07,1221,ussr_kv_1s,KV-1S,https://thunderskill.com/en/vehicle/ussr_kv_1s,Ground forces,2,Heavy Tank,heavy_tank,USSR,R,2,73,0.0,58.042580645161294,KV-1S ussr_kv_1s Heavy Tank,https://thunderskill.com/vehimgs/ussr_kv_1s.png,2026-10-07T10:00:15.379080+00:00
2026-10-07,1467,us_m4a1_1942_sherman,M4A1,https://thunderskill.com/en/vehicle/us_m4a1_1942_sherman,Ground forces,2,Medium Tank,medium_tank,USA,R,2,72,42.857142857142854,54.77516129032258,M4A1 us_m4a1_1942_sherman Medium Tank,https://thunderskill.com/vehimgs/us_m4a1_1942_sherman.png,2026-10-07T10:00:15.379080+00:00
2026-10-07,2849,cn_pgz_04a,PGZ04A,https://thunderskill.com/en/vehicle/cn_pgz_04a,Ground forces,2,SPAA,spaa,CHINA,R,7,72,62.28315789473684,43.3593548387097,PGZ04A cn_pgz_04a SPAA,https://thunderskill.com/vehimgs/cn_pgz_04a.png,2026-10-07T10:00:15.379080+00:00
2026-10-07,2774,ussr_t_10a,T-10A,https://thunderskill.com/en/vehicle/ussr_t_10a,Ground forces,2,Heavy Tank,heavy_tank,USSR,R,5,71,100.0,80.6583870967742,T-10A ussr_t_10a Heavy Tank,https://thunderskill.com/vehimgs/ussr_t_10a.png,2026-10-07T10:00:15.379080+00:00
2026-10-07,3094,sw_leopard_2a6nl,Leopard 2A6,https://thunderskill.com/en/vehicle/sw_leopard_2a6nl,Ground forces,2,Medium Tank,medium_tank,SWEDEN,R,8,71,5.555,55.19032258064516,Leopard 2A6 sw_leopard_2a6nl Medium Tank,https://thunderskill.com/vehimgs/sw_leopard_2a6nl.png,2026-10-07T10:00:15.379080+00:00
2026-10-07,2337,uk_challenger_mk_3,Challenger Mk.3,https://thunderskill.com/en/vehicle/uk_challenger_mk_3,Ground forces,2,Medium Tank,medium_tank,BRITAIN,R,7,71,58.001599999999996,53.51870967741935,Challenger Mk.3 uk_challenger_mk_3 Medium Tank,https://thunderskill.com/vehimgs/uk_challenger_mk_3.png,2026-10-07T10:00:15.379080+00:00
2026-10-07,3253,it_leopard_2a4,◔Leopard 2A4,https://thunderskill.com/en/vehicle/it_leopard_2a4,Ground forces,2,Medium Tank,medium_tank,ITALY,R,7,71,100.0,53.112580645161316,◔Leopard 2A4 it_leopard_2a4 Medium Tank,https://thunderskill.com/vehimgs/it_leopard_2a4.png,2026-10-07T10:00:15.379080+00:00
2026-10-07,3430,germ_sppz2_luchs_a2,Luchs A2,https://thunderskill.com/en/vehicle/germ_sppz2_luchs_a2,Ground forces,2,Light Tank,light_tank,GERMANY,R,5,71,19.999333333333333,51.28483870967741,Luchs A2 germ_sppz2_luchs_a2 Light Tank,,2026-10-07T10:00:15.379080+00:00
2026-10-07,1777,us_m24_chaffee_tl,M24 (TL),https://thunderskill.com/en/vehicle/us_m24_chaffee_tl,Ground forces,2,Light Tank,light_tank,USA,R,2,70,42.30769230769231,64.21258064516127,M24 (TL) us_m24_chaffee_tl Light Tank,https://thunderskill.com/vehimgs/us_m24_chaffee_tl.png,2026-10-07T10:00:15.379080+00:00
2026-10-07,1518,uk_17_pdr_m10_achilles,Achilles,https://thunderskill.com/en/vehicle/uk_17_pdr_m10_achilles,Ground forces,2,Tank Destroyer,tank_destroyer,BRITAIN,R,2,70,100.0,56.559354838709694,Achilles uk_17_pdr_m10_achilles Tank Destroyer,https://thunderskill.com/vehimgs/uk_17_pdr_m10_achilles.png,2026-10-07T10:00:15.379080+00:00
2026-10-07,2437,cn_t_34_1942,␗T-34 (1943),https://thunderskill.com/en/vehicle/cn_t_34_1942,Ground forces,2,Medium Tank,medium_tank,CHINA,R,3,70,55.88235294117647,52.19645161290321,␗T-34 (1943) cn_t_34_1942 Medium Tank,https://thunderskill.com/vehimgs/cn_t_34_1942.png,2026-10-07T10:00:15.379080+00:00
2026-10-07,3584,cn_vt_4,VT4,https://thunderskill.com/en/vehicle/cn_vt_4,Ground forces,2,other,other,CHINA,R,7,69,61.404210526315794,68.75928571428575,VT4 cn_vt_4 other,,2026-10-07T10:00:15.379080+00:00
2026-10-07,1436,germ_jgdpz_IV_L48,Jagdpanzer IV,https://thunderskill.com/en/vehicle/germ_jgdpz_IV_L48,Ground forces,2,Tank Destroyer,tank_destroyer,GERMANY,R,3,69,100.0,56.03064516129033,Jagdpanzer IV germ_jgdpz_IV_L48 Tank Destroyer,https://thunderskill.com/vehimgs/germ_jgdpz_iv_l48.png,2026-10-07T10:00:15.379080+00:00
2026-10-07,3495,cn_vt_5,VT5,https://thunderskill.com/en/vehicle/cn_vt_5,Ground forces,2,Light Tank,light_tank,CHINA,R,7,69,66.66807692307692,40.87806451612902,VT5 cn_vt_5 Light Tank,,2026-10-07T10:00:15.379080+00:00
2026-10-07,2896,uk_ystervark_spaa,Ystervark,https://thunderskill.com/en/vehicle/uk_ystervark_spaa,Ground forces,2,SPAA,spaa,BRITAIN,R,3,69,65.47571428571429,22.118709677419357,Ystervark uk_ystervark_spaa SPAA,https://thunderskill.com/vehimgs/uk_ystervark_spaa.png,2026-10-07T10:00:15.379080+00:00
2026-10-07,3476,fr_m46_patton,M46,https://thunderskill.com/en/vehicle/fr_m46_patton,Ground forces,2,Medium Tank,medium_tank,FRANCE,R,4,68,79.62962962962963,92.07857142857142,M46 fr_m46_patton Medium Tank,,2026-10-07T10:00:15.379080+00:00
2026-10-07,3551,cn_wz_141,WZ141-1,https://thunderskill.com/en/vehicle/cn_wz_141,Ground forces,2,Light Tank,light_tank,CHINA,R,4,68,100.0,82.86774193548388,WZ141-1 cn_wz_141 Light Tank,,2026-10-07T10:00:15.379080+00:00
2026-10-07,2807,it_stug_III_ausf_G,StuG III G,https://thunderskill.com/en/vehicle/it_stug_III_ausf_G,Ground forces,2,Tank Destroyer,tank_destroyer,ITALY,R,3,68,33.95037037037038,67.07133333333334,StuG III G it_stug_III_ausf_G Tank Destroyer,https://thunderskill.com/vehimgs/it_stug_iii_ausf_g.png,2026-10-07T10:00:15.379080+00:00
2026-10-07,2596,sw_strv_m42_eh,Strv m/42 EH,https://thunderskill.com/en/vehicle/sw_strv_m42_eh,Ground forces,2,Medium Tank,medium_tank,SWEDEN,R,2,68,50.0,66.02483870967745,Strv m/42 EH sw_strv_m42_eh Medium Tank,https://thunderskill.com/vehimgs/sw_strv_m42_eh.png,2026-10-07T10:00:15.379080+00:00
2026-10-07,2597,sw_tgdgb_m40_lv,Lvtdgb m/40,https://thunderskill.com/en/vehicle/sw_tgdgb_m40_lv,Ground forces,2,SPAA,spaa,SWEDEN,R,2,68,29.01185185185186,60.278709677419364,Lvtdgb m/40 sw_tgdgb_m40_lv SPAA,https://thunderskill.com/vehimgs/sw_tgdgb_m40_lv.png,2026-10-07T10:00:15.379080+00:00
2026-10-07,1876,jp_type_5_na_to,Na-To,https://thunderskill.com/en/vehicle/jp_type_5_na_to,Ground forces,2,Tank Destroyer,tank_destroyer,JAPAN,R,3,68,35.278000000000006,49.872580645161285,Na-To jp_type_5_na_to Tank Destroyer,https://thunderskill.com/vehimgs/jp_type_5_na_to.png,2026-10-07T10:00:15.379080+00:00
2026-10-07,1521,uk_valentine_mk_9,Valentine IX,https://thunderskill.com/en/vehicle/uk_valentine_mk_9,Ground forces,2,Medium Tank,medium_tank,BRITAIN,R,2,67,43.333333333333336,76.19612903225806,Valentine IX uk_valentine_mk_9 Medium Tank,https://thunderskill.com/vehimgs/uk_valentine_mk_9.png,2026-10-07T10:00:15.379080+00:00
2026-10-07,2305,it_semovente_m41m_90,90/53 M41M,https://thunderskill.com/en/vehicle/it_semovente_m41m_90,Ground forces,2,Tank Destroyer,tank_destroyer,ITALY,R,3,67,12.5,74.19064516129036,90/53 M41M it_semovente_m41m_90 Tank Destroyer,https://thunderskill.com/vehimgs/it_semovente_m41m_90.png,2026-10-07T10:00:15.379080+00:00
2026-10-07,1228,germ_pzsfl_IVa_dickermax,Dicker Max,https://thunderskill.com/en/vehicle/germ_pzsfl_IVa_dickermax,Ground forces,2,Tank Destroyer,tank_destroyer,GERMANY,R,2,67,16.666875,60.43192307692306,Dicker Max germ_pzsfl_IVa_dickermax Tank Destroyer,https://thunderskill.com/vehimgs/germ_pzsfl_iva_dickermax.png,2026-10-07T10:00:15.379080+00:00
2026-10-07,3204,it_freccia,Freccia,https://thunderskill.com/en/vehicle/it_freccia,Ground forces,2,Light Tank,light_tank,ITALY,R,7,67,100.0,53.86464285714284,Freccia it_freccia Light Tank,https://thunderskill.com/vehimgs/it_freccia.png,2026-10-07T10:00:15.379080+00:00
2026-10-07,2604,sw_l_62_anti_II,L-62 ANTI II,https://thunderskill.com/en/vehicle/sw_l_62_anti_II,Ground forces,2,SPAA,spaa,SWEDEN,R,3,67,0.0,23.495806451612896,L-62 ANTI II sw_l_62_anti_II SPAA,https://thunderskill.com/vehimgs/sw_l_62_anti_ii.png,2026-10-07T10:00:15.379080+00:00
2026-10-07,1524,uk_sherman_ic_firefly,"Sherman IC ""Trzyniec""",https://thunderskill.com/en/vehicle/uk_sherman_ic_firefly,Ground forces,2,Medium Tank,medium_tank,BRITAIN,R,3,66,46.666000000000004,72.0209677419355,"Sherman IC ""Trzyniec"" uk_sherman_ic_firefly Medium Tank",https://thunderskill.com/vehimgs/uk_sherman_ic_firefly.png,2026-10-07T10:00:15.379080+00:00
2026-10-07,1992,germ_waffentrager_krupp_steyr,Waffenträger,https://thunderskill.com/en/vehicle/germ_waffentrager_krupp_steyr,Ground forces,2,Tank Destroyer,tank_destroyer,GERMANY,R,3,66,54.03631578947369,67.81173913043477,Waffenträger germ_waffentrager_krupp_steyr Tank Destroyer,https://thunderskill.com/vehimgs/germ_waffentrager_krupp_steyr.png,2026-10-07T10:00:15.379080+00:00
2026-10-07,1426,germ_pzkpfw_III_ausf_M,Pz.III M,https://thunderskill.com/en/vehicle/germ_pzkpfw_III_ausf_M,Ground forces,2,Medium Tank,medium_tank,GERMANY,R,2,66,43.18181818181818,64.86136363636365,Pz.III M germ_pzkpfw_III_ausf_M Medium Tank,https://thunderskill.com/vehimgs/germ_pzkpfw_iii_ausf_m.png,2026-10-07T10:00:15.379080+00:00
2026-10-07,2772,uk_adats_m113a3,ADATS (M113),https://thunderskill.com/en/vehicle/uk_adats_m113a3,Ground forces,2,Missile Tank,tank_destroyer,BRITAIN,R,8,66,100.0,53.61709677419356,ADATS (M113) uk_adats_m113a3 Missile Tank,https://thunderskill.com/vehimgs/uk_adats_m113a3.png,2026-10-07T10:00:15.379080+00:00
2026-10-07,1399,us_halftrack_m16,M16 MGMC,https://thunderskill.com/en/vehicle/us_halftrack_m16,Ground forces,2,SPAA,spaa,USA,R,2,66,0.0,44.31451612903226,M16 MGMC us_halftrack_m16 SPAA,https://thunderskill.com/vehimgs/us_halftrack_m16.png,2026-10-07T10:00:15.379080+00:00
2026-10-07,2326,it_m47_105,M47 (105/55),https://thunderskill.com/en/vehicle/it_m47_105,Ground forces,2,Medium Tank,medium_tank,ITALY,R,5,66,75.0,43.554193548387104,M47 (105/55) it_m47_105 Medium Tank,https://thunderskill.com/vehimgs/it_m47_105.png,2026-10-07T10:00:15.379080+00:00
2026-10-07,1354,ussr_t_28,T-28,https://thunderskill.com/en/vehicle/ussr_t_28,Ground forces,2,Medium Tank,medium_tank,USSR,R,1,65,63.888888888888886,78.0870833333333,T-28 ussr_t_28 Medium Tank,https://thunderskill.com/vehimgs/ussr_t_28.png,2026-10-07T10:00:15.379080+00:00
2026-10-07,3283,germ_vilkas,Vilkas,https://thunderskill.com/en/vehicle/germ_vilkas,Ground forces,2,Light Tank,light_tank,GERMANY,R,7,65,48.125,43.33741935483871,Vilkas germ_vilkas Light Tank,https://thunderskill.com/vehimgs/germ_vilkas.png,2026-10-07T10:00:15.379080+00:00
2026-10-07,2602,sw_strv_m41_s2,Strv m/41 S-II,https://thunderskill.com/en/vehicle/sw_strv_m41_s2,Ground forces,2,Light Tank,light_tank,SWEDEN,R,2,65,0.0,35.9693548387097,Strv m/41 S-II sw_strv_m41_s2 Light Tank,https://thunderskill.com/vehimgs/sw_strv_m41_s2.png,2026-10-07T10:00:15.379080+00:00
2026-10-07,3583,fr_m55,M55,https://thunderskill.com/en/vehicle/fr_m55,Ground forces,2,other,other,FRANCE,R,3,64,100.0,71.86258064516129,M55 fr_m55 other,,2026-10-07T10:00:15.379080+00:00
2026-10-07,3181,it_ariete_amv_pt1,Ariete AMV,https://thunderskill.com/en/vehicle/it_ariete_amv_pt1,Ground forces,2,Medium Tank,medium_tank,ITALY,R,8,64,55.88235294117647,63.09115384615385,Ariete AMV it_ariete_amv_pt1 Medium Tank,https://thunderskill.com/vehimgs/it_ariete_amv_pt1.png,2026-10-07T10:00:15.379080+00:00
2026-10-07,3413,us_t77e1,T77E1,https://thunderskill.com/en/vehicle/us_t77e1,Ground forces,2,SPAA,spaa,USA,R,2,64,50.0,57.10709677419352,T77E1 us_t77e1 SPAA,,2026-10-07T10:00:15.379080+00:00
2026-10-07,2477,it_otobreda_sidam_25_mistral,SIDAM 25 (Mistral),https://thunderskill.com/en/vehicle/it_otobreda_sidam_25_mistral,Ground forces,2,SPAA,spaa,ITALY,R,7,64,50.0,48.72357142857142,SIDAM 25 (Mistral) it_otobreda_sidam_25_mistral SPAA,https://thunderskill.com/vehimgs/it_otobreda_sidam_25_mistral.png,2026-10-07T10:00:15.379080+00:00
2026-10-07,2329,it_m26a1_pershing,M26A1,https://thunderskill.com/en/vehicle/it_m26a1_pershing,Ground forces,2,Medium Tank,medium_tank,ITALY,R,4,64,33.33307692307692,39.340322580645164,M26A1 it_m26a1_pershing Medium Tank,https://thunderskill.com/vehimgs/it_m26a1_pershing.png,2026-10-07T10:00:15.379080+00:00
2026-10-07,2908,ussr_pt_76_57,PT-76-57,https://thunderskill.com/en/vehicle/ussr_pt_76_57,Ground forces,2,Light Tank,light_tank,USSR,R,5,63,100.0,77.4151612903226,PT-76-57 ussr_pt_76_57 Light Tank,https://thunderskill.com/vehimgs/ussr_pt_76_57.png,2026-10-07T10:00:15.379080+00:00
2026-10-07,3233,ussr_2s1,2S1,https://thunderskill.com/en/vehicle/ussr_2s1,Ground forces,2,Tank Destroyer,tank_destroyer,USSR,R,4,63,50.0,48.246451612903236,2S1 ussr_2s1 Tank Destroyer,https://thunderskill.com/vehimgs/ussr_2s1.png,2026-10-07T10:00:15.379080+00:00
2026-10-07,3408,sw_bmp_2md,BMP-2MD,https://thunderskill.com/en/vehicle/sw_bmp_2md,Ground forces,2,Light Tank,light_tank,SWEDEN,R,6,63,75.86206896551724,46.042903225806455,BMP-2MD sw_bmp_2md Light Tank,,2026-10-07T10:00:15.379080+00:00
2026-10-07,3586,us_efv_p1,EFV,https://thunderskill.com/en/vehicle/us_efv_p1,Ground forces,2,other,other,USA,R,6,63,86.90535714285714,43.683225806451624,EFV us_efv_p1 other,,2026-10-07T10:00:15.379080+00:00
2026-10-07,1680,ussr_isu_122s,ISU-122S,https://thunderskill.com/en/vehicle/ussr_isu_122s,Ground forces,2,Tank Destroyer,tank_destroyer,USSR,R,4,63,0.0,41.625999999999976,ISU-122S ussr_isu_122s Tank Destroyer,https://thunderskill.com/vehimgs/ussr_isu_122s.png,2026-10-07T10:00:15.379080+00:00
2026-10-07,1423,germ_pzkpfw_IV_ausf_F,Pz.IV F1,https://thunderskill.com/en/vehicle/germ_pzkpfw_IV_ausf_F,Ground forces,2,Medium Tank,medium_tank,GERMANY,R,1,62,27.380714285714284,58.19260869565217,Pz.IV F1 germ_pzkpfw_IV_ausf_F Medium Tank,https://thunderskill.com/vehimgs/germ_pzkpfw_iv_ausf_f.png,2026-10-07T10:00:15.379080+00:00
2026-10-07,2670,cn_zsd63_pg87,ZSD63/PG87,https://thunderskill.com/en/vehicle/cn_zsd63_pg87,Ground forces,2,SPAA,spaa,CHINA,R,3,62,0.0,35.50193548387097,ZSD63/PG87 cn_zsd63_pg87 SPAA,https://thunderskill.com/vehimgs/cn_zsd63_pg87.png,2026-10-07T10:00:15.379080+00:00
2026-10-07,2883,it_c13_t90,C13 T90,https://thunderskill.com/en/vehicle/it_c13_t90,Ground forces,2,Light Tank,light_tank,ITALY,R,5,62,5.555,28.952857142857145,C13 T90 it_c13_t90 Light Tank,https://thunderskill.com/vehimgs/it_c13_t90.png,2026-10-07T10:00:15.379080+00:00
2026-10-07,2421,cn_m8_greyhound,␗M8 LAC,https://thunderskill.com/en/vehicle/cn_m8_greyhound,Ground forces,2,Light Tank,light_tank,CHINA,R,1,62,100.0,28.605333333333338,␗M8 LAC cn_m8_greyhound Light Tank,https://thunderskill.com/vehimgs/cn_m8_greyhound.png,2026-10-07T10:00:15.379080+00:00
2026-10-07,1725,uk_a30_sp_avenger,Avenger,https://thunderskill.com/en/vehicle/uk_a30_sp_avenger,Ground forces,2,Medium Tank,medium_tank,BRITAIN,R,3,61,44.44444444444444,57.60741935483868,Avenger uk_a30_sp_avenger Medium Tank,https://thunderskill.com/vehimgs/uk_a30_sp_avenger.png,2026-10-07T10:00:15.379080+00:00
2026-10-07,2470,cn_type_69,Type 69,https://thunderskill.com/en/vehicle/cn_type_69,Ground forces,2,Medium Tank,medium_tank,CHINA,R,5,61,51.23481481481481,55.45870967741935,Type 69 cn_type_69 Medium Tank,https://thunderskill.com/vehimgs/cn_type_69.png,2026-10-07T10:00:17.149189+00:00
2026-10-07,3553,us_m55,M55,https://thunderskill.com/en/vehicle/us_m55,Ground forces,2,other,other,USA,R,3,61,83.33333333333333,47.717037037037045,M55 us_m55 other,,2026-10-07T10:00:17.149189+00:00
2026-10-07,1721,uk_a_34_comet,Comet I,https://thunderskill.com/en/vehicle/uk_a_34_comet,Ground forces,2,Medium Tank,medium_tank,BRITAIN,R,3,61,2.6315789473684212,39.2258064516129,Comet I uk_a_34_comet Medium Tank,https://thunderskill.com/vehimgs/uk_a_34_comet.png,2026-10-07T10:00:17.149189+00:00
2026-10-07,3232,sw_pvkv_iv,Pvkv IV,https://thunderskill.com/en/vehicle/sw_pvkv_iv,Ground forces,2,Medium Tank,medium_tank,SWEDEN,R,3,61,50.0,25.623225806451604,Pvkv IV sw_pvkv_iv Medium Tank,https://thunderskill.com/vehimgs/sw_pvkv_iv.png,2026-10-07T10:00:17.149189+00:00
2026-10-07,2117,fr_amx_30,AMX-30,https://thunderskill.com/en/vehicle/fr_amx_30,Ground forces,2,Medium Tank,medium_tank,FRANCE,R,5,60,58.92857142857143,64.48677419354838,AMX-30 fr_amx_30 Medium Tank,https://thunderskill.com/vehimgs/fr_amx_30.png,2026-10-07T10:00:17.149189+00:00
2026-10-07,2997,il_centurion_shot_kal_alef,Sho't Kal Alef,https://thunderskill.com/en/vehicle/il_centurion_shot_kal_alef,Ground forces,2,Medium Tank,medium_tank,ISRAEL,R,5,60,84.94645161290323,60.04645161290324,Sho't Kal Alef il_centurion_shot_kal_alef Medium Tank,https://thunderskill.com/vehimgs/il_centurion_shot_kal_alef.png,2026-10-07T10:00:17.149189+00:00
2026-10-07,3294,fr_tpk_641_vpc,TPK 6.41,https://thunderskill.com/en/vehicle/fr_tpk_641_vpc,Ground forces,2,SPAA,spaa,FRANCE,R,3,60,5.2631578947368425,50.86548387096774,TPK 6.41 fr_tpk_641_vpc SPAA,https://thunderskill.com/vehimgs/fr_tpk_641_vpc.png,2026-10-07T10:00:17.149189+00:00
2026-10-07,2809,uk_ratel_20,Ratel 20,https://thunderskill.com/en/vehicle/uk_ratel_20,Ground forces,2,Light Tank,light_tank,BRITAIN,R,4,60,19.75296296296296,49.65193548387097,Ratel 20 uk_ratel_20 Light Tank,https://thunderskill.com/vehimgs/uk_ratel_20.png,2026-10-07T10:00:17.149189+00:00
2026-10-07,3060,cn_hj_9,AFT09,https://thunderskill.com/en/vehicle/cn_hj_9,Ground forces,2,Missile Tank,tank_destroyer,CHINA,R,6,59,80.70263157894736,76.75142857142858,AFT09 cn_hj_9 Missile Tank,https://thunderskill.com/vehimgs/cn_hj_9.png,2026-10-07T10:00:17.149189+00:00
2026-10-07,3537,uk_badger,Badger,https://thunderskill.com/en/vehicle/uk_badger,Ground forces,2,Light Tank,light_tank,BRITAIN,R,6,59,33.3335,39.67548387096774,Badger uk_badger Light Tank,,2026-10-07T10:00:17.149189+00:00
2026-10-07,2173,uk_fv510_isv,Warrior,https://thunderskill.com/en/vehicle/uk_fv510_isv,Ground forces,2,Light Tank,light_tank,BRITAIN,R,6,59,50.0,31.969677419354838,Warrior uk_fv510_isv Light Tank,https://thunderskill.com/vehimgs/uk_fv510_isv.png,2026-10-07T10:00:17.149189+00:00
2026-10-07,2544,ussr_ba_11,BA-11,https://thunderskill.com/en/vehicle/ussr_ba_11,Ground forces,2,Light Tank,light_tank,USSR,R,1,58,10.344827586206897,81.35241379310344,BA-11 ussr_ba_11 Light Tank,https://thunderskill.com/vehimgs/ussr_ba_11.png,2026-10-07T10:00:17.149189+00:00
2026-10-07,2987,il_magach_6b_gal_batash,Gal Batash,https://thunderskill.com/en/vehicle/il_magach_6b_gal_batash,Ground forces,2,Medium Tank,medium_tank,ISRAEL,R,6,58,46.15307692307693,72.30541666666664,Gal Batash il_magach_6b_gal_batash Medium Tank,https://thunderskill.com/vehimgs/il_magach_6b_gal_batash.png,2026-10-07T10:00:17.149189+00:00
2026-10-07,1798,germ_t_34_747,T 34 747 (r),https://thunderskill.com/en/vehicle/germ_t_34_747,Ground forces,2,Medium Tank,medium_tank,GERMANY,R,3,58,46.667199999999994,67.47387096774193,T 34 747 (r) germ_t_34_747 Medium Tank,https://thunderskill.com/vehimgs/germ_t_34_747.png,2026-10-07T10:00:17.149189+00:00
2026-10-07,1972,us_m60a2,M60A2,https://thunderskill.com/en/vehicle/us_m60a2,Ground forces,2,Medium Tank,medium_tank,USA,R,6,58,91.22894736842105,59.317741935483866,M60A2 us_m60a2 Medium Tank,https://thunderskill.com/vehimgs/us_m60a2.png,2026-10-07T10:00:17.149189+00:00
2026-10-07,1673,germ_pzkpfw_II_ausf_H,Pz.II H,https://thunderskill.com/en/vehicle/germ_pzkpfw_II_ausf_H,Ground forces,2,Light Tank,light_tank,GERMANY,R,2,58,0.0,52.89571428571431,Pz.II H germ_pzkpfw_II_ausf_H Light Tank,https://thunderskill.com/vehimgs/germ_pzkpfw_ii_ausf_h.png,2026-10-07T10:00:17.149189+00:00
2026-10-07,1482,us_m3_stuart,M3 Stuart,https://thunderskill.com/en/vehicle/us_m3_stuart,Ground forces,2,Light Tank,light_tank,USA,R,1,58,0.0,47.77,M3 Stuart us_m3_stuart Light Tank,https://thunderskill.com/vehimgs/us_m3_stuart.png,2026-10-07T10:00:17.149189+00:00
2026-10-07,1606,uk_a_22b_mk_3_churchill_1942,Churchill III,https://thunderskill.com/en/vehicle/uk_a_22b_mk_3_churchill_1942,Ground forces,2,Heavy Tank,heavy_tank,BRITAIN,R,3,57,100.0,57.700645161290325,Churchill III uk_a_22b_mk_3_churchill_1942 Heavy Tank,https://thunderskill.com/vehimgs/uk_a_22b_mk_3_churchill_1942.png,2026-10-07T10:00:17.149189+00:00
2026-10-07,3123,ussr_9a35_m2,Strela-10M2,https://thunderskill.com/en/vehicle/ussr_9a35_m2,Ground forces,2,SPAA,spaa,USSR,R,7,57,19.165999999999997,48.590645161290325,Strela-10M2 ussr_9a35_m2 SPAA,https://thunderskill.com/vehimgs/ussr_9a35_m2.png,2026-10-07T10:00:17.149189+00:00
2026-10-07,3741,fr_arl_44_mod,ARL-44 Bayard,https://thunderskill.com/en/vehicle/fr_arl_44_mod,Ground forces,2,other,other,FRANCE,R,3,56,55.0,51.050000000000004,ARL-44 Bayard fr_arl_44_mod other,,2026-10-07T10:00:17.149189+00:00
2026-10-07,1838,uk_fv438_swingfire,Swingfire,https://thunderskill.com/en/vehicle/uk_fv438_swingfire,Ground forces,2,Missile Tank,tank_destroyer,BRITAIN,R,5,56,0.0,41.63387096774195,Swingfire uk_fv438_swingfire Missile Tank,https://thunderskill.com/vehimgs/uk_fv438_swingfire.png,2026-10-07T10:00:17.149189+00:00
2026-10-07,2985,il_merkava_mk_2b_early,Merkava Mk.2B,https://thunderskill.com/en/vehicle/il_merkava_mk_2b_early,Ground forces,2,Medium Tank,medium_tank,ISRAEL,R,6,55,96.875,82.24967741935487,Merkava Mk.2B il_merkava_mk_2b_early Medium Tank,https://thunderskill.com/vehimgs/il_merkava_mk_2b_early.png,2026-10-07T10:00:17.149189+00:00
2026-10-07,3628,sw_nasams_fcs,NASAMS 3 (СОЦ),https://thunderskill.com/en/vehicle/sw_nasams_fcs,Ground forces,2,other,other,SWEDEN,R,8,55,51.961176470588235,59.88833333333336,NASAMS 3 (СОЦ) sw_nasams_fcs other,,2026-10-07T10:00:17.149189+00:00
2026-10-07,3225,sw_k9_vidar,VIDAR,https://thunderskill.com/en/vehicle/sw_k9_vidar,Ground forces,2,Tank Destroyer,tank_destroyer,SWEDEN,R,5,55,66.66666666666667,58.04433333333335,VIDAR sw_k9_vidar Tank Destroyer,https://thunderskill.com/vehimgs/sw_k9_vidar.png,2026-10-07T10:00:17.149189+00:00
2026-10-07,3452,it_pzh_2000_hu,PzH 2000HU,https://thunderskill.com/en/vehicle/it_pzh_2000_hu,Ground forces,2,Tank Destroyer,tank_destroyer,ITALY,R,5,54,100.0,81.0141935483871,PzH 2000HU it_pzh_2000_hu Tank Destroyer,,2026-10-07T10:00:17.149189+00:00
2026-10-07,1988,us_t114,T114,https://thunderskill.com/en/vehicle/us_t114,Ground forces,2,Light Tank,light_tank,USA,R,5,54,100.0,73.31000000000003,T114 us_t114 Light Tank,https://thunderskill.com/vehimgs/us_t114.png,2026-10-07T10:00:17.149189+00:00
2026-10-07,3070,il_magach_5,Magach 5,https://thunderskill.com/en/vehicle/il_magach_5,Ground forces,2,Medium Tank,medium_tank,ISRAEL,R,5,54,90.0,64.66774193548389,Magach 5 il_magach_5 Medium Tank,https://thunderskill.com/vehimgs/il_magach_5.png,2026-10-07T10:00:17.149189+00:00
2026-10-07,2469,cn_type_59,Type 59,https://thunderskill.com/en/vehicle/cn_type_59,Ground forces,2,Medium Tank,medium_tank,CHINA,R,5,54,100.0,58.81347826086958,Type 59 cn_type_59 Medium Tank,https://thunderskill.com/vehimgs/cn_type_59.png,2026-10-07T10:00:17.149189+00:00
2026-10-07,1906,germ_ru251,Ru 251,https://thunderskill.com/en/vehicle/germ_ru251,Ground forces,2,Light Tank,light_tank,GERMANY,R,4,54,0.0,57.032799999999995,Ru 251 germ_ru251 Light Tank,https://thunderskill.com/vehimgs/germ_ru251.png,2026-10-07T10:00:17.149189+00:00
2026-10-07,3697,it_palmaria,Palmaria,https://thunderskill.com/en/vehicle/it_palmaria,Ground forces,2,other,other,ITALY,R,4,54,43.333,52.847096774193545,Palmaria it_palmaria other,,2026-10-07T10:00:17.149189+00:00
2026-10-07,2532,uk_centurion_action_x,Centurion Action X,https://thunderskill.com/en/vehicle/uk_centurion_action_x,Ground forces,2,Medium Tank,medium_tank,BRITAIN,R,4,54,52.56461538461539,46.81875,Centurion Action X uk_centurion_action_x Medium Tank,https://thunderskill.com/vehimgs/uk_centurion_action_x.png,2026-10-07T10:00:17.149189+00:00
2026-10-07,2684,ussr_9p157,Khrizantema-S,https://thunderskill.com/en/vehicle/ussr_9p157,Ground forces,2,Missile Tank,tank_destroyer,USSR,R,7,54,4.347391304347826,46.22137931034484,Khrizantema-S ussr_9p157 Missile Tank,https://thunderskill.com/vehimgs/ussr_9p157.png,2026-10-07T10:00:17.149189+00:00
2026-10-07,3734,il_leopard_2a6_hel,◐Leopard 2HEL,https://thunderskill.com/en/vehicle/il_leopard_2a6_hel,Ground forces,2,other,other,ISRAEL,R,8,53,100.0,95.78615384615385,◐Leopard 2HEL il_leopard_2a6_hel other,,2026-10-07T10:00:17.149189+00:00
2026-10-07,3397,il_tiran_6,Tiran 6,https://thunderskill.com/en/vehicle/il_tiran_6,Ground forces,2,Medium Tank,medium_tank,ISRAEL,R,6,53,70.83500000000001,70.61111111111111,Tiran 6 il_tiran_6 Medium Tank,,2026-10-07T10:00:17.149189+00:00
2026-10-07,1480,us_m2a4,M2A4,https://thunderskill.com/en/vehicle/us_m2a4,Ground forces,2,Light Tank,light_tank,USA,R,1,53,68.18181818181819,59.36677419354839,M2A4 us_m2a4 Light Tank,https://thunderskill.com/vehimgs/us_m2a4.png,2026-10-07T10:00:17.149189+00:00
2026-10-07,2306,it_m36b1,M36B1,https://thunderskill.com/en/vehicle/it_m36b1,Ground forces,2,Tank Destroyer,tank_destroyer,ITALY,R,4,53,50.00000000000001,55.31074074074073,M36B1 it_m36b1 Tank Destroyer,https://thunderskill.com/vehimgs/it_m36b1.png,2026-10-07T10:00:17.149189+00:00
2026-10-07,2968,il_amx_13_75,AMX-13,https://thunderskill.com/en/vehicle/il_amx_13_75,Ground forces,2,Light Tank,light_tank,ISRAEL,R,4,53,8.333333333333334,40.14821428571429,AMX-13 il_amx_13_75 Light Tank,https://thunderskill.com/vehimgs/il_amx_13_75.png,2026-10-07T10:00:17.149189+00:00
2026-10-07,3276,it_m109g,M109G,https://thunderskill.com/en/vehicle/it_m109g,Ground forces,2,Tank Destroyer,tank_destroyer,ITALY,R,4,53,12.0,36.82225806451614,M109G it_m109g Tank Destroyer,https://thunderskill.com/vehimgs/it_m109g.png,2026-10-07T10:00:17.149189+00:00
2026-10-07,2710,cn_cm_25,CM25,https://thunderskill.com/en/vehicle/cn_cm_25,Ground forces,2,Missile Tank,tank_destroyer,CHINA,R,6,53,66.66666666666667,30.573548387096775,CM25 cn_cm_25 Missile Tank,https://thunderskill.com/vehimgs/cn_cm_25.png,2026-10-07T10:00:17.149189+00:00
2026-10-07,2565,cn_m42_duster,␗M42,https://thunderskill.com/en/vehicle/cn_m42_duster,Ground forces,2,SPAA,spaa,CHINA,R,3,53,0.0,26.26258064516129,␗M42 cn_m42_duster SPAA,https://thunderskill.com/vehimgs/cn_m42_duster.png,2026-10-07T10:00:17.149189+00:00
2026-10-07,3034,il_centurion_shot_kal_d,Sho't Kal Dalet,https://thunderskill.com/en/vehicle/il_centurion_shot_kal_d,Ground forces,2,Medium Tank,medium_tank,ISRAEL,R,6,52,35.714285714285715,67.47096774193548,Sho't Kal Dalet il_centurion_shot_kal_d Medium Tank,https://thunderskill.com/vehimgs/il_centurion_shot_kal_d.png,2026-10-07T10:00:17.149189+00:00
2026-10-07,1525,ussr_t_34_1941,T-34 (1941),https://thunderskill.com/en/vehicle/ussr_t_34_1941,Ground forces,2,Medium Tank,medium_tank,USSR,R,2,52,50.0,64.8451612903226,T-34 (1941) ussr_t_34_1941 Medium Tank,https://thunderskill.com/vehimgs/ussr_t_34_1941.png,2026-10-07T10:00:17.149189+00:00
2026-10-07,1707,ussr_su_122,SU-122,https://thunderskill.com/en/vehicle/ussr_su_122,Ground forces,2,Tank Destroyer,tank_destroyer,USSR,R,2,52,56.52173913043478,58.64000000000002,SU-122 ussr_su_122 Tank Destroyer,https://thunderskill.com/vehimgs/ussr_su_122.png,2026-10-07T10:00:17.149189+00:00
2026-10-07,2164,us_t54e1,T54E1,https://thunderskill.com/en/vehicle/us_t54e1,Ground forces,2,Medium Tank,medium_tank,USA,R,5,52,100.0,57.14,T54E1 us_t54e1 Medium Tank,https://thunderskill.com/vehimgs/us_t54e1.png,2026-10-07T10:00:17.149189+00:00
2026-10-07,2406,germ_flarakpz_1,FlaRakPz 1,https://thunderskill.com/en/vehicle/germ_flarakpz_1,Ground forces,2,SPAA,spaa,GERMANY,R,7,52,80.0005,49.966999999999985,FlaRakPz 1 germ_flarakpz_1 SPAA,https://thunderskill.com/vehimgs/germ_flarakpz_1.png,2026-10-07T10:00:17.149189+00:00
2026-10-07,2628,sw_udes_33,UDES 33,https://thunderskill.com/en/vehicle/sw_udes_33,Ground forces,2,Missile Tank,tank_destroyer,SWEDEN,R,6,52,0.0,40.27483870967741,UDES 33 sw_udes_33 Missile Tank,https://thunderskill.com/vehimgs/sw_udes_33.png,2026-10-07T10:00:17.149189+00:00
2026-10-07,1190,ussr_su_100Y,SU-100Y,https://thunderskill.com/en/vehicle/ussr_su_100Y,Ground forces,2,Tank Destroyer,tank_destroyer,USSR,R,3,51,65.0,64.75838709677419,SU-100Y ussr_su_100Y Tank Destroyer,https://thunderskill.com/vehimgs/ussr_su_100y.png,2026-10-07T10:00:17.149189+00:00
2026-10-07,1722,ussr_t_34E_STZ,T-34E STZ,https://thunderskill.com/en/vehicle/ussr_t_34E_STZ,Ground forces,2,Medium Tank,medium_tank,USSR,R,2,50,0.0,60.67967741935484,T-34E STZ ussr_t_34E_STZ Medium Tank,https://thunderskill.com/vehimgs/ussr_t_34e_stz.png,2026-10-07T10:00:17.149189+00:00
2026-10-07,3690,cn_mbt2000_sm,◍MBT-2000,https://thunderskill.com/en/vehicle/cn_mbt2000_sm,Ground forces,2,other,other,CHINA,R,7,50,50.0,60.269999999999975,◍MBT-2000 cn_mbt2000_sm other,,2026-10-07T10:00:17.149189+00:00
2026-10-07,3081,uk_bosvark,Bosvark,https://thunderskill.com/en/vehicle/uk_bosvark,Ground forces,2,SPAA,spaa,BRITAIN,R,3,50,0.0,59.24999999999999,Bosvark uk_bosvark SPAA,https://thunderskill.com/vehimgs/uk_bosvark.png,2026-10-07T10:00:17.149189+00:00
2026-10-07,2534,fr_amx_30_ACRA,AMX-30 ACRA,https://thunderskill.com/en/vehicle/fr_amx_30_ACRA,Ground forces,2,Medium Tank,medium_tank,FRANCE,R,6,49,86.95652173913044,74.5625806451613,AMX-30 ACRA fr_amx_30_ACRA Medium Tank,https://thunderskill.com/vehimgs/fr_amx_30_acra.png,2026-10-07T10:00:17.149189+00:00
2026-10-07,2514,cn_m48a1_patton_III,␗M48A1,https://thunderskill.com/en/vehicle/cn_m48a1_patton_III,Ground forces,2,Medium Tank,medium_tank,CHINA,R,5,49,71.05263157894737,72.24258064516125,␗M48A1 cn_m48a1_patton_III Medium Tank,https://thunderskill.com/vehimgs/cn_m48a1_patton_iii.png,2026-10-07T10:00:17.149189+00:00
2026-10-07,1551,ussr_t_34_1941_cast_turret,T-34 (1st Gv.T.Br.),https://thunderskill.com/en/vehicle/ussr_t_34_1941_cast_turret,Ground forces,2,Medium Tank,medium_tank,USSR,R,2,49,91.66666666666667,70.67645161290324,T-34 (1st Gv.T.Br.) ussr_t_34_1941_cast_turret Medium Tank,https://thunderskill.com/vehimgs/ussr_t_34_1941_cast_turret.png,2026-10-07T10:00:17.149189+00:00
2026-10-07,3427,germ_9a33bm3,◊Osa-AK,https://thunderskill.com/en/vehicle/germ_9a33bm3,Ground forces,2,SPAA,spaa,GERMANY,R,7,49,0.0,54.639999999999965,◊Osa-AK germ_9a33bm3 SPAA,,2026-10-07T10:00:17.149189+00:00
2026-10-07,3484,germ_amd_35_kwk39,Pz.Sp.Wg.P204(f) PaK,https://thunderskill.com/en/vehicle/germ_amd_35_kwk39,Ground forces,2,Light Tank,light_tank,GERMANY,R,2,49,0.0,46.861612903225804,Pz.Sp.Wg.P204(f) PaK germ_amd_35_kwk39 Light Tank,,2026-10-07T10:00:17.149189+00:00
2026-10-07,2453,cn_m4a4_sherman,␗M4A4,https://thunderskill.com/en/vehicle/cn_m4a4_sherman,Ground forces,2,Medium Tank,medium_tank,CHINA,R,2,48,39.741538461538454,71.61035714285714,␗M4A4 cn_m4a4_sherman Medium Tank,https://thunderskill.com/vehimgs/cn_m4a4_sherman.png,2026-10-07T10:00:17.149189+00:00
2026-10-07,2324,it_b1_centauro_romor,Centauro I 105 R,https://thunderskill.com/en/vehicle/it_b1_centauro_romor,Ground forces,2,Light Tank,light_tank,ITALY,R,6,48,100.0,71.20516129032256,Centauro I 105 R it_b1_centauro_romor Light Tank,https://thunderskill.com/vehimgs/it_b1_centauro_romor.png,2026-10-07T10:00:17.149189+00:00
2026-10-07,1872,jp_type_1_chi_he,Chi-He,https://thunderskill.com/en/vehicle/jp_type_1_chi_he,Ground forces,2,Medium Tank,medium_tank,JAPAN,R,2,48,16.666666666666668,53.828387096774186,Chi-He jp_type_1_chi_he Medium Tank,https://thunderskill.com/vehimgs/jp_type_1_chi_he.png,2026-10-07T10:00:17.149189+00:00
2026-10-07,2531,fr_amd_35,AMD.35,https://thunderskill.com/en/vehicle/fr_amd_35,Ground forces,2,Light Tank,light_tank,FRANCE,R,1,48,100.0,34.16079999999997,AMD.35 fr_amd_35 Light Tank,https://thunderskill.com/vehimgs/fr_amd_35.png,2026-10-07T10:00:17.149189+00:00
2026-10-07,2110,germ_pzkpfw_VI_ausf_h1_tiger_animal_version,␠Tiger,https://thunderskill.com/en/vehicle/germ_pzkpfw_VI_ausf_h1_tiger_animal_version,Ground forces,2,Heavy Tank,heavy_tank,GERMANY,R,3,47,53.44827586206897,79.44548387096773,␠Tiger germ_pzkpfw_VI_ausf_h1_tiger_animal_version Heavy Tank,https://thunderskill.com/vehimgs/germ_pzkpfw_vi_ausf_h1_tiger_animal_version.png,2026-10-07T10:00:17.149189+00:00
2026-10-07,2095,fr_amx_50_foch,AMX-50 Foch,https://thunderskill.com/en/vehicle/fr_amx_50_foch,Ground forces,2,Tank Destroyer,tank_destroyer,FRANCE,R,5,47,65.78947368421052,57.98560000000001,AMX-50 Foch fr_amx_50_foch Tank Destroyer,https://thunderskill.com/vehimgs/fr_amx_50_foch.png,2026-10-07T10:00:17.149189+00:00
2026-10-07,1870,jp_type_3_ho_ni_I,Ho-Ni I,https://thunderskill.com/en/vehicle/jp_type_3_ho_ni_I,Ground forces,2,Tank Destroyer,tank_destroyer,JAPAN,R,2,47,50.0,52.26956521739132,Ho-Ni I jp_type_3_ho_ni_I Tank Destroyer,https://thunderskill.com/vehimgs/jp_type_3_ho_ni_i.png,2026-10-07T10:00:17.149189+00:00
2026-10-07,2754,cn_gmc_cckw_353_m45_quad,CCKW 353 (M45),https://thunderskill.com/en/vehicle/cn_gmc_cckw_353_m45_quad,Ground forces,2,SPAA,spaa,CHINA,R,2,47,0.0,51.76090909090909,CCKW 353 (M45) cn_gmc_cckw_353_m45_quad SPAA,https://thunderskill.com/vehimgs/cn_gmc_cckw_353_m45_quad.png,2026-10-07T10:00:17.149189+00:00
2026-10-07,2130,us_t18_e2,T18E2,https://thunderskill.com/en/vehicle/us_t18_e2,Ground forces,2,Light Tank,light_tank,USA,R,2,46,30.0,91.07451612903229,T18E2 us_t18_e2 Light Tank,https://thunderskill.com/vehimgs/us_t18_e2.png,2026-10-07T10:00:17.149189+00:00
2026-10-07,3242,cn_m41_a3_walker_bulldog,␗M41A3,https://thunderskill.com/en/vehicle/cn_m41_a3_walker_bulldog,Ground forces,2,Light Tank,light_tank,CHINA,R,3,46,4.166666666666667,62.37677419354837,␗M41A3 cn_m41_a3_walker_bulldog Light Tank,https://thunderskill.com/vehimgs/cn_m41_a3_walker_bulldog.png,2026-10-07T10:00:17.149189+00:00
2026-10-07,3099,sw_a_34_comet,Comet I,https://thunderskill.com/en/vehicle/sw_a_34_comet,Ground forces,2,Medium Tank,medium_tank,SWEDEN,R,3,46,0.0,52.67838709677422,Comet I sw_a_34_comet Medium Tank,https://thunderskill.com/vehimgs/sw_a_34_comet.png,2026-10-07T10:00:17.149189+00:00
2026-10-07,2280,us_t32e1,T32E1,https://thunderskill.com/en/vehicle/us_t32e1,Ground forces,2,Heavy Tank,heavy_tank,USA,R,5,46,100.0,49.89903225806451,T32E1 us_t32e1 Heavy Tank,https://thunderskill.com/vehimgs/us_t32e1.png,2026-10-07T10:00:17.149189+00:00
2026-10-07,1849,uk_fv4202,FV4202,https://thunderskill.com/en/vehicle/uk_fv4202,Ground forces,2,Medium Tank,medium_tank,BRITAIN,R,4,46,2.0,38.923548387096794,FV4202 uk_fv4202 Medium Tank,https://thunderskill.com/vehimgs/uk_fv4202.png,2026-10-07T10:00:17.149189+00:00
2026-10-07,3524,il_spyder_aio,SPYDER,https://thunderskill.com/en/vehicle/il_spyder_aio,Ground forces,2,SPAA,spaa,ISRAEL,R,8,46,56.52173913043478,38.186799999999984,SPYDER il_spyder_aio SPAA,,2026-10-07T10:00:17.149189+00:00
2026-10-07,3569,ussr_buk_m3_fcs,"9К317М ""БУК-М3"" (СОЦ)",https://thunderskill.com/en/vehicle/ussr_buk_m3_fcs,Ground forces,2,other,other,USSR,R,8,46,41.665000000000006,32.7495652173913,"9К317М ""БУК-М3"" (СОЦ) ussr_buk_m3_fcs other",,2026-10-07T10:00:17.149189+00:00
2026-10-07,3278,jp_type_81_tansam,Type 81 (C),https://thunderskill.com/en/vehicle/jp_type_81_tansam,Ground forces,2,SPAA,spaa,JAPAN,R,7,46,0.0,31.712258064516124,Type 81 (C) jp_type_81_tansam SPAA,https://thunderskill.com/vehimgs/jp_type_81_tansam.png,2026-10-07T10:00:17.149189+00:00
2026-10-07,2956,it_41m_turan_2,Turan II,https://thunderskill.com/en/vehicle/it_41m_turan_2,Ground forces,2,Medium Tank,medium_tank,ITALY,R,2,45,48.333333333333336,92.3663333333333,Turan II it_41m_turan_2 Medium Tank,https://thunderskill.com/vehimgs/it_41m_turan_2.png,2026-10-07T10:00:17.149189+00:00
2026-10-07,3277,cn_plz_83,PLZ83,https://thunderskill.com/en/vehicle/cn_plz_83,Ground forces,2,Tank Destroyer,tank_destroyer,CHINA,R,4,45,47.36842105263158,38.639032258064525,PLZ83 cn_plz_83 Tank Destroyer,https://thunderskill.com/vehimgs/cn_plz_83.png,2026-10-07T10:00:17.149189+00:00
2026-10-07,2874,jp_halftrack_m16,M16 MGMC,https://thunderskill.com/en/vehicle/jp_halftrack_m16,Ground forces,2,SPAA,spaa,JAPAN,R,2,45,61.90571428571429,37.52071428571429,M16 MGMC jp_halftrack_m16 SPAA,https://thunderskill.com/vehimgs/jp_halftrack_m16.png,2026-10-07T10:00:17.149189+00:00
2026-10-07,2921,uk_challenger_2_tes,Challenger 2 TES,https://thunderskill.com/en/vehicle/uk_challenger_2_tes,Ground forces,2,Medium Tank,medium_tank,BRITAIN,R,7,44,50.0,78.31483870967742,Challenger 2 TES uk_challenger_2_tes Medium Tank,https://thunderskill.com/vehimgs/uk_challenger_2_tes.png,2026-10-07T10:00:17.149189+00:00
2026-10-07,3221,us_m4_sherman_promo,M4,https://thunderskill.com/en/vehicle/us_m4_sherman_promo,Ground forces,2,Medium Tank,medium_tank,USA,R,2,44,0.0,58.64612903225806,M4 us_m4_sherman_promo Medium Tank,https://thunderskill.com/vehimgs/us_m4_sherman_promo.png,2026-10-07T10:00:17.149189+00:00
2026-10-07,3572,uk_sky_sabre_fcs,Sky Sabre (СОЦ),https://thunderskill.com/en/vehicle/uk_sky_sabre_fcs,Ground forces,2,other,other,BRITAIN,R,8,44,40.275833333333324,41.974999999999994,Sky Sabre (СОЦ) uk_sky_sabre_fcs other,,2026-10-07T10:00:17.149189+00:00
2026-10-07,3235,it_2s1,◔2S1,https://thunderskill.com/en/vehicle/it_2s1,Ground forces,2,Tank Destroyer,tank_destroyer,ITALY,R,4,44,0.0,37.828387096774186,◔2S1 it_2s1 Tank Destroyer,https://thunderskill.com/vehimgs/it_2s1.png,2026-10-07T10:00:17.149189+00:00
2026-10-07,1912,germ_sturmpanzer_II,Sturmpanzer II,https://thunderskill.com/en/vehicle/germ_sturmpanzer_II,Ground forces,2,Tank Destroyer,tank_destroyer,GERMANY,R,1,44,87.5,25.07185185185185,Sturmpanzer II germ_sturmpanzer_II Tank Destroyer,https://thunderskill.com/vehimgs/germ_sturmpanzer_ii.png,2026-10-07T10:00:17.149189+00:00
2026-10-07,1742,uk_a17_mk_1_tetrarch,Tetrarch I,https://thunderskill.com/en/vehicle/uk_a17_mk_1_tetrarch,Ground forces,2,Light Tank,light_tank,BRITAIN,R,1,44,53.333333333333336,25.062962962962974,Tetrarch I uk_a17_mk_1_tetrarch Light Tank,https://thunderskill.com/vehimgs/uk_a17_mk_1_tetrarch.png,2026-10-07T10:00:17.149189+00:00
2026-10-07,1677,uk_a_12_mk_2_matilda_2,Matilda III,https://thunderskill.com/en/vehicle/uk_a_12_mk_2_matilda_2,Ground forces,2,Heavy Tank,heavy_tank,BRITAIN,R,2,43,70.37037037037037,71.66483870967741,Matilda III uk_a_12_mk_2_matilda_2 Heavy Tank,https://thunderskill.com/vehimgs/uk_a_12_mk_2_matilda_2.png,2026-10-07T10:00:17.149189+00:00
2026-10-07,1656,germ_pzkpfw_III_ausf_F,Pz.III F,https://thunderskill.com/en/vehicle/germ_pzkpfw_III_ausf_F,Ground forces,2,Medium Tank,medium_tank,GERMANY,R,1,43,0.0,61.89,Pz.III F germ_pzkpfw_III_ausf_F Medium Tank,https://thunderskill.com/vehimgs/germ_pzkpfw_iii_ausf_f.png,2026-10-07T10:00:17.149189+00:00
2026-10-07,2678,jp_type_93,Type 93,https://thunderskill.com/en/vehicle/jp_type_93,Ground forces,2,SPAA,spaa,JAPAN,R,7,43,39.130434782608695,44.692000000000014,Type 93 jp_type_93 SPAA,https://thunderskill.com/vehimgs/jp_type_93.png,2026-10-07T10:00:17.149189+00:00
2026-10-07,2456,cn_m10,␗M10 GMC,https://thunderskill.com/en/vehicle/cn_m10,Ground forces,2,Tank Destroyer,tank_destroyer,CHINA,R,2,42,100.0,65.16466666666668,␗M10 GMC cn_m10 Tank Destroyer,https://thunderskill.com/vehimgs/cn_m10.png,2026-10-07T10:00:17.149189+00:00
2026-10-07,1796,ussr_kv_2_1940,KV-2 (1940),https://thunderskill.com/en/vehicle/ussr_kv_2_1940,Ground forces,2,Heavy Tank,heavy_tank,USSR,R,3,42,50.0,57.61714285714281,KV-2 (1940) ussr_kv_2_1940 Heavy Tank,https://thunderskill.com/vehimgs/ussr_kv_2_1940.png,2026-10-07T10:00:17.149189+00:00
2026-10-07,3142,il_magach_7c,Magach 7C,https://thunderskill.com/en/vehicle/il_magach_7c,Ground forces,2,Medium Tank,medium_tank,ISRAEL,R,6,42,75.002,51.72736842105263,Magach 7C il_magach_7c Medium Tank,https://thunderskill.com/vehimgs/il_magach_7c.png,2026-10-07T10:00:17.149189+00:00
2026-10-07,2595,sw_lago_1,Lago I,https://thunderskill.com/en/vehicle/sw_lago_1,Ground forces,2,Medium Tank,medium_tank,SWEDEN,R,2,42,50.0,32.879333333333356,Lago I sw_lago_1 Medium Tank,https://thunderskill.com/vehimgs/sw_lago_1.png,2026-10-07T10:00:17.149189+00:00
2026-10-07,3075,uk_a_22f_mk_7_churchill_crocodile,Churchill Crocodile,https://thunderskill.com/en/vehicle/uk_a_22f_mk_7_churchill_crocodile,Ground forces,2,Heavy Tank,heavy_tank,BRITAIN,R,3,41,50.0,91.8426315789474,Churchill Crocodile uk_a_22f_mk_7_churchill_crocodile Heavy Tank,https://thunderskill.com/vehimgs/uk_a_22f_mk_7_churchill_crocodile.png,2026-10-07T10:00:17.149189+00:00
2026-10-07,1543,uk_a_22f_mk_7_churchill_1944,Churchill VII,https://thunderskill.com/en/vehicle/uk_a_22f_mk_7_churchill_1944,Ground forces,2,Heavy Tank,heavy_tank,BRITAIN,R,3,41,100.0,81.73321428571431,Churchill VII uk_a_22f_mk_7_churchill_1944 Heavy Tank,https://thunderskill.com/vehimgs/uk_a_22f_mk_7_churchill_1944.png,2026-10-07T10:00:17.149189+00:00
2026-10-07,2682,it_sherman_vc_firefly,Sherman Vc,https://thunderskill.com/en/vehicle/it_sherman_vc_firefly,Ground forces,2,Medium Tank,medium_tank,ITALY,R,4,41,100.0,59.064814814814824,Sherman Vc it_sherman_vc_firefly Medium Tank,https://thunderskill.com/vehimgs/it_sherman_vc_firefly.png,2026-10-07T10:00:17.149189+00:00
2026-10-07,1669,germ_pzkpfw_38t_Marder_III_ausf_H,Marder III H,https://thunderskill.com/en/vehicle/germ_pzkpfw_38t_Marder_III_ausf_H,Ground forces,2,Tank Destroyer,tank_destroyer,GERMANY,R,2,40,82.3529411764706,60.761333333333326,Marder III H germ_pzkpfw_38t_Marder_III_ausf_H Tank Destroyer,https://thunderskill.com/vehimgs/germ_pzkpfw_38t_marder_iii_ausf_h.png,2026-10-07T10:00:17.149189+00:00
2026-10-07,2989,il_magach_2,Magach 2,https://thunderskill.com/en/vehicle/il_magach_2,Ground forces,2,Medium Tank,medium_tank,ISRAEL,R,4,40,50.0,52.88227272727274,Magach 2 il_magach_2 Medium Tank,https://thunderskill.com/vehimgs/il_magach_2.png,2026-10-07T10:00:17.149189+00:00
2026-10-07,1819,us_m48a1_patton_III,M48A1,https://thunderskill.com/en/vehicle/us_m48a1_patton_III,Ground forces,2,Medium Tank,medium_tank,USA,R,5,40,71.11133333333333,44.62290322580643,M48A1 us_m48a1_patton_III Medium Tank,https://thunderskill.com/vehimgs/us_m48a1_patton_iii.png,2026-10-07T10:00:17.149189+00:00
2026-10-07,3535,uk_a30_sp_avenger_kit_3rank,Avenger (Overlord),https://thunderskill.com/en/vehicle/uk_a30_sp_avenger_kit_3rank,Ground forces,2,Medium Tank,medium_tank,BRITAIN,R,3,40,0.0,38.46880000000001,Avenger (Overlord) uk_a30_sp_avenger_kit_3rank Medium Tank,,2026-10-07T10:00:17.149189+00:00
2026-10-07,3247,us_mim_72_chaparral,Imp.Chaparral,https://thunderskill.com/en/vehicle/us_mim_72_chaparral,Ground forces,2,SPAA,spaa,USA,R,6,40,50.0,34.365666666666655,Imp.Chaparral us_mim_72_chaparral SPAA,https://thunderskill.com/vehimgs/us_mim_72_chaparral.png,2026-10-07T10:00:17.149189+00:00
2026-10-07,3740,ussr_object_416,Объект 416,https://thunderskill.com/en/vehicle/ussr_object_416,Ground forces,2,other,other,USSR,R,5,39,85.71571428571428,82.99909090909092,Объект 416 ussr_object_416 other,,2026-10-07T10:00:17.149189+00:00
2026-10-07,3224,it_kf_41,KF41,https://thunderskill.com/en/vehicle/it_kf_41,Ground forces,2,Light Tank,light_tank,ITALY,R,7,39,0.0,45.191500000000005,KF41 it_kf_41 Light Tank,https://thunderskill.com/vehimgs/it_kf_41.png,2026-10-07T10:00:17.149189+00:00
2026-10-07,1788,us_mk1_grant,Grant I,https://thunderskill.com/en/vehicle/us_mk1_grant,Ground forces,2,Medium Tank,medium_tank,USA,R,2,39,50.0,45.03874999999999,Grant I us_mk1_grant Medium Tank,https://thunderskill.com/vehimgs/us_mk1_grant.png,2026-10-07T10:00:17.149189+00:00
2026-10-07,2300,it_m60a1_ariete,"M60A1 ""D.C.Ariete""",https://thunderskill.com/en/vehicle/it_m60a1_ariete,Ground forces,2,Medium Tank,medium_tank,ITALY,R,5,38,66.67,78.41380952380949,"M60A1 ""D.C.Ariete"" it_m60a1_ariete Medium Tank",https://thunderskill.com/vehimgs/it_m60a1_ariete.png,2026-10-07T10:00:17.149189+00:00
2026-10-07,2690,us_m60a3_slep,M60 AMBT,https://thunderskill.com/en/vehicle/us_m60a3_slep,Ground forces,2,Medium Tank,medium_tank,USA,R,7,38,0.0,73.80260869565218,M60 AMBT us_m60a3_slep Medium Tank,https://thunderskill.com/vehimgs/us_m60a3_slep.png,2026-10-07T10:00:17.149189+00:00
2026-10-07,2663,it_m4a4_sherman,Sherman V,https://thunderskill.com/en/vehicle/it_m4a4_sherman,Ground forces,2,Medium Tank,medium_tank,ITALY,R,3,38,100.0,71.67999999999998,Sherman V it_m4a4_sherman Medium Tank,https://thunderskill.com/vehimgs/it_m4a4_sherman.png,2026-10-07T10:00:18.855457+00:00
2026-10-07,3516,ussr_is_1_kit_3rank,ИС-1 ('45),https://thunderskill.com/en/vehicle/ussr_is_1_kit_3rank,Ground forces,2,Heavy Tank,heavy_tank,USSR,R,3,38,0.0,66.0722580645161,ИС-1 ('45) ussr_is_1_kit_3rank Heavy Tank,,2026-10-07T10:00:18.855457+00:00
2026-10-07,1542,uk_crusader_mk_3,Crusader III,https://thunderskill.com/en/vehicle/uk_crusader_mk_3,Ground forces,2,Light Tank,light_tank,BRITAIN,R,2,38,50.0,65.87862068965518,Crusader III uk_crusader_mk_3 Light Tank,https://thunderskill.com/vehimgs/uk_crusader_mk_3.png,2026-10-07T10:00:18.855457+00:00
2026-10-07,3192,cn_object_211,Object 211,https://thunderskill.com/en/vehicle/cn_object_211,Ground forces,2,Light Tank,light_tank,CHINA,R,3,38,50.0,61.7096153846154,Object 211 cn_object_211 Light Tank,https://thunderskill.com/vehimgs/cn_object_211.png,2026-10-07T10:00:18.855457+00:00
2026-10-07,1356,germ_pzkpfw_IV_ausf_E,Pz.IV E,https://thunderskill.com/en/vehicle/germ_pzkpfw_IV_ausf_E,Ground forces,2,Medium Tank,medium_tank,GERMANY,R,1,38,0.0,55.3096153846154,Pz.IV E germ_pzkpfw_IV_ausf_E Medium Tank,https://thunderskill.com/vehimgs/germ_pzkpfw_iv_ausf_e.png,2026-10-07T10:00:18.855457+00:00
2026-10-07,1582,germ_pzkpfw_II_ausf_C_DAK,Pz.II С (DAK),https://thunderskill.com/en/vehicle/germ_pzkpfw_II_ausf_C_DAK,Ground forces,2,Light Tank,light_tank,GERMANY,R,1,38,0.0,34.264193548387105,Pz.II С (DAK) germ_pzkpfw_II_ausf_C_DAK Light Tank,https://thunderskill.com/vehimgs/germ_pzkpfw_ii_ausf_c_dak.png,2026-10-07T10:00:18.855457+00:00
2026-10-07,1690,us_m3a1_stuart,M3A1 Stuart,https://thunderskill.com/en/vehicle/us_m3a1_stuart,Ground forces,2,Light Tank,light_tank,USA,R,1,37,100.0,71.806,M3A1 Stuart us_m3a1_stuart Light Tank,https://thunderskill.com/vehimgs/us_m3a1_stuart.png,2026-10-07T10:00:18.855457+00:00
2026-10-07,1765,us_m3a1_stuart_usmc,M3A1 (USMC),https://thunderskill.com/en/vehicle/us_m3a1_stuart_usmc,Ground forces,2,Light Tank,light_tank,USA,R,1,37,0.0,62.741290322580646,M3A1 (USMC) us_m3a1_stuart_usmc Light Tank,https://thunderskill.com/vehimgs/us_m3a1_stuart_usmc.png,2026-10-07T10:00:18.855457+00:00
2026-10-07,2295,it_ab_43,AB 43,https://thunderskill.com/en/vehicle/it_ab_43,Ground forces,2,Light Tank,light_tank,ITALY,R,2,37,0.0,56.82956521739131,AB 43 it_ab_43 Light Tank,https://thunderskill.com/vehimgs/it_ab_43.png,2026-10-07T10:00:18.855457+00:00
2026-10-07,1708,germ_panzerbefelhswagen_jagdpanther,Bfw. Jagdpanther G1,https://thunderskill.com/en/vehicle/germ_panzerbefelhswagen_jagdpanther,Ground forces,2,Tank Destroyer,tank_destroyer,GERMANY,R,4,37,0.0,51.23807692307693,Bfw. Jagdpanther G1 germ_panzerbefelhswagen_jagdpanther Tank Destroyer,https://thunderskill.com/vehimgs/germ_panzerbefelhswagen_jagdpanther.png,2026-10-07T10:00:18.855457+00:00
2026-10-07,3074,sw_bt_42,BT-42,https://thunderskill.com/en/vehicle/sw_bt_42,Ground forces,2,Light Tank,light_tank,SWEDEN,R,1,37,50.0,42.36064516129033,BT-42 sw_bt_42 Light Tank,https://thunderskill.com/vehimgs/sw_bt_42.png,2026-10-07T10:00:18.855457+00:00
2026-10-07,2455,cn_lvt_4_zis_2,LVT(A)(4) (ZiS-2),https://thunderskill.com/en/vehicle/cn_lvt_4_zis_2,Ground forces,2,Tank Destroyer,tank_destroyer,CHINA,R,2,36,86.36454545454548,78.44909090909094,LVT(A)(4) (ZiS-2) cn_lvt_4_zis_2 Tank Destroyer,https://thunderskill.com/vehimgs/cn_lvt_4_zis_2.png,2026-10-07T10:00:18.855457+00:00
2026-10-07,2797,ussr_bt_7_m,BT-7M,https://thunderskill.com/en/vehicle/ussr_bt_7_m,Ground forces,2,Light Tank,light_tank,USSR,R,1,36,0.0,49.883870967741956,BT-7M ussr_bt_7_m Light Tank,https://thunderskill.com/vehimgs/ussr_bt_7_m.png,2026-10-07T10:00:18.855457+00:00
2026-10-07,2454,cn_m4a1_76w_sherman,␗M4A1 (75) W,https://thunderskill.com/en/vehicle/cn_m4a1_76w_sherman,Ground forces,2,Medium Tank,medium_tank,CHINA,R,3,36,0.0,48.54103448275861,␗M4A1 (75) W cn_m4a1_76w_sherman Medium Tank,https://thunderskill.com/vehimgs/cn_m4a1_76w_sherman.png,2026-10-07T10:00:18.855457+00:00
2026-10-07,3471,cn_t_80ud_478be,T-80UD/BE,https://thunderskill.com/en/vehicle/cn_t_80ud_478be,Ground forces,2,Medium Tank,medium_tank,CHINA,R,7,36,50.0,48.244,T-80UD/BE cn_t_80ud_478be Medium Tank,,2026-10-07T10:00:18.855457+00:00
2026-10-07,1608,germ_pz_IV_L70_A,Panzer IV/70(A),https://thunderskill.com/en/vehicle/germ_pz_IV_L70_A,Ground forces,2,Tank Destroyer,tank_destroyer,GERMANY,R,3,36,0.0,39.303870967741936,Panzer IV/70(A) germ_pz_IV_L70_A Tank Destroyer,https://thunderskill.com/vehimgs/germ_pz_iv_l70_a.png,2026-10-07T10:00:18.855457+00:00
2026-10-07,2904,cn_ztz_59a,ZTZ59A,https://thunderskill.com/en/vehicle/cn_ztz_59a,Ground forces,2,Medium Tank,medium_tank,CHINA,R,5,36,0.0,38.872258064516146,ZTZ59A cn_ztz_59a Medium Tank,https://thunderskill.com/vehimgs/cn_ztz_59a.png,2026-10-07T10:00:18.855457+00:00
2026-10-07,3134,it_fiat_cm52,CM52,https://thunderskill.com/en/vehicle/it_fiat_cm52,Ground forces,2,SPAA,spaa,ITALY,R,2,36,0.0,32.283214285714294,CM52 it_fiat_cm52 SPAA,https://thunderskill.com/vehimgs/it_fiat_cm52.png,2026-10-07T10:00:18.855457+00:00
2026-10-07,1856,jp_pzkpfw_VI_ausf_e_tiger,Heavy Tank No.6,https://thunderskill.com/en/vehicle/jp_pzkpfw_VI_ausf_e_tiger,Ground forces,2,Heavy Tank,heavy_tank,JAPAN,R,4,35,100.0,84.15290322580648,Heavy Tank No.6 jp_pzkpfw_VI_ausf_e_tiger Heavy Tank,https://thunderskill.com/vehimgs/jp_pzkpfw_vi_ausf_e_tiger.png,2026-10-07T10:00:18.855457+00:00
2026-10-07,1628,germ_stug_III_ausf_A,StuG III A,https://thunderskill.com/en/vehicle/germ_stug_III_ausf_A,Ground forces,2,Tank Destroyer,tank_destroyer,GERMANY,R,1,35,50.0,71.00703703703701,StuG III A germ_stug_III_ausf_A Tank Destroyer,https://thunderskill.com/vehimgs/germ_stug_iii_ausf_a.png,2026-10-07T10:00:18.855457+00:00
2026-10-07,1653,germ_pzkpfw_III_ausf_L,Pz.III L,https://thunderskill.com/en/vehicle/germ_pzkpfw_III_ausf_L,Ground forces,2,Medium Tank,medium_tank,GERMANY,R,2,35,0.0,51.95666666666669,Pz.III L germ_pzkpfw_III_ausf_L Medium Tank,https://thunderskill.com/vehimgs/germ_pzkpfw_iii_ausf_l.png,2026-10-07T10:00:18.855457+00:00
2026-10-07,2591,sw_strv_m40l,Strv m/40L,https://thunderskill.com/en/vehicle/sw_strv_m40l,Ground forces,2,Light Tank,light_tank,SWEDEN,R,1,35,0.0,39.651666666666664,Strv m/40L sw_strv_m40l Light Tank,https://thunderskill.com/vehimgs/sw_strv_m40l.png,2026-10-07T10:00:18.855457+00:00
2026-10-07,1702,ussr_zsu_37,ZSU-37,https://thunderskill.com/en/vehicle/ussr_zsu_37,Ground forces,2,SPAA,spaa,USSR,R,2,35,0.0,31.989999999999995,ZSU-37 ussr_zsu_37 SPAA,https://thunderskill.com/vehimgs/ussr_zsu_37.png,2026-10-07T10:00:18.855457+00:00
2026-10-07,3736,germ_embt,◄EMBT,https://thunderskill.com/en/vehicle/germ_embt,Ground forces,2,other,other,GERMANY,R,8,34,60.31777777777778,76.45000000000002,◄EMBT germ_embt other,,2026-10-07T10:00:18.855457+00:00
2026-10-07,1465,us_m3_lee,M3 Lee,https://thunderskill.com/en/vehicle/us_m3_lee,Ground forces,2,Medium Tank,medium_tank,USA,R,2,34,50.0,69.3209523809524,M3 Lee us_m3_lee Medium Tank,https://thunderskill.com/vehimgs/us_m3_lee.png,2026-10-07T10:00:18.855457+00:00
2026-10-07,2828,germ_sdkfz_234_2_td,Sd.Kfz.234/2 TD,https://thunderskill.com/en/vehicle/germ_sdkfz_234_2_td,Ground forces,2,Light Tank,light_tank,GERMANY,R,2,34,50.0,63.100000000000016,Sd.Kfz.234/2 TD germ_sdkfz_234_2_td Light Tank,https://thunderskill.com/vehimgs/germ_sdkfz_234_2_td.png,2026-10-07T10:00:18.855457+00:00
2026-10-07,3499,it_fiat_6614_firos,FIROS 6,https://thunderskill.com/en/vehicle/it_fiat_6614_firos,Ground forces,2,Light Tank,light_tank,ITALY,R,5,34,0.0,57.895238095238085,FIROS 6 it_fiat_6614_firos Light Tank,,2026-10-07T10:00:18.855457+00:00
2026-10-07,2984,il_tiran_4_sh,Tiran 4S,https://thunderskill.com/en/vehicle/il_tiran_4_sh,Ground forces,2,Medium Tank,medium_tank,ISRAEL,R,5,34,100.0,42.34499999999999,Tiran 4S il_tiran_4_sh Medium Tank,https://thunderskill.com/vehimgs/il_tiran_4_sh.png,2026-10-07T10:00:18.855457+00:00
2026-10-07,1188,uk_crusader_aa_mk_2,Crusader AA Mk II,https://thunderskill.com/en/vehicle/uk_crusader_aa_mk_2,Ground forces,2,SPAA,spaa,BRITAIN,R,3,34,0.0,28.846153846153843,Crusader AA Mk II uk_crusader_aa_mk_2 SPAA,https://thunderskill.com/vehimgs/uk_crusader_aa_mk_2.png,2026-10-07T10:00:18.855457+00:00
2026-10-07,1654,germ_pzkpfw_III_ausf_J,Pz.III J1,https://thunderskill.com/en/vehicle/germ_pzkpfw_III_ausf_J,Ground forces,2,Medium Tank,medium_tank,GERMANY,R,2,33,0.0,75.88774193548387,Pz.III J1 germ_pzkpfw_III_ausf_J Medium Tank,https://thunderskill.com/vehimgs/germ_pzkpfw_iii_ausf_j.png,2026-10-07T10:00:18.855457+00:00
2026-10-07,1733,ussr_smk,SMK,https://thunderskill.com/en/vehicle/ussr_smk,Ground forces,2,Heavy Tank,heavy_tank,USSR,R,2,33,100.0,63.43000000000002,SMK ussr_smk Heavy Tank,https://thunderskill.com/vehimgs/ussr_smk.png,2026-10-07T10:00:18.855457+00:00
2026-10-07,2468,cn_is_2_1944,␗IS-2 (1944),https://thunderskill.com/en/vehicle/cn_is_2_1944,Ground forces,2,Heavy Tank,heavy_tank,CHINA,R,4,33,100.0,48.780322580645155,␗IS-2 (1944) cn_is_2_1944 Heavy Tank,https://thunderskill.com/vehimgs/cn_is_2_1944.png,2026-10-07T10:00:18.855457+00:00
2026-10-07,2382,it_c1_ariete_preserie,Ariete (P),https://thunderskill.com/en/vehicle/it_c1_ariete_preserie,Ground forces,2,Medium Tank,medium_tank,ITALY,R,7,33,0.0,47.32903225806453,Ariete (P) it_c1_ariete_preserie Medium Tank,https://thunderskill.com/vehimgs/it_c1_ariete_preserie.png,2026-10-07T10:00:18.855457+00:00
2026-10-07,1211,us_m60,M60,https://thunderskill.com/en/vehicle/us_m60,Ground forces,2,Medium Tank,medium_tank,USA,R,5,33,5.555,41.32880000000001,M60 us_m60 Medium Tank,https://thunderskill.com/vehimgs/us_m60.png,2026-10-07T10:00:18.855457+00:00
2026-10-07,2841,cn_wma_301,WMA301,https://thunderskill.com/en/vehicle/cn_wma_301,Ground forces,2,Light Tank,light_tank,CHINA,R,6,33,50.0,40.80428571428571,WMA301 cn_wma_301 Light Tank,https://thunderskill.com/vehimgs/cn_wma_301.png,2026-10-07T10:00:18.855457+00:00
2026-10-07,3379,il_sholef,Sholef,https://thunderskill.com/en/vehicle/il_sholef,Ground forces,2,Tank Destroyer,tank_destroyer,ISRAEL,R,4,32,0.0,52.16516129032258,Sholef il_sholef Tank Destroyer,,2026-10-07T10:00:18.855457+00:00
2026-10-07,2405,ussr_9p149,Shturm-S,https://thunderskill.com/en/vehicle/ussr_9p149,Ground forces,2,Missile Tank,tank_destroyer,USSR,R,6,32,66.66666666666667,50.20290322580643,Shturm-S ussr_9p149 Missile Tank,https://thunderskill.com/vehimgs/ussr_9p149.png,2026-10-07T10:00:18.855457+00:00
2026-10-07,3570,fr_samp_t_fcs,FSAF SAMP/T (Mamba) (СОЦ),https://thunderskill.com/en/vehicle/fr_samp_t_fcs,Ground forces,2,other,other,FRANCE,R,8,32,92.85714285714286,45.45789473684212,FSAF SAMP/T (Mamba) (СОЦ) fr_samp_t_fcs other,,2026-10-07T10:00:18.855457+00:00
2026-10-07,3355,uk_desert_warrior,Desert Warrior,https://thunderskill.com/en/vehicle/uk_desert_warrior,Ground forces,2,Light Tank,light_tank,BRITAIN,R,7,32,100.0,36.63380952380952,Desert Warrior uk_desert_warrior Light Tank,https://thunderskill.com/vehimgs/uk_desert_warrior.png,2026-10-07T10:00:18.855457+00:00
2026-10-07,2999,il_centurion_shot_kal_gimel,Sho't Kal Gimel,https://thunderskill.com/en/vehicle/il_centurion_shot_kal_gimel,Ground forces,2,Medium Tank,medium_tank,ISRAEL,R,6,32,0.0,33.55299999999999,Sho't Kal Gimel il_centurion_shot_kal_gimel Medium Tank,https://thunderskill.com/vehimgs/il_centurion_shot_kal_gimel.png,2026-10-07T10:00:18.855457+00:00
2026-10-07,1657,germ_pzkpfw_III_ausf_E,Pz.III E,https://thunderskill.com/en/vehicle/germ_pzkpfw_III_ausf_E,Ground forces,2,Medium Tank,medium_tank,GERMANY,R,1,31,0.0,59.63888888888887,Pz.III E germ_pzkpfw_III_ausf_E Medium Tank,https://thunderskill.com/vehimgs/germ_pzkpfw_iii_ausf_e.png,2026-10-07T10:00:18.855457+00:00
2026-10-07,1844,germ_raketenjagdpanzer_2_hot,RakJPz 2 (HOT),https://thunderskill.com/en/vehicle/germ_raketenjagdpanzer_2_hot,Ground forces,2,Missile Tank,tank_destroyer,GERMANY,R,6,31,50.0,48.90833333333333,RakJPz 2 (HOT) germ_raketenjagdpanzer_2_hot Missile Tank,https://thunderskill.com/vehimgs/germ_raketenjagdpanzer_2_hot.png,2026-10-07T10:00:18.855457+00:00
2026-10-07,3250,it_btr_80a_hungary,◔BTR-80A,https://thunderskill.com/en/vehicle/it_btr_80a_hungary,Ground forces,2,Light Tank,light_tank,ITALY,R,5,31,80.76923076923077,36.16612903225807,◔BTR-80A it_btr_80a_hungary Light Tank,https://thunderskill.com/vehimgs/it_btr_80a_hungary.png,2026-10-07T10:00:18.855457+00:00
2026-10-07,3138,us_m728,M728 CEV,https://thunderskill.com/en/vehicle/us_m728,Ground forces,2,Medium Tank,medium_tank,USA,R,5,30,88.0,83.23923076923082,M728 CEV us_m728 Medium Tank,https://thunderskill.com/vehimgs/us_m728.png,2026-10-07T10:00:18.855457+00:00
2026-10-07,2829,us_m6a2e1,M6A2E1,https://thunderskill.com/en/vehicle/us_m6a2e1,Ground forces,2,Heavy Tank,heavy_tank,USA,R,4,30,100.0,71.72653846153847,M6A2E1 us_m6a2e1 Heavy Tank,https://thunderskill.com/vehimgs/us_m6a2e1.png,2026-10-07T10:00:18.855457+00:00
2026-10-07,3228,it_40m_turan_1,Turan I,https://thunderskill.com/en/vehicle/it_40m_turan_1,Ground forces,2,Medium Tank,medium_tank,ITALY,R,2,30,39.473684210526315,67.32709677419354,Turan I it_40m_turan_1 Medium Tank,https://thunderskill.com/vehimgs/it_40m_turan_1.png,2026-10-07T10:00:18.855457+00:00
2026-10-07,3063,sw_pbv_302_bill,Pbv 302 (BILL),https://thunderskill.com/en/vehicle/sw_pbv_302_bill,Ground forces,2,Missile Tank,tank_destroyer,SWEDEN,R,6,30,50.0,55.55999999999999,Pbv 302 (BILL) sw_pbv_302_bill Missile Tank,https://thunderskill.com/vehimgs/sw_pbv_302_bill.png,2026-10-07T10:00:18.855457+00:00
2026-10-07,1860,jp_type_98_ke_ni,Ke-Ni,https://thunderskill.com/en/vehicle/jp_type_98_ke_ni,Ground forces,2,Light Tank,light_tank,JAPAN,R,1,30,0.0,51.84999999999999,Ke-Ni jp_type_98_ke_ni Light Tank,https://thunderskill.com/vehimgs/jp_type_98_ke_ni.png,2026-10-07T10:00:18.855457+00:00
2026-10-07,1802,germ_pzkpfw_III_ausf_B,Pz.III B,https://thunderskill.com/en/vehicle/germ_pzkpfw_III_ausf_B,Ground forces,2,Medium Tank,medium_tank,GERMANY,R,1,30,90.0,44.6792,Pz.III B germ_pzkpfw_III_ausf_B Medium Tank,https://thunderskill.com/vehimgs/germ_pzkpfw_iii_ausf_b.png,2026-10-07T10:00:18.855457+00:00
2026-10-07,2787,uk_centurion_mk_5_raac,Centurion Mk.5/1,https://thunderskill.com/en/vehicle/uk_centurion_mk_5_raac,Ground forces,2,Medium Tank,medium_tank,BRITAIN,R,5,29,0.0,71.44959999999999,Centurion Mk.5/1 uk_centurion_mk_5_raac Medium Tank,https://thunderskill.com/vehimgs/uk_centurion_mk_5_raac.png,2026-10-07T10:00:18.855457+00:00
2026-10-07,2176,it_m26_ariete,"M26 ""D.C.Ariete""",https://thunderskill.com/en/vehicle/it_m26_ariete,Ground forces,2,Medium Tank,medium_tank,ITALY,R,4,29,0.0,70.98166666666664,"M26 ""D.C.Ariete"" it_m26_ariete Medium Tank",https://thunderskill.com/vehimgs/it_m26_ariete.png,2026-10-07T10:00:18.855457+00:00
2026-10-07,1784,uk_a_34_comet_iron_duke,"Comet I ""Iron Duke IV""",https://thunderskill.com/en/vehicle/uk_a_34_comet_iron_duke,Ground forces,2,Medium Tank,medium_tank,BRITAIN,R,3,29,50.0,64.77640000000002,"Comet I ""Iron Duke IV"" uk_a_34_comet_iron_duke Medium Tank",https://thunderskill.com/vehimgs/uk_a_34_comet_iron_duke.png,2026-10-07T10:00:18.855457+00:00
2026-10-07,2608,it_centauro_mgs_120,Centauro I 120,https://thunderskill.com/en/vehicle/it_centauro_mgs_120,Ground forces,2,Light Tank,light_tank,ITALY,R,7,29,50.0,60.05033333333335,Centauro I 120 it_centauro_mgs_120 Light Tank,https://thunderskill.com/vehimgs/it_centauro_mgs_120.png,2026-10-07T10:00:18.855457+00:00
2026-10-07,1424,germ_pzkpfw_IV_ausf_C,Pz.IV C,https://thunderskill.com/en/vehicle/germ_pzkpfw_IV_ausf_C,Ground forces,2,Medium Tank,medium_tank,GERMANY,R,1,29,0.0,49.02894736842107,Pz.IV C germ_pzkpfw_IV_ausf_C Medium Tank,https://thunderskill.com/vehimgs/germ_pzkpfw_iv_ausf_c.png,2026-10-07T10:00:18.855457+00:00
2026-10-07,3464,uk_m44,M44,https://thunderskill.com/en/vehicle/uk_m44,Ground forces,2,Tank Destroyer,tank_destroyer,BRITAIN,R,3,28,50.0,55.729599999999984,M44 uk_m44 Tank Destroyer,,2026-10-07T10:00:18.855457+00:00
2026-10-07,2783,germ_th_800_bismark,Class 3 (P),https://thunderskill.com/en/vehicle/germ_th_800_bismark,Ground forces,2,Light Tank,light_tank,GERMANY,R,6,27,52.38142857142857,70.9385,Class 3 (P) germ_th_800_bismark Light Tank,https://thunderskill.com/vehimgs/germ_th_800_bismark.png,2026-10-07T10:00:18.855457+00:00
2026-10-07,2407,it_c1_ariete,Ariete,https://thunderskill.com/en/vehicle/it_c1_ariete,Ground forces,2,Medium Tank,medium_tank,ITALY,R,7,27,100.0,66.18272727272726,Ariete it_c1_ariete Medium Tank,https://thunderskill.com/vehimgs/it_c1_ariete.png,2026-10-07T10:00:18.855457+00:00
2026-10-07,2694,jp_type_1_chi_he_5th_regiment,Chi-He (5th Regiment),https://thunderskill.com/en/vehicle/jp_type_1_chi_he_5th_regiment,Ground forces,2,Medium Tank,medium_tank,JAPAN,R,2,27,0.0,56.479259259259244,Chi-He (5th Regiment) jp_type_1_chi_he_5th_regiment Medium Tank,https://thunderskill.com/vehimgs/jp_type_1_chi_he_5th_regiment.png,2026-10-07T10:00:18.855457+00:00
2026-10-07,3115,germ_sturmmorser_sturmtiger,38 cm Sturmmörser,https://thunderskill.com/en/vehicle/germ_sturmmorser_sturmtiger,Ground forces,2,Tank Destroyer,tank_destroyer,GERMANY,R,4,27,50.0,50.38629629629632,38 cm Sturmmörser germ_sturmmorser_sturmtiger Tank Destroyer,https://thunderskill.com/vehimgs/germ_sturmmorser_sturmtiger.png,2026-10-07T10:00:18.855457+00:00
2026-10-07,3604,us_lvt_a1_m24,LVT(A)(1) (M24),https://thunderskill.com/en/vehicle/us_lvt_a1_m24,Ground forces,2,other,other,USA,R,2,27,29.62962962962963,49.676296296296286,LVT(A)(1) (M24) us_lvt_a1_m24 other,,2026-10-07T10:00:18.855457+00:00
2026-10-07,2980,il_m163_vulcan,Hovet,https://thunderskill.com/en/vehicle/il_m163_vulcan,Ground forces,2,SPAA,spaa,ISRAEL,R,5,27,41.665,46.22818181818181,Hovet il_m163_vulcan SPAA,https://thunderskill.com/vehimgs/il_m163_vulcan.png,2026-10-07T10:00:18.855457+00:00
2026-10-07,1867,jp_type_95_ha_go_commander,Ha-Go Commander,https://thunderskill.com/en/vehicle/jp_type_95_ha_go_commander,Ground forces,2,Light Tank,light_tank,JAPAN,R,1,27,0.0,45.22000000000002,Ha-Go Commander jp_type_95_ha_go_commander Light Tank,https://thunderskill.com/vehimgs/jp_type_95_ha_go_commander.png,2026-10-07T10:00:18.855457+00:00
2026-10-07,2618,sw_ikv_103,Ikv 103,https://thunderskill.com/en/vehicle/sw_ikv_103,Ground forces,2,Tank Destroyer,tank_destroyer,SWEDEN,R,3,27,50.0,31.660333333333327,Ikv 103 sw_ikv_103 Tank Destroyer,https://thunderskill.com/vehimgs/sw_ikv_103.png,2026-10-07T10:00:18.855457+00:00
2026-10-07,1858,jp_type_4_ho_ro,Ho-Ro,https://thunderskill.com/en/vehicle/jp_type_4_ho_ro,Ground forces,2,Tank Destroyer,tank_destroyer,JAPAN,R,1,27,33.32999999999999,29.295,Ho-Ro jp_type_4_ho_ro Tank Destroyer,https://thunderskill.com/vehimgs/jp_type_4_ho_ro.png,2026-10-07T10:00:18.855457+00:00
2026-10-07,1854,jp_type_89b_i_go_otsu,I-Go Ko,https://thunderskill.com/en/vehicle/jp_type_89b_i_go_otsu,Ground forces,2,Light Tank,light_tank,JAPAN,R,1,27,0.0,0.5307407407407407,I-Go Ko jp_type_89b_i_go_otsu Light Tank,https://thunderskill.com/vehimgs/jp_type_89b_i_go_otsu.png,2026-10-07T10:00:18.855457+00:00
2026-10-07,3713,uk_m1a1_aim_abrams,M1A1,https://thunderskill.com/en/vehicle/uk_m1a1_aim_abrams,Ground forces,2,other,other,BRITAIN,R,7,26,100.0,98.15260869565216,M1A1 uk_m1a1_aim_abrams other,,2026-10-07T10:00:18.855457+00:00
2026-10-07,3539,uk_crusader_aa_mk_2_kit_3rank,Crusader AA (Overlord),https://thunderskill.com/en/vehicle/uk_crusader_aa_mk_2_kit_3rank,Ground forces,2,SPAA,spaa,BRITAIN,R,3,26,50.0,89.04434782608693,Crusader AA (Overlord) uk_crusader_aa_mk_2_kit_3rank SPAA,,2026-10-07T10:00:18.855457+00:00
2026-10-07,2808,it_pzkpfw_III_ausf_N,Pz.III N,https://thunderskill.com/en/vehicle/it_pzkpfw_III_ausf_N,Ground forces,2,Medium Tank,medium_tank,ITALY,R,2,26,0.0,66.71,Pz.III N it_pzkpfw_III_ausf_N Medium Tank,https://thunderskill.com/vehimgs/it_pzkpfw_iii_ausf_n.png,2026-10-07T10:00:18.855457+00:00
2026-10-07,1986,uk_daimler_mk_2,Daimler Mk II,https://thunderskill.com/en/vehicle/uk_daimler_mk_2,Ground forces,2,Light Tank,light_tank,BRITAIN,R,1,26,0.0,62.02466666666668,Daimler Mk II uk_daimler_mk_2 Light Tank,https://thunderskill.com/vehimgs/uk_daimler_mk_2.png,2026-10-07T10:00:18.855457+00:00
2026-10-07,3306,il_m113a1_tow,Giraf,https://thunderskill.com/en/vehicle/il_m113a1_tow,Ground forces,2,Missile Tank,tank_destroyer,ISRAEL,R,6,26,100.0,56.20193548387095,Giraf il_m113a1_tow Missile Tank,https://thunderskill.com/vehimgs/il_m113a1_tow.png,2026-10-07T10:00:18.855457+00:00
2026-10-07,1929,ussr_bm_13n,BM-13N,https://thunderskill.com/en/vehicle/ussr_bm_13n,Ground forces,2,Tank Destroyer,tank_destroyer,USSR,R,2,26,22.22222222222222,54.86611111111109,BM-13N ussr_bm_13n Tank Destroyer,https://thunderskill.com/vehimgs/ussr_bm_13n.png,2026-10-07T10:00:18.855457+00:00
2026-10-07,1224,uk_fv4004_conway,Conway,https://thunderskill.com/en/vehicle/uk_fv4004_conway,Ground forces,2,Tank Destroyer,tank_destroyer,BRITAIN,R,4,26,28.26086956521739,46.249230769230785,Conway uk_fv4004_conway Tank Destroyer,https://thunderskill.com/vehimgs/uk_fv4004_conway.png,2026-10-07T10:00:18.855457+00:00
2026-10-07,1227,germ_panzerjager_nashorn,Nashorn,https://thunderskill.com/en/vehicle/germ_panzerjager_nashorn,Ground forces,2,Tank Destroyer,tank_destroyer,GERMANY,R,3,26,0.0,43.14677419354839,Nashorn germ_panzerjager_nashorn Tank Destroyer,https://thunderskill.com/vehimgs/germ_panzerjager_nashorn.png,2026-10-07T10:00:18.855457+00:00
2026-10-07,2409,fr_amx_30_roland,Roland 1,https://thunderskill.com/en/vehicle/fr_amx_30_roland,Ground forces,2,SPAA,spaa,FRANCE,R,7,26,0.0,42.99645161290322,Roland 1 fr_amx_30_roland SPAA,https://thunderskill.com/vehimgs/fr_amx_30_roland.png,2026-10-07T10:00:18.855457+00:00
2026-10-07,1400,us_halftrack_m15,M15 CGMC,https://thunderskill.com/en/vehicle/us_halftrack_m15,Ground forces,2,SPAA,spaa,USA,R,1,26,0.0,38.5111111111111,M15 CGMC us_halftrack_m15 SPAA,https://thunderskill.com/vehimgs/us_halftrack_m15.png,2026-10-07T10:00:18.855457+00:00
2026-10-07,2082,fr_arl_44_acl1,ARL-44 (ACL-1),https://thunderskill.com/en/vehicle/fr_arl_44_acl1,Ground forces,2,Heavy Tank,heavy_tank,FRANCE,R,3,26,100.0,31.22000000000001,ARL-44 (ACL-1) fr_arl_44_acl1 Heavy Tank,https://thunderskill.com/vehimgs/fr_arl_44_acl1.png,2026-10-07T10:00:18.855457+00:00
2026-10-07,1650,ussr_su_76m_1943,SU-76M,https://thunderskill.com/en/vehicle/ussr_su_76m_1943,Ground forces,2,Tank Destroyer,tank_destroyer,USSR,R,1,26,0.0,29.282727272727286,SU-76M ussr_su_76m_1943 Tank Destroyer,https://thunderskill.com/vehimgs/ussr_su_76m_1943.png,2026-10-07T10:00:18.855457+00:00
2026-10-07,2955,cn_type_64,M64,https://thunderskill.com/en/vehicle/cn_type_64,Ground forces,2,Light Tank,light_tank,CHINA,R,4,26,23.68421052631579,27.355925925925934,M64 cn_type_64 Light Tank,https://thunderskill.com/vehimgs/cn_type_64.png,2026-10-07T10:00:18.855457+00:00
2026-10-07,2401,jp_type_16,Type 16,https://thunderskill.com/en/vehicle/jp_type_16,Ground forces,2,Light Tank,light_tank,JAPAN,R,7,26,77.38142857142859,20.355769230769234,Type 16 jp_type_16 Light Tank,https://thunderskill.com/vehimgs/jp_type_16.png,2026-10-07T10:00:18.855457+00:00
2026-10-07,1665,us_m2_medium,M2,https://thunderskill.com/en/vehicle/us_m2_medium,Ground forces,2,Medium Tank,medium_tank,USA,R,1,26,0.0,17.341333333333335,M2 us_m2_medium Medium Tank,https://thunderskill.com/vehimgs/us_m2_medium.png,2026-10-07T10:00:18.855457+00:00
2026-10-07,1800,ussr_kv_2_zis_6,KV-2 (ZiS-6),https://thunderskill.com/en/vehicle/ussr_kv_2_zis_6,Ground forces,2,Heavy Tank,heavy_tank,USSR,R,3,25,0.0,77.72640000000003,KV-2 (ZiS-6) ussr_kv_2_zis_6 Heavy Tank,https://thunderskill.com/vehimgs/ussr_kv_2_zis_6.png,2026-10-07T10:00:18.855457+00:00
2026-10-07,1859,jp_type_97_chi_ha,Chi-Ha,https://thunderskill.com/en/vehicle/jp_type_97_chi_ha,Ground forces,2,Medium Tank,medium_tank,JAPAN,R,1,25,0.0,72.17333333333333,Chi-Ha jp_type_97_chi_ha Medium Tank,https://thunderskill.com/vehimgs/jp_type_97_chi_ha.png,2026-10-07T10:00:18.855457+00:00
2026-10-07,1217,uk_ac4_thunderbolt,A.C.IV,https://thunderskill.com/en/vehicle/uk_ac4_thunderbolt,Ground forces,2,Medium Tank,medium_tank,BRITAIN,R,3,25,0.0,71.58461538461539,A.C.IV uk_ac4_thunderbolt Medium Tank,https://thunderskill.com/vehimgs/uk_ac4_thunderbolt.png,2026-10-07T10:00:18.855457+00:00
2026-10-07,3491,germ_marder_clovis,CLOVIS,https://thunderskill.com/en/vehicle/germ_marder_clovis,Ground forces,2,Light Tank,light_tank,GERMANY,R,5,25,19.997999999999998,70.14066666666666,CLOVIS germ_marder_clovis Light Tank,,2026-10-07T10:00:18.855457+00:00
2026-10-07,2590,sw_ikv_72,Ikv 72,https://thunderskill.com/en/vehicle/sw_ikv_72,Ground forces,2,Tank Destroyer,tank_destroyer,SWEDEN,R,1,25,0.0,66.14538461538464,Ikv 72 sw_ikv_72 Tank Destroyer,https://thunderskill.com/vehimgs/sw_ikv_72.png,2026-10-07T10:00:18.855457+00:00
2026-10-07,1714,ussr_isu_152,ISU-152,https://thunderskill.com/en/vehicle/ussr_isu_152,Ground forces,2,Tank Destroyer,tank_destroyer,USSR,R,3,25,0.0,62.797586206896554,ISU-152 ussr_isu_152 Tank Destroyer,https://thunderskill.com/vehimgs/ussr_isu_152.png,2026-10-07T10:00:18.855457+00:00
2026-10-07,2449,cn_type_97_kai,␗Chi-Ha Kai,https://thunderskill.com/en/vehicle/cn_type_97_kai,Ground forces,2,Medium Tank,medium_tank,CHINA,R,2,25,0.0,49.67999999999999,␗Chi-Ha Kai cn_type_97_kai Medium Tank,https://thunderskill.com/vehimgs/cn_type_97_kai.png,2026-10-07T10:00:18.855457+00:00
2026-10-07,2593,sw_strv_m38,Strv m/38,https://thunderskill.com/en/vehicle/sw_strv_m38,Ground forces,2,Light Tank,light_tank,SWEDEN,R,1,25,50.0,32.515599999999985,Strv m/38 sw_strv_m38 Light Tank,https://thunderskill.com/vehimgs/sw_strv_m38.png,2026-10-07T10:00:18.855457+00:00
2026-10-07,1442,germ_sdkfz_6_2_flak36,Sd.Kfz. 6/2,https://thunderskill.com/en/vehicle/germ_sdkfz_6_2_flak36,Ground forces,2,SPAA,spaa,GERMANY,R,1,24,44.11764705882353,77.28411764705882,Sd.Kfz. 6/2 germ_sdkfz_6_2_flak36 SPAA,https://thunderskill.com/vehimgs/germ_sdkfz_6_2_flak36.png,2026-10-07T10:00:18.855457+00:00
2026-10-07,3159,uk_churchill_na75,Churchill NA75,https://thunderskill.com/en/vehicle/uk_churchill_na75,Ground forces,2,Heavy Tank,heavy_tank,BRITAIN,R,3,24,100.0,75.38571428571427,Churchill NA75 uk_churchill_na75 Heavy Tank,https://thunderskill.com/vehimgs/uk_churchill_na75.png,2026-10-07T10:00:18.855457+00:00
2026-10-07,1490,germ_stuh_III_ausf_G,StuH 42 G,https://thunderskill.com/en/vehicle/germ_stuh_III_ausf_G,Ground forces,2,Tank Destroyer,tank_destroyer,GERMANY,R,2,24,0.0,68.07290322580643,StuH 42 G germ_stuh_III_ausf_G Tank Destroyer,https://thunderskill.com/vehimgs/germ_stuh_iii_ausf_g.png,2026-10-07T10:00:18.855457+00:00
2026-10-07,3030,sw_pvkv_III,Pvkv III,https://thunderskill.com/en/vehicle/sw_pvkv_III,Ground forces,2,Tank Destroyer,tank_destroyer,SWEDEN,R,2,24,0.0,36.85999999999999,Pvkv III sw_pvkv_III Tank Destroyer,https://thunderskill.com/vehimgs/sw_pvkv_iii.png,2026-10-07T10:00:18.855457+00:00
2026-10-07,3398,jp_icv_prototype,CTWV RCV,https://thunderskill.com/en/vehicle/jp_icv_prototype,Ground forces,2,Light Tank,light_tank,JAPAN,R,7,24,50.0,35.949999999999996,CTWV RCV jp_icv_prototype Light Tank,,2026-10-07T10:00:18.855457+00:00
2026-10-07,2520,cn_m113a1_tow,␗M113A1 (TOW),https://thunderskill.com/en/vehicle/cn_m113a1_tow,Ground forces,2,Missile Tank,tank_destroyer,CHINA,R,5,24,0.0,21.472580645161305,␗M113A1 (TOW) cn_m113a1_tow Missile Tank,https://thunderskill.com/vehimgs/cn_m113a1_tow.png,2026-10-07T10:00:18.855457+00:00
2026-10-07,3037,il_tiran_4,Tiran 4,https://thunderskill.com/en/vehicle/il_tiran_4,Ground forces,2,Medium Tank,medium_tank,ISRAEL,R,5,23,100.0,68.18,Tiran 4 il_tiran_4 Medium Tank,https://thunderskill.com/vehimgs/il_tiran_4.png,2026-10-07T10:00:18.855457+00:00
2026-10-07,2012,us_m8_greyhound,M8 LAC,https://thunderskill.com/en/vehicle/us_m8_greyhound,Ground forces,2,Light Tank,light_tank,USA,R,1,23,0.0,65.68000000000005,M8 LAC us_m8_greyhound Light Tank,https://thunderskill.com/vehimgs/us_m8_greyhound.png,2026-10-07T10:00:18.855457+00:00
2026-10-07,2298,it_semovente_m43_105,105/25 M43,https://thunderskill.com/en/vehicle/it_semovente_m43_105,Ground forces,2,Tank Destroyer,tank_destroyer,ITALY,R,2,23,0.0,48.49045454545453,105/25 M43 it_semovente_m43_105 Tank Destroyer,https://thunderskill.com/vehimgs/it_semovente_m43_105.png,2026-10-07T10:00:18.855457+00:00
2026-10-07,1170,ussr_isu_122,ISU-122,https://thunderskill.com/en/vehicle/ussr_isu_122,Ground forces,2,Tank Destroyer,tank_destroyer,USSR,R,3,23,0.0,42.51555555555556,ISU-122 ussr_isu_122 Tank Destroyer,https://thunderskill.com/vehimgs/ussr_isu_122.png,2026-10-07T10:00:18.855457+00:00
2026-10-07,1415,ussr_gaz_mm_72k,GAZ-MM (72-K),https://thunderskill.com/en/vehicle/ussr_gaz_mm_72k,Ground forces,2,SPAA,spaa,USSR,R,2,23,0.0,38.637916666666676,GAZ-MM (72-K) ussr_gaz_mm_72k SPAA,https://thunderskill.com/vehimgs/ussr_gaz_mm_72k.png,2026-10-07T10:00:18.855457+00:00
2026-10-07,1705,ussr_t_126sp,T-126,https://thunderskill.com/en/vehicle/ussr_t_126sp,Ground forces,2,Light Tank,light_tank,USSR,R,2,22,0.0,91.525,T-126 ussr_t_126sp Light Tank,https://thunderskill.com/vehimgs/ussr_t_126sp.png,2026-10-07T10:00:18.855457+00:00
2026-10-07,2564,uk_ram_90mm_aa,QF 3.7 Ram,https://thunderskill.com/en/vehicle/uk_ram_90mm_aa,Ground forces,2,Tank Destroyer,tank_destroyer,BRITAIN,R,3,22,100.0,78.94476190476189,QF 3.7 Ram uk_ram_90mm_aa Tank Destroyer,https://thunderskill.com/vehimgs/uk_ram_90mm_aa.png,2026-10-07T10:00:20.344235+00:00
2026-10-07,2611,fr_m4a3_105_sherman,M4A3 (105),https://thunderskill.com/en/vehicle/fr_m4a3_105_sherman,Ground forces,2,Medium Tank,medium_tank,FRANCE,R,2,22,0.0,76.71000000000002,M4A3 (105) fr_m4a3_105_sherman Medium Tank,https://thunderskill.com/vehimgs/fr_m4a3_105_sherman.png,2026-10-07T10:00:20.344235+00:00
2026-10-07,3411,fr_leopard_2a5nl,Leopard 2A5NL,https://thunderskill.com/en/vehicle/fr_leopard_2a5nl,Ground forces,2,Medium Tank,medium_tank,FRANCE,R,8,22,100.0,72.58260869565216,Leopard 2A5NL fr_leopard_2a5nl Medium Tank,,2026-10-07T10:00:20.344235+00:00
2026-10-07,2725,sw_strv_81_rb52,Strv 81 (RB 52),https://thunderskill.com/en/vehicle/sw_strv_81_rb52,Ground forces,2,Medium Tank,medium_tank,SWEDEN,R,5,22,0.0,71.6295238095238,Strv 81 (RB 52) sw_strv_81_rb52 Medium Tank,https://thunderskill.com/vehimgs/sw_strv_81_rb52.png,2026-10-07T10:00:20.344235+00:00
2026-10-07,2699,germ_leopard_c2_mexas,C2A1,https://thunderskill.com/en/vehicle/germ_leopard_c2_mexas,Ground forces,2,Medium Tank,medium_tank,GERMANY,R,6,22,54.168000000000006,65.66499999999999,C2A1 germ_leopard_c2_mexas Medium Tank,https://thunderskill.com/vehimgs/germ_leopard_c2_mexas.png,2026-10-07T10:00:20.344235+00:00
2026-10-07,1511,germ_pzkpfw_35t,Pz.35(t),https://thunderskill.com/en/vehicle/germ_pzkpfw_35t,Ground forces,2,Light Tank,light_tank,GERMANY,R,1,22,100.0,60.20119999999997,Pz.35(t) germ_pzkpfw_35t Light Tank,https://thunderskill.com/vehimgs/germ_pzkpfw_35t.png,2026-10-07T10:00:20.344235+00:00
2026-10-07,1868,jp_type_97_kai,Chi-Ha Kai,https://thunderskill.com/en/vehicle/jp_type_97_kai,Ground forces,2,Medium Tank,medium_tank,JAPAN,R,2,22,0.0,60.05916666666667,Chi-Ha Kai jp_type_97_kai Medium Tank,https://thunderskill.com/vehimgs/jp_type_97_kai.png,2026-10-07T10:00:20.344235+00:00
2026-10-07,3469,uk_9a35_m,Стрела-10М,https://thunderskill.com/en/vehicle/uk_9a35_m,Ground forces,2,SPAA,spaa,BRITAIN,R,7,22,0.0,47.775000000000006,Стрела-10М uk_9a35_m SPAA,,2026-10-07T10:00:20.344235+00:00
2026-10-07,1815,germ_raketenjagdpanzer_2,RakJPz 2,https://thunderskill.com/en/vehicle/germ_raketenjagdpanzer_2,Ground forces,2,Missile Tank,tank_destroyer,GERMANY,R,5,22,50.0,47.19190476190476,RakJPz 2 germ_raketenjagdpanzer_2 Missile Tank,https://thunderskill.com/vehimgs/germ_raketenjagdpanzer_2.png,2026-10-07T10:00:20.344235+00:00
2026-10-07,2902,cn_ztl_11,ZLT11,https://thunderskill.com/en/vehicle/cn_ztl_11,Ground forces,2,Light Tank,light_tank,CHINA,R,7,22,100.0,37.49285714285715,ZLT11 cn_ztl_11 Light Tank,https://thunderskill.com/vehimgs/cn_ztl_11.png,2026-10-07T10:00:20.344235+00:00
2026-10-07,1914,jp_type_95_heavy,Ro-Go,https://thunderskill.com/en/vehicle/jp_type_95_heavy,Ground forces,2,Heavy Tank,heavy_tank,JAPAN,R,1,21,0.0,79.86954545454545,Ro-Go jp_type_95_heavy Heavy Tank,https://thunderskill.com/vehimgs/jp_type_95_heavy.png,2026-10-07T10:00:20.344235+00:00
2026-10-07,3341,cn_plz_83_130,PLZ83-130,https://thunderskill.com/en/vehicle/cn_plz_83_130,Ground forces,2,Tank Destroyer,tank_destroyer,CHINA,R,5,21,0.0,69.41142857142856,PLZ83-130 cn_plz_83_130 Tank Destroyer,https://thunderskill.com/vehimgs/cn_plz_83_130.png,2026-10-07T10:00:20.344235+00:00
2026-10-07,1556,uk_t17e2,Staghound AA,https://thunderskill.com/en/vehicle/uk_t17e2,Ground forces,2,SPAA,spaa,BRITAIN,R,1,21,100.0,43.09428571428572,Staghound AA uk_t17e2 SPAA,https://thunderskill.com/vehimgs/uk_t17e2.png,2026-10-07T10:00:20.344235+00:00
2026-10-07,2503,cn_su_100_1945,␗SU-100,https://thunderskill.com/en/vehicle/cn_su_100_1945,Ground forces,2,Tank Destroyer,tank_destroyer,CHINA,R,4,21,0.0,40.832962962962945,␗SU-100 cn_su_100_1945 Tank Destroyer,https://thunderskill.com/vehimgs/cn_su_100_1945.png,2026-10-07T10:00:20.344235+00:00
2026-10-07,1991,ussr_btr_152a,BTR-152A,https://thunderskill.com/en/vehicle/ussr_btr_152a,Ground forces,2,SPAA,spaa,USSR,R,2,21,0.0,30.85120000000001,BTR-152A ussr_btr_152a SPAA,https://thunderskill.com/vehimgs/ussr_btr_152a.png,2026-10-07T10:00:20.344235+00:00
2026-10-07,3096,sw_t_28,T-28,https://thunderskill.com/en/vehicle/sw_t_28,Ground forces,2,Medium Tank,medium_tank,SWEDEN,R,1,20,50.0,84.76,T-28 sw_t_28 Medium Tank,https://thunderskill.com/vehimgs/sw_t_28.png,2026-10-07T10:00:20.344235+00:00
2026-10-07,1175,ussr_su_122P,SU-122P,https://thunderskill.com/en/vehicle/ussr_su_122P,Ground forces,2,Tank Destroyer,tank_destroyer,USSR,R,4,20,0.0,84.23049999999998,SU-122P ussr_su_122P Tank Destroyer,https://thunderskill.com/vehimgs/ussr_su_122p.png,2026-10-07T10:00:20.344235+00:00
2026-10-07,1527,uk_a_13_mk2_1939,A13 Mk II 1939,https://thunderskill.com/en/vehicle/uk_a_13_mk2_1939,Ground forces,2,Light Tank,light_tank,BRITAIN,R,1,20,0.0,81.52,A13 Mk II 1939 uk_a_13_mk2_1939 Light Tank,https://thunderskill.com/vehimgs/uk_a_13_mk2_1939.png,2026-10-07T10:00:20.344235+00:00
2026-10-07,1214,germ_pzkpfw_38t_ausf_A,Pz.38(t) A,https://thunderskill.com/en/vehicle/germ_pzkpfw_38t_ausf_A,Ground forces,2,Light Tank,light_tank,GERMANY,R,1,20,47.05882352941177,76.18935483870963,Pz.38(t) A germ_pzkpfw_38t_ausf_A Light Tank,https://thunderskill.com/vehimgs/germ_pzkpfw_38t_ausf_a.png,2026-10-07T10:00:20.344235+00:00
2026-10-07,1817,germ_pzsflk40_sturer_emil,Sturer Emil,https://thunderskill.com/en/vehicle/germ_pzsflk40_sturer_emil,Ground forces,2,Tank Destroyer,tank_destroyer,GERMANY,R,3,20,0.0,54.296129032258044,Sturer Emil germ_pzsflk40_sturer_emil Tank Destroyer,https://thunderskill.com/vehimgs/germ_pzsflk40_sturer_emil.png,2026-10-07T10:00:20.344235+00:00
2026-10-07,3105,il_tcm_20,TCM-20,https://thunderskill.com/en/vehicle/il_tcm_20,Ground forces,2,SPAA,spaa,ISRAEL,R,4,20,0.0,39.1665,TCM-20 il_tcm_20 SPAA,https://thunderskill.com/vehimgs/il_tcm_20.png,2026-10-07T10:00:20.344235+00:00
2026-10-07,2175,it_p_26_40,"P40 ""G.C. Leoncello""",https://thunderskill.com/en/vehicle/it_p_26_40,Ground forces,2,Medium Tank,medium_tank,ITALY,R,2,19,100.0,90.82032258064511,"P40 ""G.C. Leoncello"" it_p_26_40 Medium Tank",https://thunderskill.com/vehimgs/it_p_26_40.png,2026-10-07T10:00:20.344235+00:00
2026-10-07,1574,germ_flakpanzer_I_ausf_A,Flakpanzer I,https://thunderskill.com/en/vehicle/germ_flakpanzer_I_ausf_A,Ground forces,2,SPAA,spaa,GERMANY,R,1,19,0.0,73.05375000000001,Flakpanzer I germ_flakpanzer_I_ausf_A SPAA,https://thunderskill.com/vehimgs/germ_flakpanzer_i_ausf_a.png,2026-10-07T10:00:20.344235+00:00
2026-10-07,2949,us_ags_teledyne,AGS,https://thunderskill.com/en/vehicle/us_ags_teledyne,Ground forces,2,Light Tank,light_tank,USA,R,7,19,50.0,62.597692307692306,AGS us_ags_teledyne Light Tank,https://thunderskill.com/vehimgs/us_ags_teledyne.png,2026-10-07T10:00:20.344235+00:00
2026-10-07,2667,uk_m3a1_stuart,Stuart III,https://thunderskill.com/en/vehicle/uk_m3a1_stuart,Ground forces,2,Light Tank,light_tank,BRITAIN,R,1,19,0.0,49.40999999999998,Stuart III uk_m3a1_stuart Light Tank,https://thunderskill.com/vehimgs/uk_m3a1_stuart.png,2026-10-07T10:00:20.344235+00:00
2026-10-07,3319,fr_amx_vtt_dca,VTT DCA,https://thunderskill.com/en/vehicle/fr_amx_vtt_dca,Ground forces,2,SPAA,spaa,FRANCE,R,2,19,100.0,38.15238095238096,VTT DCA fr_amx_vtt_dca SPAA,https://thunderskill.com/vehimgs/fr_amx_vtt_dca.png,2026-10-07T10:00:20.344235+00:00
2026-10-07,2148,uk_centurion_mk_5_avre_era,Centurion Mk.5 AVRE,https://thunderskill.com/en/vehicle/uk_centurion_mk_5_avre_era,Ground forces,2,Medium Tank,medium_tank,BRITAIN,R,5,19,0.0,33.04,Centurion Mk.5 AVRE uk_centurion_mk_5_avre_era Medium Tank,https://thunderskill.com/vehimgs/uk_centurion_mk_5_avre_era.png,2026-10-07T10:00:20.344235+00:00
2026-10-07,3298,il_m109a1,Rochev,https://thunderskill.com/en/vehicle/il_m109a1,Ground forces,2,Tank Destroyer,tank_destroyer,ISRAEL,R,4,19,0.0,26.807222222222215,Rochev il_m109a1 Tank Destroyer,https://thunderskill.com/vehimgs/il_m109a1.png,2026-10-07T10:00:20.344235+00:00
2026-10-07,3078,it_as_42_47,AS 42/47,https://thunderskill.com/en/vehicle/it_as_42_47,Ground forces,2,Light Tank,light_tank,ITALY,R,1,18,0.0,88.27999999999999,AS 42/47 it_as_42_47 Light Tank,https://thunderskill.com/vehimgs/it_as_42_47.png,2026-10-07T10:00:20.344235+00:00
2026-10-07,1834,germ_sdkfz_9_flak37,"8,8 cm Flak 37 Sfl.",https://thunderskill.com/en/vehicle/germ_sdkfz_9_flak37,Ground forces,2,Tank Destroyer,tank_destroyer,GERMANY,R,3,18,0.0,61.35799999999998,"8,8 cm Flak 37 Sfl. germ_sdkfz_9_flak37 Tank Destroyer",https://thunderskill.com/vehimgs/germ_sdkfz_9_flak37.png,2026-10-07T10:00:20.344235+00:00
2026-10-07,3558,it_m55,M55,https://thunderskill.com/en/vehicle/it_m55,Ground forces,2,other,other,ITALY,R,3,18,0.0,40.20714285714286,M55 it_m55 other,,2026-10-07T10:00:20.344235+00:00
2026-10-07,2822,uk_eland_90_mk_7,Eland 90 Mk.7,https://thunderskill.com/en/vehicle/uk_eland_90_mk_7,Ground forces,2,Light Tank,light_tank,BRITAIN,R,4,18,50.0,37.70275862068965,Eland 90 Mk.7 uk_eland_90_mk_7 Light Tank,https://thunderskill.com/vehimgs/uk_eland_90_mk_7.png,2026-10-07T10:00:20.344235+00:00
2026-10-07,1785,ussr_rbt_5,RBT-5,https://thunderskill.com/en/vehicle/ussr_rbt_5,Ground forces,2,Light Tank,light_tank,USSR,R,1,18,93.75,28.311500000000013,RBT-5 ussr_rbt_5 Light Tank,https://thunderskill.com/vehimgs/ussr_rbt_5.png,2026-10-07T10:00:20.344235+00:00
2026-10-07,2696,sw_ikv_73,Ikv 73,https://thunderskill.com/en/vehicle/sw_ikv_73,Ground forces,2,Medium Tank,medium_tank,SWEDEN,R,2,17,50.0,78.0731818181818,Ikv 73 sw_ikv_73 Medium Tank,https://thunderskill.com/vehimgs/sw_ikv_73.png,2026-10-07T10:00:20.344235+00:00
2026-10-07,3066,il_magach_3_idf,Magach 3,https://thunderskill.com/en/vehicle/il_magach_3_idf,Ground forces,2,Medium Tank,medium_tank,ISRAEL,R,5,17,0.0,69.12411764705882,Magach 3 il_magach_3_idf Medium Tank,https://thunderskill.com/vehimgs/il_magach_3_idf.png,2026-10-07T10:00:20.344235+00:00
2026-10-07,2632,sw_strv_103c,Strv 103С,https://thunderskill.com/en/vehicle/sw_strv_103c,Ground forces,2,Medium Tank,medium_tank,SWEDEN,R,6,17,0.0,44.714193548387094,Strv 103С sw_strv_103c Medium Tank,https://thunderskill.com/vehimgs/sw_strv_103c.png,2026-10-07T10:00:20.344235+00:00
2026-10-07,3017,uk_g6_spg,G6,https://thunderskill.com/en/vehicle/uk_g6_spg,Ground forces,2,Tank Destroyer,tank_destroyer,BRITAIN,R,4,17,0.0,38.77032258064518,G6 uk_g6_spg Tank Destroyer,https://thunderskill.com/vehimgs/uk_g6_spg.png,2026-10-07T10:00:20.344235+00:00
2026-10-07,3251,il_mim_72_chaparral,Imp.Chaparral,https://thunderskill.com/en/vehicle/il_mim_72_chaparral,Ground forces,2,SPAA,spaa,ISRAEL,R,7,17,0.0,37.61709677419356,Imp.Chaparral il_mim_72_chaparral SPAA,https://thunderskill.com/vehimgs/il_mim_72_chaparral.png,2026-10-07T10:00:20.344235+00:00
2026-10-07,1534,uk_a_13_mk2,A13 Mk II,https://thunderskill.com/en/vehicle/uk_a_13_mk2,Ground forces,2,Light Tank,light_tank,BRITAIN,R,1,16,0.0,62.143076923076926,A13 Mk II uk_a_13_mk2 Light Tank,https://thunderskill.com/vehimgs/uk_a_13_mk2.png,2026-10-07T10:00:20.344235+00:00
2026-10-07,1429,germ_pzkpfw_II_ausf_C,Pz.II C,https://thunderskill.com/en/vehicle/germ_pzkpfw_II_ausf_C,Ground forces,2,Light Tank,light_tank,GERMANY,R,1,16,100.0,56.79642857142859,Pz.II C germ_pzkpfw_II_ausf_C Light Tank,https://thunderskill.com/vehimgs/germ_pzkpfw_ii_ausf_c.png,2026-10-07T10:00:20.344235+00:00
2026-10-07,3400,uk_stormer_air_defence,Stormer AD,https://thunderskill.com/en/vehicle/uk_stormer_air_defence,Ground forces,2,SPAA,spaa,BRITAIN,R,7,16,0.0,52.982580645161306,Stormer AD uk_stormer_air_defence SPAA,,2026-10-07T10:00:20.344235+00:00
2026-10-07,2547,us_merkava_mk_2b_late,Merkava Mk.2B,https://thunderskill.com/en/vehicle/us_merkava_mk_2b_late,Ground forces,2,Medium Tank,medium_tank,USA,R,6,16,0.0,45.65062499999999,Merkava Mk.2B us_merkava_mk_2b_late Medium Tank,https://thunderskill.com/vehimgs/us_merkava_mk_2b_late.png,2026-10-07T10:00:20.344235+00:00
2026-10-07,1744,ussr_t_80,T-80,https://thunderskill.com/en/vehicle/ussr_t_80,Ground forces,2,Light Tank,light_tank,USSR,R,2,16,0.0,41.29923076923077,T-80 ussr_t_80 Light Tank,https://thunderskill.com/vehimgs/ussr_t_80.png,2026-10-07T10:00:20.344235+00:00
2026-10-07,2281,jp_type_75_mlrs,Type 75 MLRS,https://thunderskill.com/en/vehicle/jp_type_75_mlrs,Ground forces,2,Tank Destroyer,tank_destroyer,JAPAN,R,5,16,50.0,36.79,Type 75 MLRS jp_type_75_mlrs Tank Destroyer,https://thunderskill.com/vehimgs/jp_type_75_mlrs.png,2026-10-07T10:00:20.344235+00:00
2026-10-07,2293,it_as_42_metropolitana,AS 42,https://thunderskill.com/en/vehicle/it_as_42_metropolitana,Ground forces,2,SPAA,spaa,ITALY,R,1,16,0.0,23.225806451612904,AS 42 it_as_42_metropolitana SPAA,https://thunderskill.com/vehimgs/it_as_42_metropolitana.png,2026-10-07T10:00:20.344235+00:00
2026-10-07,3728,ussr_is_2m_kit_4rank,ИС-2М (Будь Готов!),https://thunderskill.com/en/vehicle/ussr_is_2m_kit_4rank,Ground forces,2,other,other,USSR,R,4,15,100.0,92.18818181818183,ИС-2М (Будь Готов!) ussr_is_2m_kit_4rank other,,2026-10-07T10:00:20.344235+00:00
2026-10-07,1899,uk_sherman_II,Sherman II,https://thunderskill.com/en/vehicle/uk_sherman_II,Ground forces,2,Medium Tank,medium_tank,BRITAIN,R,2,15,56.25,86.24399999999999,Sherman II uk_sherman_II Medium Tank,https://thunderskill.com/vehimgs/uk_sherman_ii.png,2026-10-07T10:00:20.344235+00:00
2026-10-07,2288,it_ab_41,AB 41,https://thunderskill.com/en/vehicle/it_ab_41,Ground forces,2,Light Tank,light_tank,ITALY,R,1,15,0.0,63.26380952380951,AB 41 it_ab_41 Light Tank,https://thunderskill.com/vehimgs/it_ab_41.png,2026-10-07T10:00:20.344235+00:00
2026-10-07,2053,fr_m4a1_sherman,M4A1,https://thunderskill.com/en/vehicle/fr_m4a1_sherman,Ground forces,2,Medium Tank,medium_tank,FRANCE,R,2,15,0.0,61.973333333333315,M4A1 fr_m4a1_sherman Medium Tank,https://thunderskill.com/vehimgs/fr_m4a1_sherman.png,2026-10-07T10:00:20.344235+00:00
2026-10-07,2289,it_m13_40_serie_2,M13/40 (II),https://thunderskill.com/en/vehicle/it_m13_40_serie_2,Ground forces,2,Medium Tank,medium_tank,ITALY,R,1,15,0.0,60.47080000000002,M13/40 (II) it_m13_40_serie_2 Medium Tank,https://thunderskill.com/vehimgs/it_m13_40_serie_2.png,2026-10-07T10:00:20.344235+00:00
2026-10-07,3203,fr_vbci2_mct30,VBCI-2 (MCT30),https://thunderskill.com/en/vehicle/fr_vbci2_mct30,Ground forces,2,Light Tank,light_tank,FRANCE,R,6,15,83.33500000000001,44.641,VBCI-2 (MCT30) fr_vbci2_mct30 Light Tank,https://thunderskill.com/vehimgs/fr_vbci2_mct30.png,2026-10-07T10:00:20.344235+00:00
2026-10-07,1412,ussr_zis_30,ZiS-30,https://thunderskill.com/en/vehicle/ussr_zis_30,Ground forces,2,Tank Destroyer,tank_destroyer,USSR,R,2,15,100.0,37.414827586206904,ZiS-30 ussr_zis_30 Tank Destroyer,https://thunderskill.com/vehimgs/ussr_zis_30.png,2026-10-07T10:00:20.344235+00:00
2026-10-07,3733,fr_embt,EMBT,https://thunderskill.com/en/vehicle/fr_embt,Ground forces,2,other,other,FRANCE,R,8,14,100.0,95.97000000000001,EMBT fr_embt other,,2026-10-07T10:00:20.344235+00:00
2026-10-07,1801,germ_kv_2_754r,KW II 754 (r),https://thunderskill.com/en/vehicle/germ_kv_2_754r,Ground forces,2,Heavy Tank,heavy_tank,GERMANY,R,3,14,0.0,59.719230769230826,KW II 754 (r) germ_kv_2_754r Heavy Tank,https://thunderskill.com/vehimgs/germ_kv_2_754r.png,2026-10-07T10:00:20.344235+00:00
2026-10-07,2850,sw_crotale_ng,ItO 90M,https://thunderskill.com/en/vehicle/sw_crotale_ng,Ground forces,2,SPAA,spaa,SWEDEN,R,8,14,0.0,47.19583333333335,ItO 90M sw_crotale_ng SPAA,https://thunderskill.com/vehimgs/sw_crotale_ng.png,2026-10-07T10:00:20.344235+00:00
2026-10-07,3199,fr_amx_30_auf_1,AuF1,https://thunderskill.com/en/vehicle/fr_amx_30_auf_1,Ground forces,2,Tank Destroyer,tank_destroyer,FRANCE,R,5,14,0.0,46.3964,AuF1 fr_amx_30_auf_1 Tank Destroyer,https://thunderskill.com/vehimgs/fr_amx_30_auf_1.png,2026-10-07T10:00:20.344235+00:00
2026-10-07,1952,uk_a_22_mk_1_churchill_1941,Churchill I,https://thunderskill.com/en/vehicle/uk_a_22_mk_1_churchill_1941,Ground forces,2,Heavy Tank,heavy_tank,BRITAIN,R,2,14,0.0,38.794666666666686,Churchill I uk_a_22_mk_1_churchill_1941 Heavy Tank,https://thunderskill.com/vehimgs/uk_a_22_mk_1_churchill_1941.png,2026-10-07T10:00:20.344235+00:00
2026-10-07,1730,us_t95,T95,https://thunderskill.com/en/vehicle/us_t95,Ground forces,2,Tank Destroyer,tank_destroyer,USA,R,5,14,0.0,35.566190476190485,T95 us_t95 Tank Destroyer,https://thunderskill.com/vehimgs/us_t95.png,2026-10-07T10:00:20.344235+00:00
2026-10-07,2887,fr_lvt_bofors,LVT-4/40,https://thunderskill.com/en/vehicle/fr_lvt_bofors,Ground forces,2,Light Tank,light_tank,FRANCE,R,2,14,0.0,29.641052631578944,LVT-4/40 fr_lvt_bofors Light Tank,https://thunderskill.com/vehimgs/fr_lvt_bofors.png,2026-10-07T10:00:20.344235+00:00
2026-10-07,2643,germ_sdkfz_234_1,Sd.Kfz.234/1,https://thunderskill.com/en/vehicle/germ_sdkfz_234_1,Ground forces,2,Light Tank,light_tank,GERMANY,R,1,13,100.0,92.81999999999996,Sd.Kfz.234/1 germ_sdkfz_234_1 Light Tank,https://thunderskill.com/vehimgs/germ_sdkfz_234_1.png,2026-10-07T10:00:20.344235+00:00
2026-10-07,2998,il_magach_6a,Magach 6A,https://thunderskill.com/en/vehicle/il_magach_6a,Ground forces,2,Medium Tank,medium_tank,ISRAEL,R,5,13,0.0,61.76615384615385,Magach 6A il_magach_6a Medium Tank,https://thunderskill.com/vehimgs/il_magach_6a.png,2026-10-07T10:00:20.344235+00:00
2026-10-07,1804,us_lvt_a_1,LVT(A)(1),https://thunderskill.com/en/vehicle/us_lvt_a_1,Ground forces,2,Light Tank,light_tank,USA,R,1,13,0.0,54.26307692307692,LVT(A)(1) us_lvt_a_1 Light Tank,https://thunderskill.com/vehimgs/us_lvt_a_1.png,2026-10-07T10:00:20.344235+00:00
2026-10-07,2605,sw_pvkv_m43_1946,Pvkv m/43 (1946),https://thunderskill.com/en/vehicle/sw_pvkv_m43_1946,Ground forces,2,Tank Destroyer,tank_destroyer,SWEDEN,R,3,13,0.0,51.848947368421044,Pvkv m/43 (1946) sw_pvkv_m43_1946 Tank Destroyer,https://thunderskill.com/vehimgs/sw_pvkv_m43_1946.png,2026-10-07T10:00:20.344235+00:00
2026-10-07,3354,sw_cv_9035_dk,CV9035DK,https://thunderskill.com/en/vehicle/sw_cv_9035_dk,Ground forces,2,Light Tank,light_tank,SWEDEN,R,6,13,0.0,51.51699999999998,CV9035DK sw_cv_9035_dk Light Tank,https://thunderskill.com/vehimgs/sw_cv_9035_dk.png,2026-10-07T10:00:20.344235+00:00
2026-10-07,1922,jp_type_60_atm,Type 60 ATM,https://thunderskill.com/en/vehicle/jp_type_60_atm,Ground forces,2,Missile Tank,tank_destroyer,JAPAN,R,4,13,68.75,47.068749999999994,Type 60 ATM jp_type_60_atm Missile Tank,https://thunderskill.com/vehimgs/jp_type_60_atm.png,2026-10-07T10:00:20.344235+00:00
2026-10-07,3698,germ_hummel,Hummel,https://thunderskill.com/en/vehicle/germ_hummel,Ground forces,2,other,other,GERMANY,R,2,13,31.481111111111108,44.45099999999998,Hummel germ_hummel other,,2026-10-07T10:00:20.344235+00:00
2026-10-07,1238,ussr_t_70_1942,T-70,https://thunderskill.com/en/vehicle/ussr_t_70_1942,Ground forces,2,Light Tank,light_tank,USSR,R,1,13,0.0,21.86785714285714,T-70 ussr_t_70_1942 Light Tank,https://thunderskill.com/vehimgs/ussr_t_70_1942.png,2026-10-07T10:00:20.344235+00:00
2026-10-07,2584,ussr_valentine_mk_9,"МК-IX ""Valentine""",https://thunderskill.com/en/vehicle/ussr_valentine_mk_9,Ground forces,2,Medium Tank,medium_tank,USSR,R,2,12,100.0,75.31000000000002,"МК-IX ""Valentine"" ussr_valentine_mk_9 Medium Tank",https://thunderskill.com/vehimgs/ussr_valentine_mk_9.png,2026-10-07T10:00:20.344235+00:00
2026-10-07,2301,it_sherman_VII,M4 Tipo IC,https://thunderskill.com/en/vehicle/it_sherman_VII,Ground forces,2,Medium Tank,medium_tank,ITALY,R,3,12,100.0,70.92,M4 Tipo IC it_sherman_VII Medium Tank,https://thunderskill.com/vehimgs/it_sherman_vii.png,2026-10-07T10:00:20.344235+00:00
2026-10-07,2659,it_m3a3_stuart,M3A3,https://thunderskill.com/en/vehicle/it_m3a3_stuart,Ground forces,2,Light Tank,light_tank,ITALY,R,2,12,0.0,66.37,M3A3 it_m3a3_stuart Light Tank,https://thunderskill.com/vehimgs/it_m3a3_stuart.png,2026-10-07T10:00:20.344235+00:00
2026-10-07,3462,germ_9a35_m,Стрела-10М,https://thunderskill.com/en/vehicle/germ_9a35_m,Ground forces,2,SPAA,spaa,GERMANY,R,7,12,0.0,43.89333333333334,Стрела-10М germ_9a35_m SPAA,,2026-10-07T10:00:20.344235+00:00
2026-10-07,3433,uk_9a33bm2,Osa-AK,https://thunderskill.com/en/vehicle/uk_9a33bm2,Ground forces,2,SPAA,spaa,BRITAIN,R,7,12,100.0,30.866666666666674,Osa-AK uk_9a33bm2 SPAA,,2026-10-07T10:00:20.344235+00:00
2026-10-07,3527,jp_type_81_tansam_fcs,Tan-SAM Kai (СОЦ),https://thunderskill.com/en/vehicle/jp_type_81_tansam_fcs,Ground forces,2,SPAA,spaa,JAPAN,R,8,12,0.0,12.383809523809523,Tan-SAM Kai (СОЦ) jp_type_81_tansam_fcs SPAA,,2026-10-07T10:00:20.344235+00:00
2026-10-07,3731,uk_arjun_mk1,Arjun Mk 1,https://thunderskill.com/en/vehicle/uk_arjun_mk1,Ground forces,2,other,other,BRITAIN,R,7,11,0.0,97.31625,Arjun Mk 1 uk_arjun_mk1 other,,2026-10-07T10:00:20.344235+00:00
2026-10-07,1846,ussr_kv_122,KV-122,https://thunderskill.com/en/vehicle/ussr_kv_122,Ground forces,2,Heavy Tank,heavy_tank,USSR,R,4,11,100.0,87.86,KV-122 ussr_kv_122 Heavy Tank,https://thunderskill.com/vehimgs/ussr_kv_122.png,2026-10-07T10:00:20.344235+00:00
2026-10-07,3742,ussr_t_44_kit_4rank,Т-44 (Будь Готов!),https://thunderskill.com/en/vehicle/ussr_t_44_kit_4rank,Ground forces,2,other,other,USSR,R,4,11,0.0,87.54999999999998,Т-44 (Будь Готов!) ussr_t_44_kit_4rank other,,2026-10-07T10:00:20.344235+00:00
2026-10-07,2386,us_merkava_mk_1,Merkava Mk.1,https://thunderskill.com/en/vehicle/us_merkava_mk_1,Ground forces,2,Medium Tank,medium_tank,USA,R,6,11,0.0,80.15600000000003,Merkava Mk.1 us_merkava_mk_1 Medium Tank,https://thunderskill.com/vehimgs/us_merkava_mk_1.png,2026-10-07T10:00:20.344235+00:00
2026-10-07,2803,ussr_t_28_1938,T-28 (1938),https://thunderskill.com/en/vehicle/ussr_t_28_1938,Ground forces,2,Medium Tank,medium_tank,USSR,R,1,11,100.0,71.35000000000001,T-28 (1938) ussr_t_28_1938 Medium Tank,https://thunderskill.com/vehimgs/ussr_t_28_1938.png,2026-10-07T10:00:20.344235+00:00
2026-10-07,1454,uk_armored_car_mk_2_aa,AEC AA,https://thunderskill.com/en/vehicle/uk_armored_car_mk_2_aa,Ground forces,2,SPAA,spaa,BRITAIN,R,2,11,0.0,32.5,AEC AA uk_armored_car_mk_2_aa SPAA,https://thunderskill.com/vehimgs/uk_armored_car_mk_2_aa.png,2026-10-07T10:00:20.344235+00:00
2026-10-07,2657,fr_m4a4_sherman,M4A4,https://thunderskill.com/en/vehicle/fr_m4a4_sherman,Ground forces,2,Medium Tank,medium_tank,FRANCE,R,3,10,100.0,64.05230769230768,M4A4 fr_m4a4_sherman Medium Tank,https://thunderskill.com/vehimgs/fr_m4a4_sherman.png,2026-10-07T10:00:20.344235+00:00
2026-10-07,2135,germ_sdkfz_221_s_pz_b_41,Sd.Kfz.221 (s.Pz.B.41),https://thunderskill.com/en/vehicle/germ_sdkfz_221_s_pz_b_41,Ground forces,2,Light Tank,light_tank,GERMANY,R,1,10,100.0,61.277272727272724,Sd.Kfz.221 (s.Pz.B.41) germ_sdkfz_221_s_pz_b_41 Light Tank,https://thunderskill.com/vehimgs/germ_sdkfz_221_s_pz_b_41.png,2026-10-07T10:00:20.344235+00:00
2026-10-07,2600,sw_pvlvv_fm42,Pvlvv fm/42,https://thunderskill.com/en/vehicle/sw_pvlvv_fm42,Ground forces,2,SPAA,spaa,SWEDEN,R,1,10,0.0,52.58,Pvlvv fm/42 sw_pvlvv_fm42 SPAA,https://thunderskill.com/vehimgs/sw_pvlvv_fm42.png,2026-10-07T10:00:20.344235+00:00
2026-10-07,3022,il_magach_3,Magach 3 (ERA),https://thunderskill.com/en/vehicle/il_magach_3,Ground forces,2,Medium Tank,medium_tank,ISRAEL,R,5,10,0.0,45.699999999999996,Magach 3 (ERA) il_magach_3 Medium Tank,https://thunderskill.com/vehimgs/il_magach_3.png,2026-10-07T10:00:20.344235+00:00
2026-10-07,3521,ussr_sdkfz_251_21_kit_3rank,Ганомаг ('45),https://thunderskill.com/en/vehicle/ussr_sdkfz_251_21_kit_3rank,Ground forces,2,SPAA,spaa,USSR,R,3,10,0.0,44.342,Ганомаг ('45) ussr_sdkfz_251_21_kit_3rank SPAA,,2026-10-07T10:00:20.344235+00:00
2026-10-07,3188,uk_sarc_mk4_a,SARC MkIVa,https://thunderskill.com/en/vehicle/uk_sarc_mk4_a,Ground forces,2,Light Tank,light_tank,BRITAIN,R,1,10,0.0,42.363636363636374,SARC MkIVa uk_sarc_mk4_a Light Tank,https://thunderskill.com/vehimgs/uk_sarc_mk4_a.png,2026-10-07T10:00:20.344235+00:00
2026-10-07,1823,us_m4a5_ram_2,M4A5,https://thunderskill.com/en/vehicle/us_m4a5_ram_2,Ground forces,2,Medium Tank,medium_tank,USA,R,2,10,50.0,35.44904761904764,M4A5 us_m4a5_ram_2 Medium Tank,https://thunderskill.com/vehimgs/us_m4a5_ram_2.png,2026-10-07T10:00:20.344235+00:00
2026-10-07,1548,ussr_su_57,SU-57,https://thunderskill.com/en/vehicle/ussr_su_57,Ground forces,2,Tank Destroyer,tank_destroyer,USSR,R,1,10,0.0,0.0,SU-57 ussr_su_57 Tank Destroyer,https://thunderskill.com/vehimgs/ussr_su_57.png,2026-10-07T10:00:20.344235+00:00
2026-10-07,2059,fr_b1_ter,B1 ter,https://thunderskill.com/en/vehicle/fr_b1_ter,Ground forces,2,Heavy Tank,heavy_tank,FRANCE,R,2,9,100.0,88.21782608695653,B1 ter fr_b1_ter Heavy Tank,https://thunderskill.com/vehimgs/fr_b1_ter.png,2026-10-07T10:00:20.344235+00:00
2026-10-07,1464,uk_a39_tortoise,Tortoise,https://thunderskill.com/en/vehicle/uk_a39_tortoise,Ground forces,2,Tank Destroyer,tank_destroyer,BRITAIN,R,4,9,0.0,78.67727272727275,Tortoise uk_a39_tortoise Tank Destroyer,https://thunderskill.com/vehimgs/uk_a39_tortoise.png,2026-10-07T10:00:20.344235+00:00
2026-10-07,1822,germ_sturmpanzer_IV_brummbar,Brummbär,https://thunderskill.com/en/vehicle/germ_sturmpanzer_IV_brummbar,Ground forces,2,Tank Destroyer,tank_destroyer,GERMANY,R,3,9,0.0,58.068000000000005,Brummbär germ_sturmpanzer_IV_brummbar Tank Destroyer,https://thunderskill.com/vehimgs/germ_sturmpanzer_iv_brummbar.png,2026-10-07T10:00:20.344235+00:00
2026-10-07,3279,il_m109,M109,https://thunderskill.com/en/vehicle/il_m109,Ground forces,2,Tank Destroyer,tank_destroyer,ISRAEL,R,4,9,0.0,41.92,M109 il_m109 Tank Destroyer,https://thunderskill.com/vehimgs/il_m109.png,2026-10-07T10:00:20.344235+00:00
2026-10-07,2616,sw_pvkv_m43_1963,Pvkv m/43 (1963),https://thunderskill.com/en/vehicle/sw_pvkv_m43_1963,Ground forces,2,Tank Destroyer,tank_destroyer,SWEDEN,R,3,9,0.0,40.7575,Pvkv m/43 (1963) sw_pvkv_m43_1963 Tank Destroyer,https://thunderskill.com/vehimgs/sw_pvkv_m43_1963.png,2026-10-07T10:00:20.344235+00:00
2026-10-07,3729,us_m7,M7,https://thunderskill.com/en/vehicle/us_m7,Ground forces,2,other,other,USA,R,0,8,100.0,98.64,M7 us_m7 other,,2026-10-07T10:00:20.344235+00:00
2026-10-07,2993,il_magach_6,Magach 6,https://thunderskill.com/en/vehicle/il_magach_6,Ground forces,2,Medium Tank,medium_tank,ISRAEL,R,5,8,100.0,88.96249999999999,Magach 6 il_magach_6 Medium Tank,https://thunderskill.com/vehimgs/il_magach_6.png,2026-10-07T10:00:20.344235+00:00
2026-10-07,2296,it_p_40,P40,https://thunderskill.com/en/vehicle/it_p_40,Ground forces,2,Medium Tank,medium_tank,ITALY,R,2,8,100.0,72.2642857142857,P40 it_p_40 Medium Tank,https://thunderskill.com/vehimgs/it_p_40.png,2026-10-07T10:00:20.344235+00:00
2026-10-07,1715,us_m4_sherman_calliope,Calliope,https://thunderskill.com/en/vehicle/us_m4_sherman_calliope,Ground forces,2,Medium Tank,medium_tank,USA,R,3,8,50.0,70.24888888888891,Calliope us_m4_sherman_calliope Medium Tank,https://thunderskill.com/vehimgs/us_m4_sherman_calliope.png,2026-10-07T10:00:20.344235+00:00
2026-10-07,3497,uk_tracked_rapier,Rapier,https://thunderskill.com/en/vehicle/uk_tracked_rapier,Ground forces,2,SPAA,spaa,BRITAIN,R,7,8,0.0,58.699230769230766,Rapier uk_tracked_rapier SPAA,,2026-10-07T10:00:20.344235+00:00
2026-10-07,1655,us_halftrack_m3_75mm_gmc,M3 GMC,https://thunderskill.com/en/vehicle/us_halftrack_m3_75mm_gmc,Ground forces,2,Tank Destroyer,tank_destroyer,USA,R,1,8,0.0,52.095000000000006,M3 GMC us_halftrack_m3_75mm_gmc Tank Destroyer,https://thunderskill.com/vehimgs/us_halftrack_m3_75mm_gmc.png,2026-10-07T10:00:20.344235+00:00
2026-10-07,1913,ussr_zsu_29k,YaG-10 (29-K),https://thunderskill.com/en/vehicle/ussr_zsu_29k,Ground forces,2,Tank Destroyer,tank_destroyer,USSR,R,2,8,50.0,52.09043478260868,YaG-10 (29-K) ussr_zsu_29k Tank Destroyer,https://thunderskill.com/vehimgs/ussr_zsu_29k.png,2026-10-07T10:00:20.344235+00:00
2026-10-07,1667,ussr_su_85m,SU-85M,https://thunderskill.com/en/vehicle/ussr_su_85m,Ground forces,2,Tank Destroyer,tank_destroyer,USSR,R,3,8,0.0,51.10999999999999,SU-85M ussr_su_85m Tank Destroyer,https://thunderskill.com/vehimgs/ussr_su_85m.png,2026-10-07T10:00:20.344235+00:00
2026-10-07,1566,germ_infanterie_kampfpanzer_churchill,Pz.Kpfw. Churchill,https://thunderskill.com/en/vehicle/germ_infanterie_kampfpanzer_churchill,Ground forces,2,Heavy Tank,heavy_tank,GERMANY,R,3,8,0.0,50.73230769230769,Pz.Kpfw. Churchill germ_infanterie_kampfpanzer_churchill Heavy Tank,https://thunderskill.com/vehimgs/germ_infanterie_kampfpanzer_churchill.png,2026-10-07T10:00:22.348373+00:00
2026-10-07,1882,ussr_zis_43,ZiS-43,https://thunderskill.com/en/vehicle/ussr_zis_43,Ground forces,2,SPAA,spaa,USSR,R,2,8,0.0,47.68,ZiS-43 ussr_zis_43 SPAA,https://thunderskill.com/vehimgs/ussr_zis_43.png,2026-10-07T10:00:22.348373+00:00
2026-10-07,2979,il_ss_11_halftrack,Zachlam Tager,https://thunderskill.com/en/vehicle/il_ss_11_halftrack,Ground forces,2,Missile Tank,tank_destroyer,ISRAEL,R,4,8,0.0,29.5,Zachlam Tager il_ss_11_halftrack Missile Tank,https://thunderskill.com/vehimgs/il_ss_11_halftrack.png,2026-10-07T10:00:22.348373+00:00
2026-10-07,1507,germ_jgdpz_38t,Jagdpanzer 38(t),https://thunderskill.com/en/vehicle/germ_jgdpz_38t,Ground forces,2,Tank Destroyer,tank_destroyer,GERMANY,R,3,8,0.0,28.127000000000002,Jagdpanzer 38(t) germ_jgdpz_38t Tank Destroyer,https://thunderskill.com/vehimgs/germ_jgdpz_38t.png,2026-10-07T10:00:22.348373+00:00
2026-10-07,1565,ussr_t_28E,T-28E,https://thunderskill.com/en/vehicle/ussr_t_28E,Ground forces,2,Medium Tank,medium_tank,USSR,R,2,8,0.0,23.444,T-28E ussr_t_28E Medium Tank,https://thunderskill.com/vehimgs/ussr_t_28e.png,2026-10-07T10:00:22.348373+00:00
2026-10-07,2077,fr_somua_s35,S.35,https://thunderskill.com/en/vehicle/fr_somua_s35,Ground forces,2,Medium Tank,medium_tank,FRANCE,R,1,8,0.0,,S.35 fr_somua_s35 Medium Tank,https://thunderskill.com/vehimgs/fr_somua_s35.png,2026-10-07T10:00:22.348373+00:00
2026-10-07,1871,jp_type_98_ta_se,Ta-Se,https://thunderskill.com/en/vehicle/jp_type_98_ta_se,Ground forces,2,SPAA,spaa,JAPAN,R,1,7,0.0,71.1325,Ta-Se jp_type_98_ta_se SPAA,https://thunderskill.com/vehimgs/jp_type_98_ta_se.png,2026-10-07T10:00:22.348373+00:00
2026-10-07,1835,ussr_gaz_dshk,GAZ-AAA (DShK),https://thunderskill.com/en/vehicle/ussr_gaz_dshk,Ground forces,2,SPAA,spaa,USSR,R,1,7,0.0,23.356875000000002,GAZ-AAA (DShK) ussr_gaz_dshk SPAA,https://thunderskill.com/vehimgs/ussr_gaz_dshk.png,2026-10-07T10:00:22.348373+00:00
2026-10-07,2789,uk_marmon_herrington_mk_6_2pdr,SARC MkVI (2pdr),https://thunderskill.com/en/vehicle/uk_marmon_herrington_mk_6_2pdr,Ground forces,2,Light Tank,light_tank,BRITAIN,R,2,7,0.0,5.222857142857143,SARC MkVI (2pdr) uk_marmon_herrington_mk_6_2pdr Light Tank,https://thunderskill.com/vehimgs/uk_marmon_herrington_mk_6_2pdr.png,2026-10-07T10:00:22.348373+00:00
2026-10-07,2450,cn_type_97_chi_ha,␗Chi-Ha,https://thunderskill.com/en/vehicle/cn_type_97_chi_ha,Ground forces,2,Medium Tank,medium_tank,CHINA,R,1,7,0.0,0.0,␗Chi-Ha cn_type_97_chi_ha Medium Tank,https://thunderskill.com/vehimgs/cn_type_97_chi_ha.png,2026-10-07T10:00:22.348373+00:00
2026-10-07,3687,ussr_kv_8,КВ-8,https://thunderskill.com/en/vehicle/ussr_kv_8,Ground forces,2,other,other,USSR,R,2,6,100.0,92.25,КВ-8 ussr_kv_8 other,,2026-10-07T10:00:22.348373+00:00
2026-10-07,3717,us_m60a1_rise_mod,M60A1 Predator,https://thunderskill.com/en/vehicle/us_m60a1_rise_mod,Ground forces,2,other,other,USA,R,6,6,66.67,91.24,M60A1 Predator us_m60a1_rise_mod other,,2026-10-07T10:00:22.348373+00:00
2026-10-07,2609,fr_m3a3_stuart,M3A3 Stuart,https://thunderskill.com/en/vehicle/fr_m3a3_stuart,Ground forces,2,Light Tank,light_tank,FRANCE,R,2,6,0.0,79.52666666666667,M3A3 Stuart fr_m3a3_stuart Light Tank,https://thunderskill.com/vehimgs/fr_m3a3_stuart.png,2026-10-07T10:00:22.348373+00:00
2026-10-07,2884,germ_leopard_2_pt14,PT-16/T14 mod.,https://thunderskill.com/en/vehicle/germ_leopard_2_pt14,Ground forces,2,Medium Tank,medium_tank,GERMANY,R,7,6,0.0,72.13666666666667,PT-16/T14 mod. germ_leopard_2_pt14 Medium Tank,https://thunderskill.com/vehimgs/germ_leopard_2_pt14.png,2026-10-07T10:00:22.348373+00:00
2026-10-07,2610,fr_crusader_mk_2,Crusader Mk.II,https://thunderskill.com/en/vehicle/fr_crusader_mk_2,Ground forces,2,Light Tank,light_tank,FRANCE,R,2,6,0.0,60.63999999999999,Crusader Mk.II fr_crusader_mk_2 Light Tank,https://thunderskill.com/vehimgs/fr_crusader_mk_2.png,2026-10-07T10:00:22.348373+00:00
2026-10-07,1367,us_m2a4_1st_armor_div,M2A4 (1st Arm.Div.),https://thunderskill.com/en/vehicle/us_m2a4_1st_armor_div,Ground forces,2,Light Tank,light_tank,USA,R,1,6,0.0,48.070000000000014,M2A4 (1st Arm.Div.) us_m2a4_1st_armor_div Light Tank,https://thunderskill.com/vehimgs/us_m2a4_1st_armor_div.png,2026-10-07T10:00:22.348373+00:00
2026-10-07,2851,fr_crotale_ng,ItO 90M,https://thunderskill.com/en/vehicle/fr_crotale_ng,Ground forces,2,SPAA,spaa,FRANCE,R,8,6,0.0,46.70428571428574,ItO 90M fr_crotale_ng SPAA,https://thunderskill.com/vehimgs/fr_crotale_ng.png,2026-10-07T10:00:22.348373+00:00
2026-10-07,1878,jp_type_3_ho_ni_III,Ho-Ni III,https://thunderskill.com/en/vehicle/jp_type_3_ho_ni_III,Ground forces,2,Tank Destroyer,tank_destroyer,JAPAN,R,2,6,100.0,39.15,Ho-Ni III jp_type_3_ho_ni_III Tank Destroyer,https://thunderskill.com/vehimgs/jp_type_3_ho_ni_iii.png,2026-10-07T10:00:22.348373+00:00
2026-10-07,2425,cn_type_65_aa,Phòng không T-34,https://thunderskill.com/en/vehicle/cn_type_65_aa,Ground forces,2,SPAA,spaa,CHINA,R,4,6,0.0,9.590000000000002,Phòng không T-34 cn_type_65_aa SPAA,https://thunderskill.com/vehimgs/cn_type_65_aa.png,2026-10-07T10:00:22.348373+00:00
2026-10-07,2105,germ_pzkpfw_V_ersatz_m10,Ersatz M10,https://thunderskill.com/en/vehicle/germ_pzkpfw_V_ersatz_m10,Ground forces,2,Medium Tank,medium_tank,GERMANY,R,4,5,0.0,69.87681818181817,Ersatz M10 germ_pzkpfw_V_ersatz_m10 Medium Tank,https://thunderskill.com/vehimgs/germ_pzkpfw_v_ersatz_m10.png,2026-10-07T10:00:22.348373+00:00
2026-10-07,2723,us_merkava_mk_3d,Merkava Mk.3D,https://thunderskill.com/en/vehicle/us_merkava_mk_3d,Ground forces,2,Medium Tank,medium_tank,USA,R,7,5,50.0,67.37,Merkava Mk.3D us_merkava_mk_3d Medium Tank,https://thunderskill.com/vehimgs/us_merkava_mk_3d.png,2026-10-07T10:00:22.348373+00:00
2026-10-07,2722,germ_sdkfz_251_10,Sd.Kfz.251/10,https://thunderskill.com/en/vehicle/germ_sdkfz_251_10,Ground forces,2,Tank Destroyer,tank_destroyer,GERMANY,R,1,5,50.0,55.08,Sd.Kfz.251/10 germ_sdkfz_251_10 Tank Destroyer,https://thunderskill.com/vehimgs/germ_sdkfz_251_10.png,2026-10-07T10:00:22.348373+00:00
2026-10-07,2804,jp_hiro_sha,Ro-Go Exp.,https://thunderskill.com/en/vehicle/jp_hiro_sha,Ground forces,2,Tank Destroyer,tank_destroyer,JAPAN,R,1,4,0.0,75.0,Ro-Go Exp. jp_hiro_sha Tank Destroyer,https://thunderskill.com/vehimgs/jp_hiro_sha.png,2026-10-07T10:00:22.348373+00:00
2026-10-07,2423,cn_t_62,Т-62 №545,https://thunderskill.com/en/vehicle/cn_t_62,Ground forces,2,Medium Tank,medium_tank,CHINA,R,6,4,0.0,60.60476190476191,Т-62 №545 cn_t_62 Medium Tank,https://thunderskill.com/vehimgs/cn_t_62.png,2026-10-07T10:00:22.348373+00:00
2026-10-07,1821,uk_a27m_cromwell_5_rp3,Cromwell V (RP-3),https://thunderskill.com/en/vehicle/uk_a27m_cromwell_5_rp3,Ground forces,2,Medium Tank,medium_tank,BRITAIN,R,2,4,0.0,60.17,Cromwell V (RP-3) uk_a27m_cromwell_5_rp3 Medium Tank,https://thunderskill.com/vehimgs/uk_a27m_cromwell_5_rp3.png,2026-10-07T10:00:22.348373+00:00
2026-10-07,3644,ussr_tor_m1,Toр-M1,https://thunderskill.com/en/vehicle/ussr_tor_m1,Ground forces,2,other,other,USSR,R,7,4,0.0,56.08125,Toр-M1 ussr_tor_m1 other,,2026-10-07T10:00:22.348373+00:00
2026-10-07,3536,uk_sherman_vc_firefly_kit_3rank,Firefly (Overlord),https://thunderskill.com/en/vehicle/uk_sherman_vc_firefly_kit_3rank,Ground forces,2,Medium Tank,medium_tank,BRITAIN,R,3,4,0.0,45.71173913043478,Firefly (Overlord) uk_sherman_vc_firefly_kit_3rank Medium Tank,,2026-10-07T10:00:22.348373+00:00
2026-10-07,1869,jp_type_2_ho_i,Ho-I,https://thunderskill.com/en/vehicle/jp_type_2_ho_i,Ground forces,2,Medium Tank,medium_tank,JAPAN,R,1,4,0.0,45.372592592592625,Ho-I jp_type_2_ho_i Medium Tank,https://thunderskill.com/vehimgs/jp_type_2_ho_i.png,2026-10-07T10:00:22.348373+00:00
2026-10-07,1597,uk_crusader_mk_2,Crusader II,https://thunderskill.com/en/vehicle/uk_crusader_mk_2,Ground forces,2,Light Tank,light_tank,BRITAIN,R,2,4,0.0,42.69714285714286,Crusader II uk_crusader_mk_2 Light Tank,https://thunderskill.com/vehimgs/uk_crusader_mk_2.png,2026-10-07T10:00:22.348373+00:00
2026-10-07,1908,ussr_su_5_1,SU-5-1,https://thunderskill.com/en/vehicle/ussr_su_5_1,Ground forces,2,Tank Destroyer,tank_destroyer,USSR,R,1,4,0.0,41.78478260869565,SU-5-1 ussr_su_5_1 Tank Destroyer,https://thunderskill.com/vehimgs/ussr_su_5_1.png,2026-10-07T10:00:22.348373+00:00
2026-10-07,1530,ussr_su_85_1943,SU-85,https://thunderskill.com/en/vehicle/ussr_su_85_1943,Ground forces,2,Tank Destroyer,tank_destroyer,USSR,R,3,4,0.0,18.234285714285715,SU-85 ussr_su_85_1943 Tank Destroyer,https://thunderskill.com/vehimgs/ussr_su_85_1943.png,2026-10-07T10:00:22.348373+00:00
2026-10-07,3432,uk_m4a5_ram_2,Ram II,https://thunderskill.com/en/vehicle/uk_m4a5_ram_2,Ground forces,2,Medium Tank,medium_tank,BRITAIN,R,2,3,0.0,78.98642857142856,Ram II uk_m4a5_ram_2 Medium Tank,,2026-10-07T10:00:22.348373+00:00
2026-10-07,2540,cn_is_2_1943_no402,IS-2 No.402,https://thunderskill.com/en/vehicle/cn_is_2_1943_no402,Ground forces,2,Heavy Tank,heavy_tank,CHINA,R,4,3,0.0,73.56500000000001,IS-2 No.402 cn_is_2_1943_no402 Heavy Tank,https://thunderskill.com/vehimgs/cn_is_2_1943_no402.png,2026-10-07T10:00:22.348373+00:00
2026-10-07,3612,it_c13_tua,C13/TUA,https://thunderskill.com/en/vehicle/it_c13_tua,Ground forces,2,other,other,ITALY,R,6,3,50.0,71.422,C13/TUA it_c13_tua other,,2026-10-07T10:00:22.348373+00:00
2026-10-07,3236,fr_amx_10m_acra,AMX-10M,https://thunderskill.com/en/vehicle/fr_amx_10m_acra,Ground forces,2,Tank Destroyer,tank_destroyer,FRANCE,R,5,3,0.0,69.99,AMX-10M fr_amx_10m_acra Tank Destroyer,https://thunderskill.com/vehimgs/fr_amx_10m_acra.png,2026-10-07T10:00:22.348373+00:00
2026-10-07,1430,germ_pzkpfw_II_ausf_F,Pz.II F,https://thunderskill.com/en/vehicle/germ_pzkpfw_II_ausf_F,Ground forces,2,Light Tank,light_tank,GERMANY,R,1,3,100.0,61.280000000000015,Pz.II F germ_pzkpfw_II_ausf_F Light Tank,https://thunderskill.com/vehimgs/germ_pzkpfw_ii_ausf_f.png,2026-10-07T10:00:22.348373+00:00
2026-10-07,2465,cn_isu_152,␗ISU-152,https://thunderskill.com/en/vehicle/cn_isu_152,Ground forces,2,Tank Destroyer,tank_destroyer,CHINA,R,3,3,100.0,43.82,␗ISU-152 cn_isu_152 Tank Destroyer,https://thunderskill.com/vehimgs/cn_isu_152.png,2026-10-07T10:00:22.348373+00:00
2026-10-07,2136,uk_vickers_mk_6_aa_mk_1,Light AA Mk I,https://thunderskill.com/en/vehicle/uk_vickers_mk_6_aa_mk_1,Ground forces,2,SPAA,spaa,BRITAIN,R,1,3,0.0,39.01,Light AA Mk I uk_vickers_mk_6_aa_mk_1 SPAA,https://thunderskill.com/vehimgs/uk_vickers_mk_6_aa_mk_1.png,2026-10-07T10:00:22.348373+00:00
2026-10-07,3500,germ_a7v,A7V,https://thunderskill.com/en/vehicle/germ_a7v,Ground forces,2,Medium Tank,medium_tank,GERMANY,R,1,2,0.0,96.47,A7V germ_a7v Medium Tank,,2026-10-07T10:00:22.348373+00:00
2026-10-07,1584,ussr_t_26_1940,T-26,https://thunderskill.com/en/vehicle/ussr_t_26_1940,Ground forces,2,Light Tank,light_tank,USSR,R,1,2,0.0,94.25,T-26 ussr_t_26_1940 Light Tank,https://thunderskill.com/vehimgs/ussr_t_26_1940.png,2026-10-07T10:00:22.348373+00:00
2026-10-07,2062,fr_fcm_36,FCM.36,https://thunderskill.com/en/vehicle/fr_fcm_36,Ground forces,2,Light Tank,light_tank,FRANCE,R,1,2,0.0,51.42,FCM.36 fr_fcm_36 Light Tank,https://thunderskill.com/vehimgs/fr_fcm_36.png,2026-10-07T10:00:22.348373+00:00
2026-10-07,2823,sw_strv_m41_s1,Strv m/41 S-I,https://thunderskill.com/en/vehicle/sw_strv_m41_s1,Ground forces,2,Light Tank,light_tank,SWEDEN,R,2,2,50.0,49.66172413793105,Strv m/41 S-I sw_strv_m41_s1 Light Tank,https://thunderskill.com/vehimgs/sw_strv_m41_s1.png,2026-10-07T10:00:22.348373+00:00
2026-10-07,1901,ussr_type_62,Type 62,https://thunderskill.com/en/vehicle/ussr_type_62,Ground forces,2,Light Tank,light_tank,USSR,R,4,2,0.0,49.63,Type 62 ussr_type_62 Light Tank,https://thunderskill.com/vehimgs/ussr_type_62.png,2026-10-07T10:00:22.348373+00:00
2026-10-07,2856,germ_sdkfz_251_22,Sd.Kfz.251/22,https://thunderskill.com/en/vehicle/germ_sdkfz_251_22,Ground forces,2,Tank Destroyer,tank_destroyer,GERMANY,R,2,2,0.0,44.32,Sd.Kfz.251/22 germ_sdkfz_251_22 Tank Destroyer,https://thunderskill.com/vehimgs/germ_sdkfz_251_22.png,2026-10-07T10:00:22.348373+00:00
2026-10-07,3624,cn_hq_11,HQ11,https://thunderskill.com/en/vehicle/cn_hq_11,Ground forces,2,other,other,CHINA,R,8,2,0.0,43.934285714285714,HQ11 cn_hq_11 other,,2026-10-07T10:00:22.348373+00:00
2026-10-07,1745,germ_panzerjager_1,Panzerjäger I,https://thunderskill.com/en/vehicle/germ_panzerjager_1,Ground forces,2,Tank Destroyer,tank_destroyer,GERMANY,R,1,2,0.0,40.34,Panzerjäger I germ_panzerjager_1 Tank Destroyer,https://thunderskill.com/vehimgs/germ_panzerjager_1.png,2026-10-07T10:00:22.348373+00:00
2026-10-07,3161,cn_sdkfz_222_early,␗Sd.Kfz.222,https://thunderskill.com/en/vehicle/cn_sdkfz_222_early,Ground forces,2,SPAA,spaa,CHINA,R,1,2,0.0,31.85,␗Sd.Kfz.222 cn_sdkfz_222_early SPAA,https://thunderskill.com/vehimgs/cn_sdkfz_222_early.png,2026-10-07T10:00:22.348373+00:00
2026-10-07,2431,cn_m4a4_sherman_1st_ptg,␗M4A4 (1st PTG),https://thunderskill.com/en/vehicle/cn_m4a4_sherman_1st_ptg,Ground forces,2,Medium Tank,medium_tank,CHINA,R,2,2,0.0,30.23,␗M4A4 (1st PTG) cn_m4a4_sherman_1st_ptg Medium Tank,https://thunderskill.com/vehimgs/cn_m4a4_sherman_1st_ptg.png,2026-10-07T10:00:22.348373+00:00
2026-10-07,3266,uk_m109a1,M109A1,https://thunderskill.com/en/vehicle/uk_m109a1,Ground forces,2,Tank Destroyer,tank_destroyer,BRITAIN,R,4,2,0.0,29.356071428571447,M109A1 uk_m109a1 Tank Destroyer,https://thunderskill.com/vehimgs/uk_m109a1.png,2026-10-07T10:00:22.348373+00:00
2026-10-07,2539,cn_t_34_85_zis_53_no215,T-34-85 No.215,https://thunderskill.com/en/vehicle/cn_t_34_85_zis_53_no215,Ground forces,2,Medium Tank,medium_tank,CHINA,R,4,1,0.0,84.58,T-34-85 No.215 cn_t_34_85_zis_53_no215 Medium Tank,https://thunderskill.com/vehimgs/cn_t_34_85_zis_53_no215.png,2026-10-07T10:00:22.348373+00:00
2026-10-07,3633,jp_type_03_chusam_fcs,Type 03 (СОЦ),https://thunderskill.com/en/vehicle/jp_type_03_chusam_fcs,Ground forces,2,other,other,JAPAN,R,8,1,0.0,33.8178947368421,Type 03 (СОЦ) jp_type_03_chusam_fcs other,,2026-10-07T10:00:22.348373+00:00
2026-10-07,1402,us_halftrack_m13,M13 MGMC,https://thunderskill.com/en/vehicle/us_halftrack_m13,Ground forces,2,SPAA,spaa,USA,R,1,1,0.0,31.453157894736844,M13 MGMC us_halftrack_m13 SPAA,https://thunderskill.com/vehimgs/us_halftrack_m13.png,2026-10-07T10:00:22.348373+00:00
2026-10-07,2933,us_xm_975_roland,XM975,https://thunderskill.com/en/vehicle/us_xm_975_roland,Ground forces,2,SPAA,spaa,USA,R,7,1,0.0,10.117916666666666,XM975 us_xm_975_roland SPAA,https://thunderskill.com/vehimgs/us_xm_975_roland.png,2026-10-07T10:00:22.348373+00:00
2026-10-07,1783,germ_pzkpfw_e_100,E-100,https://thunderskill.com/en/vehicle/germ_pzkpfw_e_100,Ground forces,2,Heavy Tank,heavy_tank,GERMANY,R,5,0,0.0,98.75,E-100 germ_pzkpfw_e_100 Heavy Tank,https://thunderskill.com/vehimgs/germ_pzkpfw_e_100.png,2026-10-07T10:00:22.348373+00:00
2026-10-07,2693,uk_crusader_mk_2_the_saint,"Crusader ""The Saint""",https://thunderskill.com/en/vehicle/uk_crusader_mk_2_the_saint,Ground forces,2,Light Tank,light_tank,BRITAIN,R,2,0,0.0,87.94,"Crusader ""The Saint"" uk_crusader_mk_2_the_saint Light Tank",https://thunderskill.com/vehimgs/uk_crusader_mk_2_the_saint.png,2026-10-07T10:00:22.348373+00:00
2026-10-07,2478,fr_pzkpfw_V_panther_dauphine,Panther «Dauphine»,https://thunderskill.com/en/vehicle/fr_pzkpfw_V_panther_dauphine,Ground forces,2,Medium Tank,medium_tank,FRANCE,R,4,0,0.0,84.85999999999999,Panther «Dauphine» fr_pzkpfw_V_panther_dauphine Medium Tank,https://thunderskill.com/vehimgs/fr_pzkpfw_v_panther_dauphine.png,2026-10-07T10:00:22.348373+00:00
2026-10-07,3158,fr_char_2c,2C,https://thunderskill.com/en/vehicle/fr_char_2c,Ground forces,2,Heavy Tank,heavy_tank,FRANCE,R,2,0,0.0,80.26,2C fr_char_2c Heavy Tank,https://thunderskill.com/vehimgs/fr_char_2c.png,2026-10-07T10:00:22.348373+00:00
2026-10-07,2601,sw_sav_m43_1944,Sav m/43 (1944),https://thunderskill.com/en/vehicle/sw_sav_m43_1944,Ground forces,2,Tank Destroyer,tank_destroyer,SWEDEN,R,1,0,0.0,78.46000000000001,Sav m/43 (1944) sw_sav_m43_1944 Tank Destroyer,https://thunderskill.com/vehimgs/sw_sav_m43_1944.png,2026-10-07T10:00:22.348373+00:00
2026-10-07,1729,ussr_t_26_4,T-26-4,https://thunderskill.com/en/vehicle/ussr_t_26_4,Ground forces,2,Light Tank,light_tank,USSR,R,1,0,0.0,69.78999999999999,T-26-4 ussr_t_26_4 Light Tank,https://thunderskill.com/vehimgs/ussr_t_26_4.png,2026-10-07T10:00:22.348373+00:00
2026-10-07,1545,ussr_gaz_4m,GAZ-AAA (4M),https://thunderskill.com/en/vehicle/ussr_gaz_4m,Ground forces,2,SPAA,spaa,USSR,R,1,0,0.0,64.76153846153846,GAZ-AAA (4M) ussr_gaz_4m SPAA,https://thunderskill.com/vehimgs/ussr_gaz_4m.png,2026-10-07T10:00:22.348373+00:00
2026-10-07,1330,germ_flakpanzer_38t_Gepard,Flakpanzer 38,https://thunderskill.com/en/vehicle/germ_flakpanzer_38t_Gepard,Ground forces,2,SPAA,spaa,GERMANY,R,1,0,0.0,63.84166666666667,Flakpanzer 38 germ_flakpanzer_38t_Gepard SPAA,https://thunderskill.com/vehimgs/germ_flakpanzer_38t_gepard.png,2026-10-07T10:00:22.348373+00:00
2026-10-07,2467,cn_m36,␗M36 GMC,https://thunderskill.com/en/vehicle/cn_m36,Ground forces,2,Tank Destroyer,tank_destroyer,CHINA,R,4,0,0.0,59.11000000000001,␗M36 GMC cn_m36 Tank Destroyer,https://thunderskill.com/vehimgs/cn_m36.png,2026-10-07T10:00:22.348373+00:00
2026-10-07,2747,it_sahariano,Celere Sahariano,https://thunderskill.com/en/vehicle/it_sahariano,Ground forces,2,Medium Tank,medium_tank,ITALY,R,2,0,0.0,58.09000000000001,Celere Sahariano it_sahariano Medium Tank,https://thunderskill.com/vehimgs/it_sahariano.png,2026-10-07T10:00:22.348373+00:00
2026-10-07,1855,jp_type_94,Type 94,https://thunderskill.com/en/vehicle/jp_type_94,Ground forces,2,SPAA,spaa,JAPAN,R,1,0,0.0,57.26,Type 94 jp_type_94 SPAA,https://thunderskill.com/vehimgs/jp_type_94.png,2026-10-07T10:00:22.348373+00:00
2026-10-07,2603,sw_sav_m43_1946,Sav m/43 (1946),https://thunderskill.com/en/vehicle/sw_sav_m43_1946,Ground forces,2,Tank Destroyer,tank_destroyer,SWEDEN,R,2,0,0.0,53.13230769230768,Sav m/43 (1946) sw_sav_m43_1946 Tank Destroyer,https://thunderskill.com/vehimgs/sw_sav_m43_1946.png,2026-10-07T10:00:22.348373+00:00
2026-10-07,1766,us_m8a1,M8A1 GMC,https://thunderskill.com/en/vehicle/us_m8a1,Ground forces,2,Light Tank,light_tank,USA,R,2,0,0.0,52.75181818181817,M8A1 GMC us_m8a1 Light Tank,https://thunderskill.com/vehimgs/us_m8a1.png,2026-10-07T10:00:22.348373+00:00
2026-10-07,2066,fr_cckw_353_bofors,CCKW 353 AA,https://thunderskill.com/en/vehicle/fr_cckw_353_bofors,Ground forces,2,SPAA,spaa,FRANCE,R,2,0,0.0,50.967777777777776,CCKW 353 AA fr_cckw_353_bofors SPAA,https://thunderskill.com/vehimgs/fr_cckw_353_bofors.png,2026-10-07T10:00:22.348373+00:00
2026-10-07,3581,it_samp_t_fcs,FSAF SAMP/T (СОЦ),https://thunderskill.com/en/vehicle/it_samp_t_fcs,Ground forces,2,other,other,ITALY,R,8,0,0.0,50.44,FSAF SAMP/T (СОЦ) it_samp_t_fcs other,,2026-10-07T10:00:22.348373+00:00
2026-10-07,2292,it_semovente_m43_105_leoncello,"M43 ""G.C.Leoncello""",https://thunderskill.com/en/vehicle/it_semovente_m43_105_leoncello,Ground forces,2,Tank Destroyer,tank_destroyer,ITALY,R,3,0,0.0,49.919999999999995,"M43 ""G.C.Leoncello"" it_semovente_m43_105_leoncello Tank Destroyer",https://thunderskill.com/vehimgs/it_semovente_m43_105_leoncello.png,2026-10-07T10:00:22.348373+00:00
2026-10-07,2592,sw_strv_m31,Strv m/31,https://thunderskill.com/en/vehicle/sw_strv_m31,Ground forces,2,Light Tank,light_tank,SWEDEN,R,1,0,0.0,49.37,Strv m/31 sw_strv_m31 Light Tank,https://thunderskill.com/vehimgs/sw_strv_m31.png,2026-10-07T10:00:22.348373+00:00
2026-10-07,1583,germ_pzkpfw_III_ausf_J_L42,Pz.III J,https://thunderskill.com/en/vehicle/germ_pzkpfw_III_ausf_J_L42,Ground forces,2,Medium Tank,medium_tank,GERMANY,R,1,0,0.0,46.399999999999984,Pz.III J germ_pzkpfw_III_ausf_J_L42 Medium Tank,https://thunderskill.com/vehimgs/germ_pzkpfw_iii_ausf_j_l42.png,2026-10-07T10:00:22.348373+00:00
2026-10-07,2286,it_m13_40_serie_3,M13/40 (III),https://thunderskill.com/en/vehicle/it_m13_40_serie_3,Ground forces,2,Medium Tank,medium_tank,ITALY,R,1,0,0.0,44.72,M13/40 (III) it_m13_40_serie_3 Medium Tank,https://thunderskill.com/vehimgs/it_m13_40_serie_3.png,2026-10-07T10:00:22.348373+00:00
2026-10-07,1502,ussr_t_60_1941,T-60,https://thunderskill.com/en/vehicle/ussr_t_60_1941,Ground forces,2,Light Tank,light_tank,USSR,R,1,0,0.0,43.086666666666666,T-60 ussr_t_60_1941 Light Tank,https://thunderskill.com/vehimgs/ussr_t_60_1941.png,2026-10-07T10:00:22.348373+00:00
2026-10-07,2448,cn_m8_scott,␗M8 HMC,https://thunderskill.com/en/vehicle/cn_m8_scott,Ground forces,2,Tank Destroyer,tank_destroyer,CHINA,R,1,0,0.0,42.81,␗M8 HMC cn_m8_scott Tank Destroyer,https://thunderskill.com/vehimgs/cn_m8_scott.png,2026-10-07T10:00:22.348373+00:00
2026-10-07,1982,uk_fv102_striker,Striker,https://thunderskill.com/en/vehicle/uk_fv102_striker,Ground forces,2,Missile Tank,tank_destroyer,BRITAIN,R,6,0,0.0,42.480000000000004,Striker uk_fv102_striker Missile Tank,https://thunderskill.com/vehimgs/uk_fv102_striker.png,2026-10-07T10:00:22.348373+00:00
2026-10-07,2872,sw_pbv_301,Pbv 301,https://thunderskill.com/en/vehicle/sw_pbv_301,Ground forces,2,SPAA,spaa,SWEDEN,R,2,0,0.0,42.31,Pbv 301 sw_pbv_301 SPAA,https://thunderskill.com/vehimgs/sw_pbv_301.png,2026-10-07T10:00:22.348373+00:00
2026-10-07,1409,germ_pzkpfw_38t_Aufklarungspanzer,Sd.Kfz. 140/1,https://thunderskill.com/en/vehicle/germ_pzkpfw_38t_Aufklarungspanzer,Ground forces,2,Light Tank,light_tank,GERMANY,R,1,0,0.0,41.81,Sd.Kfz. 140/1 germ_pzkpfw_38t_Aufklarungspanzer Light Tank,https://thunderskill.com/vehimgs/germ_pzkpfw_38t_aufklarungspanzer.png,2026-10-07T10:00:22.348373+00:00
2026-10-07,2664,uk_m3_stuart,Stuart I,https://thunderskill.com/en/vehicle/uk_m3_stuart,Ground forces,2,Light Tank,light_tank,BRITAIN,R,1,0,0.0,40.52999999999999,Stuart I uk_m3_stuart Light Tank,https://thunderskill.com/vehimgs/uk_m3_stuart.png,2026-10-07T10:00:22.348373+00:00
2026-10-07,3565,cn_m55,␗M55,https://thunderskill.com/en/vehicle/cn_m55,Ground forces,2,other,other,CHINA,R,3,0,0.0,39.34,␗M55 cn_m55 other,,2026-10-07T10:00:22.348373+00:00
2026-10-07,2108,us_magach_3,Magach 3 (ERA),https://thunderskill.com/en/vehicle/us_magach_3,Ground forces,2,Medium Tank,medium_tank,USA,R,5,0,0.0,38.980000000000004,Magach 3 (ERA) us_magach_3 Medium Tank,https://thunderskill.com/vehimgs/us_magach_3.png,2026-10-07T10:00:22.348373+00:00
2026-10-07,2617,sw_strv_m39,Strv m/39,https://thunderskill.com/en/vehicle/sw_strv_m39,Ground forces,2,Light Tank,light_tank,SWEDEN,R,1,0,0.0,32.38,Strv m/39 sw_strv_m39 Light Tank,https://thunderskill.com/vehimgs/sw_strv_m39.png,2026-10-07T10:00:22.348373+00:00
2026-10-07,1917,us_m8_scott,M8 HMC,https://thunderskill.com/en/vehicle/us_m8_scott,Ground forces,2,Tank Destroyer,tank_destroyer,USA,R,1,0,0.0,30.78,M8 HMC us_m8_scott Tank Destroyer,https://thunderskill.com/vehimgs/us_m8_scott.png,2026-10-07T10:00:22.348373+00:00
2026-10-07,1110,uk_a_13_mk1,A13 Mk I,https://thunderskill.com/en/vehicle/uk_a_13_mk1,Ground forces,2,Light Tank,light_tank,BRITAIN,R,1,0,0.0,30.200000000000003,A13 Mk I uk_a_13_mk1 Light Tank,https://thunderskill.com/vehimgs/uk_a_13_mk1.png,2026-10-07T10:00:22.348373+00:00
2026-10-07,3485,uk_a25_mk_8,Harry Hopkins I,https://thunderskill.com/en/vehicle/uk_a25_mk_8,Ground forces,2,Light Tank,light_tank,BRITAIN,R,2,0,0.0,29.93,Harry Hopkins I uk_a25_mk_8 Light Tank,,2026-10-07T10:00:22.348373+00:00
2026-10-07,2594,sw_stormpjas_fm43_44,Spj fm/43-44,https://thunderskill.com/en/vehicle/sw_stormpjas_fm43_44,Ground forces,2,Tank Destroyer,tank_destroyer,SWEDEN,R,2,0,0.0,28.66,Spj fm/43-44 sw_stormpjas_fm43_44 Tank Destroyer,https://thunderskill.com/vehimgs/sw_stormpjas_fm43_44.png,2026-10-07T10:00:22.348373+00:00
2026-10-07,2338,ussr_su_85a,SU-85A,https://thunderskill.com/en/vehicle/ussr_su_85a,Ground forces,2,Tank Destroyer,tank_destroyer,USSR,R,2,0,0.0,27.25,SU-85A ussr_su_85a Tank Destroyer,https://thunderskill.com/vehimgs/ussr_su_85a.png,2026-10-07T10:00:22.348373+00:00
2026-10-07,2408,uk_stormer_hvm,Stormer HVM,https://thunderskill.com/en/vehicle/uk_stormer_hvm,Ground forces,2,SPAA,spaa,BRITAIN,R,7,0,0.0,23.87333333333333,Stormer HVM uk_stormer_hvm SPAA,https://thunderskill.com/vehimgs/uk_stormer_hvm.png,2026-10-07T10:00:22.348373+00:00
2026-10-07,3525,sw_eldenhet_98,EldE 98,https://thunderskill.com/en/vehicle/sw_eldenhet_98,Ground forces,2,SPAA,spaa,SWEDEN,R,8,0,0.0,22.132999999999996,EldE 98 sw_eldenhet_98 SPAA,,2026-10-07T10:00:22.348373+00:00
2026-10-07,1853,jp_type_95_ha_go,Ha-Go,https://thunderskill.com/en/vehicle/jp_type_95_ha_go,Ground forces,2,Light Tank,light_tank,JAPAN,R,1,0,0.0,18.77,Ha-Go jp_type_95_ha_go Light Tank,https://thunderskill.com/vehimgs/jp_type_95_ha_go.png,2026-10-07T10:00:22.348373+00:00
2026-10-07,2630,sw_lvrbv_701,Lvrbv 701,https://thunderskill.com/en/vehicle/sw_lvrbv_701,Ground forces,2,SPAA,spaa,SWEDEN,R,6,0,0.0,10.36,Lvrbv 701 sw_lvrbv_701 SPAA,https://thunderskill.com/vehimgs/sw_lvrbv_701.png,2026-10-07T10:00:22.348373+00:00
2026-10-07,3186,ussr_bm_31_12,BM-31-12,https://thunderskill.com/en/vehicle/ussr_bm_31_12,Ground forces,2,Tank Destroyer,tank_destroyer,USSR,R,3,0,0.0,0.0,BM-31-12 ussr_bm_31_12 Tank Destroyer,https://thunderskill.com/vehimgs/ussr_bm_31_12.png,2026-10-07T10:00:22.348373+00:00
2026-10-07,2178,us_m18_hellcat_black_cat_race,"""Racing"" M18",https://thunderskill.com/en/vehicle/us_m18_hellcat_black_cat_race,Ground forces,2,Tank Destroyer,tank_destroyer,USA,R,3,0,0.0,,"""Racing"" M18 us_m18_hellcat_black_cat_race Tank Destroyer",https://thunderskill.com/vehimgs/us_m18_hellcat_black_cat_race.png,2026-10-07T10:00:22.348373+00:00
2026-10-07,1528,germ_panzerwerfer_42,15 cm Pz.W.42,https://thunderskill.com/en/vehicle/germ_panzerwerfer_42,Ground forces,2,Tank Destroyer,tank_destroyer,GERMANY,R,2,0,0.0,,15 cm Pz.W.42 germ_panzerwerfer_42 Tank Destroyer,https://thunderskill.com/vehimgs/germ_panzerwerfer_42.png,2026-10-07T10:00:22.348373+00:00
2026-10-07,3136,fr_char_2c_bis,2C bis,https://thunderskill.com/en/vehicle/fr_char_2c_bis,Ground forces,2,Heavy Tank,heavy_tank,FRANCE,R,1,0,0.0,,2C bis fr_char_2c_bis Heavy Tank,https://thunderskill.com/vehimgs/fr_char_2c_bis.png,2026-10-07T10:00:22.348373+00:00
2026-10-07,2317,it_semovente_l40,47/32 L40,https://thunderskill.com/en/vehicle/it_semovente_l40,Ground forces,2,Tank Destroyer,tank_destroyer,ITALY,R,1,0,0.0,,47/32 L40 it_semovente_l40 Tank Destroyer,https://thunderskill.com/vehimgs/it_semovente_l40.png,2026-10-07T10:00:22.348373+00:00
2026-10-07,2319,it_semovente_m41_75_18,75/18 M41,https://thunderskill.com/en/vehicle/it_semovente_m41_75_18,Ground forces,2,Tank Destroyer,tank_destroyer,ITALY,R,2,0,0.0,,75/18 M41 it_semovente_m41_75_18 Tank Destroyer,https://thunderskill.com/vehimgs/it_semovente_m41_75_18.png,2026-10-07T10:00:22.348373+00:00
2026-10-07,2331,it_semovente_m41_75_32,75/32 M41,https://thunderskill.com/en/vehicle/it_semovente_m41_75_32,Ground forces,2,Tank Destroyer,tank_destroyer,ITALY,R,2,0,0.0,,75/32 M41 it_semovente_m41_75_32 Tank Destroyer,https://thunderskill.com/vehimgs/it_semovente_m41_75_32.png,2026-10-07T10:00:22.348373+00:00
2026-10-07,2297,it_semovente_m42_75_34,75/34 M42,https://thunderskill.com/en/vehicle/it_semovente_m42_75_34,Ground forces,2,Tank Destroyer,tank_destroyer,ITALY,R,2,0,0.0,,75/34 M42 it_semovente_m42_75_34 Tank Destroyer,https://thunderskill.com/vehimgs/it_semovente_m42_75_34.png,2026-10-07T10:00:22.348373+00:00
2026-10-07,2340,it_semovente_m43_75_34,75/34 M43,https://thunderskill.com/en/vehicle/it_semovente_m43_75_34,Ground forces,2,Tank Destroyer,tank_destroyer,ITALY,R,2,0,0.0,,75/34 M43 it_semovente_m43_75_34 Tank Destroyer,https://thunderskill.com/vehimgs/it_semovente_m43_75_34.png,2026-10-07T10:00:22.348373+00:00
2026-10-07,2334,it_semovente_m43_75_46,75/46 M43,https://thunderskill.com/en/vehicle/it_semovente_m43_75_46,Ground forces,2,Tank Destroyer,tank_destroyer,ITALY,R,3,0,0.0,,75/46 M43 it_semovente_m43_75_46 Tank Destroyer,https://thunderskill.com/vehimgs/it_semovente_m43_75_46.png,2026-10-07T10:00:22.348373+00:00
2026-10-07,3649,ussr_buk_m3_launcher,"9К317М ""БУК-М3"" (СОУ)",https://thunderskill.com/en/vehicle/ussr_buk_m3_launcher,Ground forces,2,other,other,USSR,R,8,0,0.0,,"9К317М ""БУК-М3"" (СОУ) ussr_buk_m3_launcher other",,2026-10-07T10:00:23.970549+00:00
2026-10-07,2952,uk_ac1_sentinel,A.C.I,https://thunderskill.com/en/vehicle/uk_ac1_sentinel,Ground forces,2,Medium Tank,medium_tank,BRITAIN,R,2,0,0.0,,A.C.I uk_ac1_sentinel Medium Tank,https://thunderskill.com/vehimgs/uk_ac1_sentinel.png,2026-10-07T10:00:23.970549+00:00
2026-10-07,1724,uk_a_13_mk1_3rd_rtr,A13 Mk I (3rd R.T.R.),https://thunderskill.com/en/vehicle/uk_a_13_mk1_3rd_rtr,Ground forces,2,Light Tank,light_tank,BRITAIN,R,1,0,0.0,,A13 Mk I (3rd R.T.R.) uk_a_13_mk1_3rd_rtr Light Tank,https://thunderskill.com/vehimgs/uk_a_13_mk1_3rd_rtr.png,2026-10-07T10:00:23.970549+00:00
2026-10-07,3002,uk_alecto_mk_1,Alecto I,https://thunderskill.com/en/vehicle/uk_alecto_mk_1,Ground forces,2,Tank Destroyer,tank_destroyer,BRITAIN,R,1,0,0.0,,Alecto I uk_alecto_mk_1 Tank Destroyer,https://thunderskill.com/vehimgs/uk_alecto_mk_1.png,2026-10-07T10:00:23.970549+00:00
2026-10-07,2052,fr_amc_34,AMC.34 YR,https://thunderskill.com/en/vehicle/fr_amc_34,Ground forces,2,Light Tank,light_tank,FRANCE,R,1,0,0.0,,AMC.34 YR fr_amc_34 Light Tank,https://thunderskill.com/vehimgs/fr_amc_34.png,2026-10-07T10:00:23.970549+00:00
2026-10-07,2064,fr_amc_35,AMC.35 (ACG.1),https://thunderskill.com/en/vehicle/fr_amc_35,Ground forces,2,Light Tank,light_tank,FRANCE,R,1,0,0.0,,AMC.35 (ACG.1) fr_amc_35 Light Tank,https://thunderskill.com/vehimgs/fr_amc_35.png,2026-10-07T10:00:23.970549+00:00
2026-10-07,3183,fr_amd_35_sa35,AMD.35 (SA35),https://thunderskill.com/en/vehicle/fr_amd_35_sa35,Ground forces,2,Light Tank,light_tank,FRANCE,R,1,0,0.0,,AMD.35 (SA35) fr_amd_35_sa35 Light Tank,https://thunderskill.com/vehimgs/fr_amd_35_sa35.png,2026-10-07T10:00:23.970549+00:00
2026-10-07,2061,fr_amr_35_zt3,AMR.35 ZT3,https://thunderskill.com/en/vehicle/fr_amr_35_zt3,Ground forces,2,Tank Destroyer,tank_destroyer,FRANCE,R,1,0,0.0,,AMR.35 ZT3 fr_amr_35_zt3 Tank Destroyer,https://thunderskill.com/vehimgs/fr_amr_35_zt3.png,2026-10-07T10:00:23.970549+00:00
2026-10-07,2102,fr_amx_13_hot,AMX-13 (HOT),https://thunderskill.com/en/vehicle/fr_amx_13_hot,Ground forces,2,Light Tank,light_tank,FRANCE,R,6,0,0.0,,AMX-13 (HOT) fr_amx_13_hot Light Tank,https://thunderskill.com/vehimgs/fr_amx_13_hot.png,2026-10-07T10:00:23.970549+00:00
2026-10-07,2390,fr_amx_50_surblinde,AMX-50 Surblindé,https://thunderskill.com/en/vehicle/fr_amx_50_surblinde,Ground forces,2,Heavy Tank,heavy_tank,FRANCE,R,5,0,0.0,,AMX-50 Surblindé fr_amx_50_surblinde Heavy Tank,https://thunderskill.com/vehimgs/fr_amx_50_surblinde.png,2026-10-07T10:00:23.970549+00:00
2026-10-07,3395,cn_antelope_tc_1l_ads,Antelope,https://thunderskill.com/en/vehicle/cn_antelope_tc_1l_ads,Ground forces,2,SPAA,spaa,CHINA,R,7,0,0.0,,Antelope cn_antelope_tc_1l_ads SPAA,,2026-10-07T10:00:23.970549+00:00
2026-10-07,1552,uk_sp_17_pdr_valentine,Archer,https://thunderskill.com/en/vehicle/uk_sp_17_pdr_valentine,Ground forces,2,Tank Destroyer,tank_destroyer,BRITAIN,R,2,0,0.0,,Archer uk_sp_17_pdr_valentine Tank Destroyer,https://thunderskill.com/vehimgs/uk_sp_17_pdr_valentine.png,2026-10-07T10:00:23.970549+00:00
2026-10-07,2056,fr_b1_bis,B1 bis,https://thunderskill.com/en/vehicle/fr_b1_bis,Ground forces,2,Heavy Tank,heavy_tank,FRANCE,R,2,0,0.0,,B1 bis fr_b1_bis Heavy Tank,https://thunderskill.com/vehimgs/fr_b1_bis.png,2026-10-07T10:00:23.970549+00:00
2026-10-07,3502,germ_beutepanzer_mk_iv,Beutepanzer IV,https://thunderskill.com/en/vehicle/germ_beutepanzer_mk_iv,Ground forces,2,Medium Tank,medium_tank,GERMANY,R,1,0,0.0,,Beutepanzer IV germ_beutepanzer_mk_iv Medium Tank,,2026-10-07T10:00:23.970549+00:00
2026-10-07,1315,ussr_bm_8_24,BM-8-24,https://thunderskill.com/en/vehicle/ussr_bm_8_24,Ground forces,2,Tank Destroyer,tank_destroyer,USSR,R,1,0,0.0,,BM-8-24 ussr_bm_8_24 Tank Destroyer,https://thunderskill.com/vehimgs/ussr_bm_8_24.png,2026-10-07T10:00:23.970549+00:00
2026-10-07,2784,ussr_bt_7_1937_td,BT-7 TD,https://thunderskill.com/en/vehicle/ussr_bt_7_1937_td,Ground forces,2,Light Tank,light_tank,USSR,R,1,0,0.0,,BT-7 TD ussr_bt_7_1937_td Light Tank,https://thunderskill.com/vehimgs/ussr_bt_7_1937_td.png,2026-10-07T10:00:23.970549+00:00
2026-10-07,2824,jp_type_97_kai_td,Chi-Ha Kai TD,https://thunderskill.com/en/vehicle/jp_type_97_kai_td,Ground forces,2,Medium Tank,medium_tank,JAPAN,R,2,0,0.0,,Chi-Ha Kai TD jp_type_97_kai_td Medium Tank,https://thunderskill.com/vehimgs/jp_type_97_kai_td.png,2026-10-07T10:00:23.970549+00:00
2026-10-07,1857,jp_type_97_chi_ha_12cm,Chi-Ha Short Gun,https://thunderskill.com/en/vehicle/jp_type_97_chi_ha_12cm,Ground forces,2,Medium Tank,medium_tank,JAPAN,R,2,0,0.0,,Chi-Ha Short Gun jp_type_97_chi_ha_12cm Medium Tank,https://thunderskill.com/vehimgs/jp_type_97_chi_ha_12cm.png,2026-10-07T10:00:23.970549+00:00
2026-10-07,3344,uk_churchill_avre,Churchill AVRE Petard,https://thunderskill.com/en/vehicle/uk_churchill_avre,Ground forces,2,Heavy Tank,heavy_tank,BRITAIN,R,2,0,0.0,,Churchill AVRE Petard uk_churchill_avre Heavy Tank,https://thunderskill.com/vehimgs/uk_churchill_avre.png,2026-10-07T10:00:23.970549+00:00
2026-10-07,3550,us_sl_amraam_launcher,CLAWS (СОУ),https://thunderskill.com/en/vehicle/us_sl_amraam_launcher,Ground forces,2,SPAA,spaa,USA,R,8,0,0.0,,CLAWS (СОУ) us_sl_amraam_launcher SPAA,,2026-10-07T10:00:23.970549+00:00
2026-10-07,3226,it_39m_csaba,Csaba,https://thunderskill.com/en/vehicle/it_39m_csaba,Ground forces,2,Light Tank,light_tank,ITALY,R,1,0,0.0,,Csaba it_39m_csaba Light Tank,https://thunderskill.com/vehimgs/it_39m_csaba.png,2026-10-07T10:00:23.970549+00:00
2026-10-07,2648,fr_renault_d2,D2,https://thunderskill.com/en/vehicle/fr_renault_d2,Ground forces,2,Medium Tank,medium_tank,FRANCE,R,1,0,0.0,,D2 fr_renault_d2 Medium Tank,https://thunderskill.com/vehimgs/fr_renault_d2.png,2026-10-07T10:00:23.970549+00:00
2026-10-07,3759,cn_fk_2000,FK-2000,https://thunderskill.com/en/vehicle/cn_fk_2000,Ground forces,2,other,other,CHINA,R,8,0,0.0,,FK-2000 cn_fk_2000 other,,2026-10-07T10:00:23.970549+00:00
2026-10-07,3591,fr_samp_t_launcher,FSAF SAMP/T (Mamba) (СОУ),https://thunderskill.com/en/vehicle/fr_samp_t_launcher,Ground forces,2,other,other,FRANCE,R,8,0,0.0,,FSAF SAMP/T (Mamba) (СОУ) fr_samp_t_launcher other,,2026-10-07T10:00:23.970549+00:00
2026-10-07,3501,germ_garford_putilov,Garford-Beute,https://thunderskill.com/en/vehicle/germ_garford_putilov,Ground forces,2,Light Tank,light_tank,GERMANY,R,1,0,0.0,,Garford-Beute germ_garford_putilov Light Tank,,2026-10-07T10:00:23.970549+00:00
2026-10-07,3671,uk_vickers_gbt_155,GBT 155,https://thunderskill.com/en/vehicle/uk_vickers_gbt_155,Ground forces,2,other,other,BRITAIN,R,4,0,0.0,,GBT 155 uk_vickers_gbt_155 other,,2026-10-07T10:00:23.970549+00:00
2026-10-07,1830,uk_mk1_grant,Grant I,https://thunderskill.com/en/vehicle/uk_mk1_grant,Ground forces,2,Medium Tank,medium_tank,BRITAIN,R,2,0,0.0,,Grant I uk_mk1_grant Medium Tank,https://thunderskill.com/vehimgs/uk_mk1_grant.png,2026-10-07T10:00:23.970549+00:00
2026-10-07,1550,uk_3_inch_gun_carrier,Gun Carrier (3-in),https://thunderskill.com/en/vehicle/uk_3_inch_gun_carrier,Ground forces,2,Tank Destroyer,tank_destroyer,BRITAIN,R,2,0,0.0,,Gun Carrier (3-in) uk_3_inch_gun_carrier Tank Destroyer,https://thunderskill.com/vehimgs/uk_3_inch_gun_carrier.png,2026-10-07T10:00:23.970549+00:00
2026-10-07,2055,fr_hotchkiss_h35,H.35,https://thunderskill.com/en/vehicle/fr_hotchkiss_h35,Ground forces,2,Light Tank,light_tank,FRANCE,R,1,0,0.0,,H.35 fr_hotchkiss_h35 Light Tank,https://thunderskill.com/vehimgs/fr_hotchkiss_h35.png,2026-10-07T10:00:23.970549+00:00
2026-10-07,2060,fr_hotchkiss_h39,H.39,https://thunderskill.com/en/vehicle/fr_hotchkiss_h39,Ground forces,2,Light Tank,light_tank,FRANCE,R,1,0,0.0,,H.39 fr_hotchkiss_h39 Light Tank,https://thunderskill.com/vehimgs/fr_hotchkiss_h39.png,2026-10-07T10:00:23.970549+00:00
2026-10-07,2076,fr_hotchkiss_h39_cambronne,"H.39 ""Cambronne""",https://thunderskill.com/en/vehicle/fr_hotchkiss_h39_cambronne,Ground forces,2,Light Tank,light_tank,FRANCE,R,1,0,0.0,,"H.39 ""Cambronne"" fr_hotchkiss_h39_cambronne Light Tank",https://thunderskill.com/vehimgs/fr_hotchkiss_h39_cambronne.png,2026-10-07T10:00:23.970549+00:00
2026-10-07,3760,jp_harimau,Harimau,https://thunderskill.com/en/vehicle/jp_harimau,Ground forces,2,other,other,JAPAN,R,7,0,0.0,,Harimau jp_harimau other,,2026-10-07T10:00:23.970549+00:00
2026-10-07,3656,jp_type_2_ho_ni_2,Ho-Ni II,https://thunderskill.com/en/vehicle/jp_type_2_ho_ni_2,Ground forces,2,other,other,JAPAN,R,1,0,0.0,,Ho-Ni II jp_type_2_ho_ni_2 other,,2026-10-07T10:00:23.970549+00:00
2026-10-07,3466,cn_hq_17,HQ17,https://thunderskill.com/en/vehicle/cn_hq_17,Ground forces,2,SPAA,spaa,CHINA,R,8,0,0.0,,HQ17 cn_hq_17 SPAA,,2026-10-07T10:00:23.970549+00:00
2026-10-07,1852,uk_a1e1_independent,Independent,https://thunderskill.com/en/vehicle/uk_a1e1_independent,Ground forces,2,Heavy Tank,heavy_tank,BRITAIN,R,1,0,0.0,,Independent uk_a1e1_independent Heavy Tank,https://thunderskill.com/vehimgs/uk_a1e1_independent.png,2026-10-07T10:00:23.970549+00:00
2026-10-07,3549,germ_iris_slm_launcher,IRIS-T SLM (СОУ),https://thunderskill.com/en/vehicle/germ_iris_slm_launcher,Ground forces,2,SPAA,spaa,GERMANY,R,8,0,0.0,,IRIS-T SLM (СОУ) germ_iris_slm_launcher SPAA,,2026-10-07T10:00:23.970549+00:00
2026-10-07,2363,it_semovente_m43_75_bersaglieri,it_semovente_m43_75_bersaglieri,https://thunderskill.com/en/vehicle/it_semovente_m43_75_bersaglieri,Ground forces,2,Tank Destroyer,tank_destroyer,ITALY,R,2,0,0.0,,it_semovente_m43_75_bersaglieri it_semovente_m43_75_bersaglieri Tank Destroyer,,2026-10-07T10:00:23.970549+00:00
2026-10-07,2858,jp_type_3_ka_chi,Ka-Chi,https://thunderskill.com/en/vehicle/jp_type_3_ka_chi,Ground forces,2,Medium Tank,medium_tank,JAPAN,R,1,0,0.0,,Ka-Chi jp_type_3_ka_chi Medium Tank,https://thunderskill.com/vehimgs/jp_type_3_ka_chi.png,2026-10-07T10:00:23.970549+00:00
2026-10-07,1880,jp_type_2_ka_mi,Ka-Mi,https://thunderskill.com/en/vehicle/jp_type_2_ka_mi,Ground forces,2,Light Tank,light_tank,JAPAN,R,1,0,0.0,,Ka-Mi jp_type_2_ka_mi Light Tank,https://thunderskill.com/vehimgs/jp_type_2_ka_mi.png,2026-10-07T10:00:23.970549+00:00
2026-10-07,2287,it_l3_cc,L3/33 CC,https://thunderskill.com/en/vehicle/it_l3_cc,Ground forces,2,Tank Destroyer,tank_destroyer,ITALY,R,1,0,0.0,,L3/33 CC it_l3_cc Tank Destroyer,https://thunderskill.com/vehimgs/it_l3_cc.png,2026-10-07T10:00:23.970549+00:00
2026-10-07,2315,it_l6,L6/40,https://thunderskill.com/en/vehicle/it_l6,Ground forces,2,Light Tank,light_tank,ITALY,R,1,0,0.0,,L6/40 it_l6 Light Tank,https://thunderskill.com/vehimgs/it_l6.png,2026-10-07T10:00:23.970549+00:00
2026-10-07,3039,it_l6_leone,L6/40 (31 Rgt.),https://thunderskill.com/en/vehicle/it_l6_leone,Ground forces,2,Light Tank,light_tank,ITALY,R,1,0,0.0,,L6/40 (31 Rgt.) it_l6_leone Light Tank,https://thunderskill.com/vehimgs/it_l6_leone.png,2026-10-07T10:00:23.970549+00:00
2026-10-07,3020,it_lancia3ro_100,Lancia 3Ro (100/17),https://thunderskill.com/en/vehicle/it_lancia3ro_100,Ground forces,2,Tank Destroyer,tank_destroyer,ITALY,R,1,0,0.0,,Lancia 3Ro (100/17) it_lancia3ro_100 Tank Destroyer,https://thunderskill.com/vehimgs/it_lancia3ro_100.png,2026-10-07T10:00:23.970549+00:00
2026-10-07,2131,fr_lorraine_155,Lorraine 155 Mle.50,https://thunderskill.com/en/vehicle/fr_lorraine_155,Ground forces,2,Tank Destroyer,tank_destroyer,FRANCE,R,3,0,0.0,,Lorraine 155 Mle.50 fr_lorraine_155 Tank Destroyer,https://thunderskill.com/vehimgs/fr_lorraine_155.png,2026-10-07T10:00:23.970549+00:00
2026-10-07,2737,fr_lorraine_37l,Lorraine 37L,https://thunderskill.com/en/vehicle/fr_lorraine_37l,Ground forces,2,Tank Destroyer,tank_destroyer,FRANCE,R,1,0,0.0,,Lorraine 37L fr_lorraine_37l Tank Destroyer,https://thunderskill.com/vehimgs/fr_lorraine_37l.png,2026-10-07T10:00:23.970549+00:00
2026-10-07,2645,us_lvt_a_4,LVT(A)(4),https://thunderskill.com/en/vehicle/us_lvt_a_4,Ground forces,2,Light Tank,light_tank,USA,R,1,0,0.0,,LVT(A)(4) us_lvt_a_4 Light Tank,https://thunderskill.com/vehimgs/us_lvt_a_4.png,2026-10-07T10:00:23.970549+00:00
2026-10-07,1902,us_lvt_4_zis_2,LVT(A)(4) (ZIS-2),https://thunderskill.com/en/vehicle/us_lvt_4_zis_2,Ground forces,2,Tank Destroyer,tank_destroyer,USA,R,2,0,0.0,,LVT(A)(4) (ZIS-2) us_lvt_4_zis_2 Tank Destroyer,https://thunderskill.com/vehimgs/us_lvt_4_zis_2.png,2026-10-07T10:00:23.970549+00:00
2026-10-07,2291,it_m11_39,M11/39,https://thunderskill.com/en/vehicle/it_m11_39,Ground forces,2,Light Tank,light_tank,ITALY,R,1,0,0.0,,M11/39 it_m11_39 Light Tank,https://thunderskill.com/vehimgs/it_m11_39.png,2026-10-07T10:00:23.970549+00:00
2026-10-07,2285,it_m13_40_serie_1,M13/40 (I),https://thunderskill.com/en/vehicle/it_m13_40_serie_1,Ground forces,2,Medium Tank,medium_tank,ITALY,R,1,0,0.0,,M13/40 (I) it_m13_40_serie_1 Medium Tank,https://thunderskill.com/vehimgs/it_m13_40_serie_1.png,2026-10-07T10:00:23.970549+00:00
2026-10-07,2316,it_m14_41,M14/41,https://thunderskill.com/en/vehicle/it_m14_41,Ground forces,2,Medium Tank,medium_tank,ITALY,R,1,0,0.0,,M14/41 it_m14_41 Medium Tank,https://thunderskill.com/vehimgs/it_m14_41.png,2026-10-07T10:00:23.970549+00:00
2026-10-07,2692,it_m14_41_47_40,M14/41 (47/40),https://thunderskill.com/en/vehicle/it_m14_41_47_40,Ground forces,2,Medium Tank,medium_tank,ITALY,R,2,0,0.0,,M14/41 (47/40) it_m14_41_47_40 Medium Tank,https://thunderskill.com/vehimgs/it_m14_41_47_40.png,2026-10-07T10:00:23.970549+00:00
2026-10-07,2318,it_m15_42,M15/42,https://thunderskill.com/en/vehicle/it_m15_42,Ground forces,2,Medium Tank,medium_tank,ITALY,R,2,0,0.0,,M15/42 it_m15_42 Medium Tank,https://thunderskill.com/vehimgs/it_m15_42.png,2026-10-07T10:00:23.970549+00:00
2026-10-07,1495,us_m2a2,M2A2,https://thunderskill.com/en/vehicle/us_m2a2,Ground forces,2,Light Tank,light_tank,USA,R,1,0,0.0,,M2A2 us_m2a2 Light Tank,https://thunderskill.com/vehimgs/us_m2a2.png,2026-10-07T10:00:23.970549+00:00
2026-10-07,1797,ussr_m3c,M3 Medium,https://thunderskill.com/en/vehicle/ussr_m3c,Ground forces,2,Medium Tank,medium_tank,USSR,R,2,0,0.0,,M3 Medium ussr_m3c Medium Tank,https://thunderskill.com/vehimgs/ussr_m3c.png,2026-10-07T10:00:23.970549+00:00
2026-10-07,1764,us_m4a2_1944_germ,M4 748 (a),https://thunderskill.com/en/vehicle/us_m4a2_1944_germ,Ground forces,2,Medium Tank,medium_tank,GERMANY,R,3,0,0.0,,M4 748 (a) us_m4a2_1944_germ Medium Tank,https://thunderskill.com/vehimgs/us_m4a2_1944_germ.png,2026-10-07T10:00:23.970549+00:00
2026-10-07,2157,us_m4a2_1944,M4A2 (1944),https://thunderskill.com/en/vehicle/us_m4a2_1944,Ground forces,2,Medium Tank,medium_tank,GERMANY,R,2,0,0.0,,M4A2 (1944) us_m4a2_1944 Medium Tank,https://thunderskill.com/vehimgs/us_m4a2_1944.png,2026-10-07T10:00:23.970549+00:00
2026-10-07,3743,ussr_m53_59_kit_4rank,M53/59 (Будь Готов!),https://thunderskill.com/en/vehicle/ussr_m53_59_kit_4rank,Ground forces,2,other,other,USSR,R,4,0,0.0,,M53/59 (Будь Готов!) ussr_m53_59_kit_4rank other,,2026-10-07T10:00:23.970549+00:00
2026-10-07,2788,us_m5a1_stuart_td,M5A1 TD,https://thunderskill.com/en/vehicle/us_m5a1_stuart_td,Ground forces,2,Light Tank,light_tank,USA,R,2,0,0.0,,M5A1 TD us_m5a1_stuart_td Light Tank,https://thunderskill.com/vehimgs/us_m5a1_stuart_td.png,2026-10-07T10:00:23.970549+00:00
2026-10-07,1179,germ_pzkpfw_38t_Marder_III,Marder III,https://thunderskill.com/en/vehicle/germ_pzkpfw_38t_Marder_III,Ground forces,2,Tank Destroyer,tank_destroyer,GERMANY,R,1,0,0.0,,Marder III germ_pzkpfw_38t_Marder_III Tank Destroyer,https://thunderskill.com/vehimgs/germ_pzkpfw_38t_marder_iii.png,2026-10-07T10:00:23.970549+00:00
2026-10-07,3503,uk_mark_v,Mark V,https://thunderskill.com/en/vehicle/uk_mark_v,Ground forces,2,Medium Tank,medium_tank,BRITAIN,R,1,0,0.0,,Mark V uk_mark_v Medium Tank,,2026-10-07T10:00:23.970549+00:00
2026-10-07,2736,uk_matilda_hedgehog,Matilda Hedgehog,https://thunderskill.com/en/vehicle/uk_matilda_hedgehog,Ground forces,2,Heavy Tank,heavy_tank,BRITAIN,R,2,0,0.0,,Matilda Hedgehog uk_matilda_hedgehog Heavy Tank,https://thunderskill.com/vehimgs/uk_matilda_hedgehog.png,2026-10-07T10:00:23.970549+00:00
2026-10-07,1926,ussr_a_12_mk_2_matilda_2A_F96,MK-II «Matilda»,https://thunderskill.com/en/vehicle/ussr_a_12_mk_2_matilda_2A_F96,Ground forces,2,Heavy Tank,heavy_tank,USSR,R,2,0,0.0,,MK-II «Matilda» ussr_a_12_mk_2_matilda_2A_F96 Heavy Tank,https://thunderskill.com/vehimgs/ussr_a_12_mk_2_matilda_2a_f96.png,2026-10-07T10:00:23.970549+00:00
2026-10-07,1998,germ_mkpz_m47,mKPz M47 G,https://thunderskill.com/en/vehicle/germ_mkpz_m47,Ground forces,2,Medium Tank,medium_tank,GERMANY,R,5,0,0.0,,mKPz M47 G germ_mkpz_m47 Medium Tank,https://thunderskill.com/vehimgs/germ_mkpz_m47.png,2026-10-07T10:00:23.970549+00:00
2026-10-07,1619,germ_nbfz_VI,Nb.Fz.,https://thunderskill.com/en/vehicle/germ_nbfz_VI,Ground forces,2,Medium Tank,medium_tank,GERMANY,R,1,0,0.0,,Nb.Fz. germ_nbfz_VI Medium Tank,https://thunderskill.com/vehimgs/germ_nbfz_vi.png,2026-10-07T10:00:23.970549+00:00
2026-10-07,3722,sw_nomads,NOMADS,https://thunderskill.com/en/vehicle/sw_nomads,Ground forces,2,other,other,SWEDEN,R,8,0,0.0,,NOMADS sw_nomads other,,2026-10-07T10:00:23.970549+00:00
2026-10-07,3426,it_9a33bm3,Osa-AKM,https://thunderskill.com/en/vehicle/it_9a33bm3,Ground forces,2,SPAA,spaa,ITALY,R,7,0,0.0,,Osa-AKM it_9a33bm3 SPAA,,2026-10-07T10:00:23.970549+00:00
2026-10-07,2051,fr_citroen_kegresse_p4t,P.7.T AA,https://thunderskill.com/en/vehicle/fr_citroen_kegresse_p4t,Ground forces,2,SPAA,spaa,FRANCE,R,1,0,0.0,,P.7.T AA fr_citroen_kegresse_p4t SPAA,https://thunderskill.com/vehimgs/fr_citroen_kegresse_p4t.png,2026-10-07T10:00:23.970549+00:00
2026-10-07,2886,sw_pbil_m40,Pbil m/40,https://thunderskill.com/en/vehicle/sw_pbil_m40,Ground forces,2,Light Tank,light_tank,SWEDEN,R,1,0,0.0,,Pbil m/40 sw_pbil_m40 Light Tank,https://thunderskill.com/vehimgs/sw_pbil_m40.png,2026-10-07T10:00:23.970549+00:00
2026-10-07,1979,ussr_type_65_aa,Phòng không T-34,https://thunderskill.com/en/vehicle/ussr_type_65_aa,Ground forces,2,SPAA,spaa,USSR,R,3,0,0.0,,Phòng không T-34 ussr_type_65_aa SPAA,https://thunderskill.com/vehimgs/ussr_type_65_aa.png,2026-10-07T10:00:23.970549+00:00
2026-10-07,3746,cn_plz_45,PLZ45,https://thunderskill.com/en/vehicle/cn_plz_45,Ground forces,2,other,other,CHINA,R,0,0,0.0,,PLZ45 cn_plz_45 other,,2026-10-07T10:00:23.970549+00:00
2026-10-07,3703,germ_schutzenpanzer_puma_vjtf_mod,Puma u14,https://thunderskill.com/en/vehicle/germ_schutzenpanzer_puma_vjtf_mod,Ground forces,2,other,other,GERMANY,R,7,0,0.0,,Puma u14 germ_schutzenpanzer_puma_vjtf_mod other,,2026-10-07T10:00:23.970549+00:00
2026-10-07,3189,germ_pzkpfw_38t_na,Pz.38(t) n.A.,https://thunderskill.com/en/vehicle/germ_pzkpfw_38t_na,Ground forces,2,Light Tank,light_tank,GERMANY,R,1,0,0.0,,Pz.38(t) n.A. germ_pzkpfw_38t_na Light Tank,https://thunderskill.com/vehimgs/germ_pzkpfw_38t_na.png,2026-10-07T10:00:23.970549+00:00
2026-10-07,1213,germ_pzkpfw_38t_ausf_F,Pz.38(t) F,https://thunderskill.com/en/vehicle/germ_pzkpfw_38t_ausf_F,Ground forces,2,Light Tank,light_tank,GERMANY,R,1,0,0.0,,Pz.38(t) F germ_pzkpfw_38t_ausf_F Light Tank,https://thunderskill.com/vehimgs/germ_pzkpfw_38t_ausf_f.png,2026-10-07T10:00:23.970549+00:00
2026-10-07,2954,germ_pzkpfw_II_ausf_C_td,Pz.II C TD,https://thunderskill.com/en/vehicle/germ_pzkpfw_II_ausf_C_td,Ground forces,2,Light Tank,light_tank,GERMANY,R,1,0,0.0,,Pz.II C TD germ_pzkpfw_II_ausf_C_td Light Tank,https://thunderskill.com/vehimgs/germ_pzkpfw_ii_ausf_c_td.png,2026-10-07T10:00:23.970549+00:00
2026-10-07,2726,germ_pzkpfw_III_ausf_J_td,Pz.III J1 TD,https://thunderskill.com/en/vehicle/germ_pzkpfw_III_ausf_J_td,Ground forces,2,Medium Tank,medium_tank,GERMANY,R,2,0,0.0,,Pz.III J1 TD germ_pzkpfw_III_ausf_J_td Medium Tank,https://thunderskill.com/vehimgs/germ_pzkpfw_iii_ausf_j_td.png,2026-10-07T10:00:23.970549+00:00
2026-10-07,3218,germ_amd_35_kwk,Pz.Sp.Wg.P204(f) KwK,https://thunderskill.com/en/vehicle/germ_amd_35_kwk,Ground forces,2,Light Tank,light_tank,GERMANY,R,1,0,0.0,,Pz.Sp.Wg.P204(f) KwK germ_amd_35_kwk Light Tank,https://thunderskill.com/vehimgs/germ_amd_35_kwk.png,2026-10-07T10:00:23.970549+00:00
2026-10-07,3761,it_pzh_2000,PzH 2000,https://thunderskill.com/en/vehicle/it_pzh_2000,Ground forces,2,other,other,ITALY,R,5,0,0.0,,PzH 2000 it_pzh_2000 other,,2026-10-07T10:00:23.970549+00:00
2026-10-07,2063,fr_renault_r39,R.35 (SA38),https://thunderskill.com/en/vehicle/fr_renault_r39,Ground forces,2,Light Tank,light_tank,FRANCE,R,1,0,0.0,,R.35 (SA38) fr_renault_r39 Light Tank,https://thunderskill.com/vehimgs/fr_renault_r39.png,2026-10-07T10:00:23.970549+00:00
2026-10-07,3557,uk_cruiser_ram_1,Ram I,https://thunderskill.com/en/vehicle/uk_cruiser_ram_1,Ground forces,2,other,other,BRITAIN,R,2,0,0.0,,Ram I uk_cruiser_ram_1 other,,2026-10-07T10:00:23.970549+00:00
2026-10-07,2057,fr_somua_sau40,SAu 40,https://thunderskill.com/en/vehicle/fr_somua_sau40,Ground forces,2,Tank Destroyer,tank_destroyer,FRANCE,R,1,0,0.0,,SAu 40 fr_somua_sau40 Tank Destroyer,https://thunderskill.com/vehimgs/fr_somua_sau40.png,2026-10-07T10:00:23.970549+00:00
2026-10-07,3092,germ_sdkfz_251_9,Sd.Kfz.251/9,https://thunderskill.com/en/vehicle/germ_sdkfz_251_9,Ground forces,2,Tank Destroyer,tank_destroyer,GERMANY,R,1,0,0.0,,Sd.Kfz.251/9 germ_sdkfz_251_9 Tank Destroyer,https://thunderskill.com/vehimgs/germ_sdkfz_251_9.png,2026-10-07T10:00:23.970549+00:00
2026-10-07,2299,uk_centurion_shot_kal_d,Sho't Kal Dalet,https://thunderskill.com/en/vehicle/uk_centurion_shot_kal_d,Ground forces,2,Medium Tank,medium_tank,BRITAIN,R,6,0,0.0,,Sho't Kal Dalet uk_centurion_shot_kal_d Medium Tank,https://thunderskill.com/vehimgs/uk_centurion_shot_kal_d.png,2026-10-07T10:00:23.970549+00:00
2026-10-07,3505,fr_saint_chamond,St-Chamond,https://thunderskill.com/en/vehicle/fr_saint_chamond,Ground forces,2,Medium Tank,medium_tank,FRANCE,R,1,0,0.0,,St-Chamond fr_saint_chamond Medium Tank,,2026-10-07T10:00:23.970549+00:00
2026-10-07,1808,uk_centurion_mk_3_ss11,Strv 81 (RB 52),https://thunderskill.com/en/vehicle/uk_centurion_mk_3_ss11,Ground forces,2,Medium Tank,medium_tank,BRITAIN,R,4,0,0.0,,Strv 81 (RB 52) uk_centurion_mk_3_ss11 Medium Tank,https://thunderskill.com/vehimgs/uk_centurion_mk_3_ss11.png,2026-10-07T10:00:23.970549+00:00
2026-10-07,2688,sw_strv_m39_td,Strv m/39 TD,https://thunderskill.com/en/vehicle/sw_strv_m39_td,Ground forces,2,Light Tank,light_tank,SWEDEN,R,1,0,0.0,,Strv m/39 TD sw_strv_m39_td Light Tank,https://thunderskill.com/vehimgs/sw_strv_m39_td.png,2026-10-07T10:00:23.970549+00:00
2026-10-07,1564,us_m5a1_stuart_canadian_5st_arm,Stuart VI (5th CAD),https://thunderskill.com/en/vehicle/us_m5a1_stuart_canadian_5st_arm,Ground forces,2,Light Tank,light_tank,USA,R,2,0,0.0,,Stuart VI (5th CAD) us_m5a1_stuart_canadian_5st_arm Light Tank,https://thunderskill.com/vehimgs/us_m5a1_stuart_canadian_5st_arm.png,2026-10-07T10:00:23.970549+00:00
2026-10-07,2278,ussr_su_57b,SU-57B,https://thunderskill.com/en/vehicle/ussr_su_57b,Ground forces,2,Tank Destroyer,tank_destroyer,USSR,R,2,0,0.0,,SU-57B ussr_su_57b Tank Destroyer,https://thunderskill.com/vehimgs/ussr_su_57b.png,2026-10-07T10:00:23.970549+00:00
2026-10-07,2827,ussr_su_76d,SU-76D,https://thunderskill.com/en/vehicle/ussr_su_76d,Ground forces,2,Tank Destroyer,tank_destroyer,USSR,R,2,0,0.0,,SU-76D ussr_su_76d Tank Destroyer,https://thunderskill.com/vehimgs/ussr_su_76d.png,2026-10-07T10:00:23.970549+00:00
2026-10-07,1781,ussr_su_76m_5st_kav_corps,SU-76M (5th Gv.Kav.Corps),https://thunderskill.com/en/vehicle/ussr_su_76m_5st_kav_corps,Ground forces,2,Tank Destroyer,tank_destroyer,USSR,R,2,0,0.0,,SU-76M (5th Gv.Kav.Corps) ussr_su_76m_5st_kav_corps Tank Destroyer,https://thunderskill.com/vehimgs/ussr_su_76m_5st_kav_corps.png,2026-10-07T10:00:23.970549+00:00
2026-10-07,2462,cn_t_26_no531,T-26 No.531,https://thunderskill.com/en/vehicle/cn_t_26_no531,Ground forces,2,Light Tank,light_tank,CHINA,R,1,0,0.0,,T-26 No.531 cn_t_26_no531 Light Tank,https://thunderskill.com/vehimgs/cn_t_26_no531.png,2026-10-07T10:00:23.970549+00:00
2026-10-07,3098,sw_vickers_mk_e_45,T-26E,https://thunderskill.com/en/vehicle/sw_vickers_mk_e_45,Ground forces,2,Light Tank,light_tank,SWEDEN,R,1,0,0.0,,T-26E sw_vickers_mk_e_45 Light Tank,https://thunderskill.com/vehimgs/sw_vickers_mk_e_45.png,2026-10-07T10:00:23.970549+00:00
2026-10-07,1692,ussr_t_26E,T-26E,https://thunderskill.com/en/vehicle/ussr_t_26E,Ground forces,2,Light Tank,light_tank,USSR,R,1,0,0.0,,T-26E ussr_t_26E Light Tank,https://thunderskill.com/vehimgs/ussr_t_26e.png,2026-10-07T10:00:23.970549+00:00
2026-10-07,1598,ussr_t_26_1940_1st_GvTBr,T-26 (1st Gv.T.Br.),https://thunderskill.com/en/vehicle/ussr_t_26_1940_1st_GvTBr,Ground forces,2,Light Tank,light_tank,USSR,R,1,0,0.0,,T-26 (1st Gv.T.Br.) ussr_t_26_1940_1st_GvTBr Light Tank,https://thunderskill.com/vehimgs/ussr_t_26_1940_1st_gvtbr.png,2026-10-07T10:00:23.970549+00:00
2026-10-07,1762,ussr_t_34_1940_l_11,T-34 (Prototype),https://thunderskill.com/en/vehicle/ussr_t_34_1940_l_11,Ground forces,2,Medium Tank,medium_tank,USSR,R,2,0,0.0,,T-34 (Prototype) ussr_t_34_1940_l_11 Medium Tank,https://thunderskill.com/vehimgs/ussr_t_34_1940_l_11.png,2026-10-07T10:00:23.970549+00:00
2026-10-07,1326,ussr_t_35,T-35,https://thunderskill.com/en/vehicle/ussr_t_35,Ground forces,2,Heavy Tank,heavy_tank,USSR,R,1,0,0.0,,T-35 ussr_t_35 Heavy Tank,https://thunderskill.com/vehimgs/ussr_t_35.png,2026-10-07T10:00:23.970549+00:00
2026-10-07,3672,sw_t_50_fin,T-50,https://thunderskill.com/en/vehicle/sw_t_50_fin,Ground forces,2,other,other,SWEDEN,R,0,0,0.0,,T-50 sw_t_50_fin other,,2026-10-07T10:00:23.970549+00:00
2026-10-07,1446,ussr_pzkpfw_III_ausf_J_L42,T-III,https://thunderskill.com/en/vehicle/ussr_pzkpfw_III_ausf_J_L42,Ground forces,2,Medium Tank,medium_tank,USSR,R,1,0,0.0,,T-III ussr_pzkpfw_III_ausf_J_L42 Medium Tank,https://thunderskill.com/vehimgs/ussr_pzkpfw_iii_ausf_j_l42.png,2026-10-07T10:00:23.970549+00:00
2026-10-07,1499,us_t28,T28,https://thunderskill.com/en/vehicle/us_t28,Ground forces,2,Tank Destroyer,tank_destroyer,USA,R,4,0,0.0,,T28 us_t28 Tank Destroyer,https://thunderskill.com/vehimgs/us_t28.png,2026-10-07T10:00:23.970549+00:00
2026-10-07,3274,us_t54e2,T54E2,https://thunderskill.com/en/vehicle/us_t54e2,Ground forces,2,Medium Tank,medium_tank,USA,R,5,0,0.0,,T54E2 us_t54e2 Medium Tank,https://thunderskill.com/vehimgs/us_t54e2.png,2026-10-07T10:00:23.970549+00:00
2026-10-07,3547,jp_type_81_tansam_launcher,Tan-SAM Kai (СОУ),https://thunderskill.com/en/vehicle/jp_type_81_tansam_launcher,Ground forces,2,SPAA,spaa,JAPAN,R,8,0,0.0,,Tan-SAM Kai (СОУ) jp_type_81_tansam_launcher SPAA,,2026-10-07T10:00:23.970549+00:00
2026-10-07,2830,it_toldi_II_a,Toldi IIA,https://thunderskill.com/en/vehicle/it_toldi_II_a,Ground forces,2,Light Tank,light_tank,ITALY,R,1,0,0.0,,Toldi IIA it_toldi_II_a Light Tank,https://thunderskill.com/vehimgs/it_toldi_ii_a.png,2026-10-07T10:00:25.445148+00:00
2026-10-07,3097,cn_tor_m1,Tor-M1,https://thunderskill.com/en/vehicle/cn_tor_m1,Ground forces,2,SPAA,spaa,CHINA,R,8,0,0.0,,Tor-M1 cn_tor_m1 SPAA,https://thunderskill.com/vehimgs/cn_tor_m1.png,2026-10-07T10:00:25.445148+00:00
2026-10-07,2179,us_m551_football,us_m551_football,https://thunderskill.com/en/vehicle/us_m551_football,Ground forces,2,Football Tank,light_tank,USA,R,6,0,0.0,,us_m551_football us_m551_football Football Tank,https://thunderskill.com/vehimgs/us_m551_football.png,2026-10-07T10:00:25.445148+00:00
2026-10-07,2180,ussr_m551_football,ussr_m551_football,https://thunderskill.com/en/vehicle/ussr_m551_football,Ground forces,2,Football Tank,light_tank,USSR,R,6,0,0.0,,ussr_m551_football ussr_m551_football Football Tank,https://thunderskill.com/vehimgs/ussr_m551_football.png,2026-10-07T10:00:25.445148+00:00
2026-10-07,1544,uk_valentine_mk_1,Valentine I,https://thunderskill.com/en/vehicle/uk_valentine_mk_1,Ground forces,2,Medium Tank,medium_tank,BRITAIN,R,2,0,0.0,,Valentine I uk_valentine_mk_1 Medium Tank,https://thunderskill.com/vehimgs/uk_valentine_mk_1.png,2026-10-07T10:00:25.445148+00:00
2026-10-07,3073,sw_vickers_mk_e_37,Vickers Mk.E,https://thunderskill.com/en/vehicle/sw_vickers_mk_e_37,Ground forces,2,Light Tank,light_tank,SWEDEN,R,1,0,0.0,,Vickers Mk.E sw_vickers_mk_e_37 Light Tank,https://thunderskill.com/vehimgs/sw_vickers_mk_e_37.png,2026-10-07T10:00:25.445148+00:00
2026-10-07,3227,it_40_43m_zrinyi_2,Zrinyi II,https://thunderskill.com/en/vehicle/it_40_43m_zrinyi_2,Ground forces,2,Tank Destroyer,tank_destroyer,ITALY,R,2,0,0.0,,Zrinyi II it_40_43m_zrinyi_2 Tank Destroyer,https://thunderskill.com/vehimgs/it_40_43m_zrinyi_2.png,2026-10-07T10:00:25.445148+00:00
2026-10-07,1451,ussr_zut_37,ZUT-37,https://thunderskill.com/en/vehicle/ussr_zut_37,Ground forces,2,SPAA,spaa,USSR,R,2,0,0.0,,ZUT-37 ussr_zut_37 SPAA,https://thunderskill.com/vehimgs/ussr_zut_37.png,2026-10-07T10:00:25.445148+00:00
2026-10-07,3504,ussr_garford_putilov,Гарфордъ,https://thunderskill.com/en/vehicle/ussr_garford_putilov,Ground forces,2,Light Tank,light_tank,USSR,R,1,0,0.0,,Гарфордъ ussr_garford_putilov Light Tank,,2026-10-07T10:00:25.445148+00:00
2026-10-07,3467,it_9a35_m,Стрела-10М,https://thunderskill.com/en/vehicle/it_9a35_m,Ground forces,2,SPAA,spaa,ITALY,R,7,0,0.0,,Стрела-10М it_9a35_m SPAA,,2026-10-07T10:00:25.445148+00:00
2026-10-07,2466,cn_isu_122,␗ISU-122,https://thunderskill.com/en/vehicle/cn_isu_122,Ground forces,2,Tank Destroyer,tank_destroyer,CHINA,R,4,0,0.0,,␗ISU-122 cn_isu_122 Tank Destroyer,https://thunderskill.com/vehimgs/cn_isu_122.png,2026-10-07T10:00:25.445148+00:00
2026-10-07,2994,cn_m3a3_stuart_1st_ptg,␗M3A3 (1st PTG),https://thunderskill.com/en/vehicle/cn_m3a3_stuart_1st_ptg,Ground forces,2,Light Tank,light_tank,CHINA,R,2,0,0.0,,␗M3A3 (1st PTG) cn_m3a3_stuart_1st_ptg Light Tank,https://thunderskill.com/vehimgs/cn_m3a3_stuart_1st_ptg.png,2026-10-07T10:00:25.445148+00:00
2026-10-07,2447,cn_m3a3_stuart,␗M3A3 Stuart,https://thunderskill.com/en/vehicle/cn_m3a3_stuart,Ground forces,2,Light Tank,light_tank,CHINA,R,2,0,0.0,,␗M3A3 Stuart cn_m3a3_stuart Light Tank,https://thunderskill.com/vehimgs/cn_m3a3_stuart.png,2026-10-07T10:00:25.445148+00:00
2026-10-07,2451,cn_m5a1_stuart,␗M5A1,https://thunderskill.com/en/vehicle/cn_m5a1_stuart,Ground forces,2,Light Tank,light_tank,CHINA,R,2,0,0.0,,␗M5A1 cn_m5a1_stuart Light Tank,https://thunderskill.com/vehimgs/cn_m5a1_stuart.png,2026-10-07T10:00:25.445148+00:00
2026-10-07,2457,cn_pt_76,␗PT-76,https://thunderskill.com/en/vehicle/cn_pt_76,Ground forces,2,Light Tank,light_tank,CHINA,R,3,0,0.0,,␗PT-76 cn_pt_76 Light Tank,https://thunderskill.com/vehimgs/cn_pt_76.png,2026-10-07T10:00:25.445148+00:00
2026-10-07,2452,cn_su_76m_1943,␗SU-76M,https://thunderskill.com/en/vehicle/cn_su_76m_1943,Ground forces,2,Tank Destroyer,tank_destroyer,CHINA,R,1,0,0.0,,␗SU-76M cn_su_76m_1943 Tank Destroyer,https://thunderskill.com/vehimgs/cn_su_76m_1943.png,2026-10-07T10:00:25.445148+00:00
2026-10-07,2422,cn_t_26_1940,␗T-26,https://thunderskill.com/en/vehicle/cn_t_26_1940,Ground forces,2,Light Tank,light_tank,CHINA,R,1,0,0.0,,␗T-26 cn_t_26_1940 Light Tank,https://thunderskill.com/vehimgs/cn_t_26_1940.png,2026-10-07T10:00:25.445148+00:00
2026-10-07,2416,uk_challenger_II_yt_cup_2019,␙Challenger 2,https://thunderskill.com/en/vehicle/uk_challenger_II_yt_cup_2019,Ground forces,2,Medium Tank,medium_tank,BRITAIN,R,7,0,0.0,,␙Challenger 2 uk_challenger_II_yt_cup_2019 Medium Tank,https://thunderskill.com/vehimgs/uk_challenger_ii_yt_cup_2019.png,2026-10-07T10:00:25.445148+00:00
2026-10-07,2418,germ_leopard_2a5_yt_cup_2019,␙Leopard 2A5,https://thunderskill.com/en/vehicle/germ_leopard_2a5_yt_cup_2019,Ground forces,2,Medium Tank,medium_tank,GERMANY,R,8,0,0.0,,␙Leopard 2A5 germ_leopard_2a5_yt_cup_2019 Medium Tank,https://thunderskill.com/vehimgs/germ_leopard_2a5_yt_cup_2019.png,2026-10-07T10:00:25.445148+00:00
2026-10-07,2417,us_m1a1_abrams_yt_cup_2019,␙M1A1,https://thunderskill.com/en/vehicle/us_m1a1_abrams_yt_cup_2019,Ground forces,2,Medium Tank,medium_tank,USA,R,7,0,0.0,,␙M1A1 us_m1a1_abrams_yt_cup_2019 Medium Tank,https://thunderskill.com/vehimgs/us_m1a1_abrams_yt_cup_2019.png,2026-10-07T10:00:25.445148+00:00
2026-10-07,2415,ussr_t_80u_yt_cup_2019,␙T-80U,https://thunderskill.com/en/vehicle/ussr_t_80u_yt_cup_2019,Ground forces,2,Medium Tank,medium_tank,USSR,R,7,0,0.0,,␙T-80U ussr_t_80u_yt_cup_2019 Medium Tank,https://thunderskill.com/vehimgs/ussr_t_80u_yt_cup_2019.png,2026-10-07T10:00:25.445148+00:00
2026-10-07,3163,us_lvt_a_1_trb,○LVT(A)(1),https://thunderskill.com/en/vehicle/us_lvt_a_1_trb,Ground forces,2,Light Tank,light_tank,USA,R,1,0,0.0,,○LVT(A)(1) us_lvt_a_1_trb Light Tank,https://thunderskill.com/vehimgs/us_lvt_a_1_trb.png,2026-10-07T10:00:25.445148+00:00
2026-10-07,3766,il_9a33bm3,◐Osa-AKM,https://thunderskill.com/en/vehicle/il_9a33bm3,Ground forces,2,other,other,ISRAEL,R,7,0,0.0,,◐Osa-AKM il_9a33bm3 other,,2026-10-07T10:00:25.445148+00:00
2026-10-07,3764,il_tor_m1,◐Tor-M1,https://thunderskill.com/en/vehicle/il_tor_m1,Ground forces,2,other,other,ISRAEL,R,7,0,0.0,,◐Tor-M1 il_tor_m1 other,,2026-10-07T10:00:25.445148+00:00
